order_id,user_id,order_date,category,status,order_amount_usd,discount_usd
ORD-10001,U1000,2026-02-28 00:00:00,Beauty,completed,78.82,14.08
ORD-10002,U1001,2026-03-28 00:00:00,Home & Living,completed,214.24,0.0
ORD-10003,U1002,2026-03-16 00:00:00,Beauty,completed,72.36,9.67
ORD-10004,U1002,2026-04-09 00:00:00,Beauty,completed,28.53,0.0
ORD-10005,U1002,2026-04-21 00:00:00,Home & Living,completed,292.8,0.0
ORD-10006,U1002,2026-04-25 00:00:00,Electronics,completed,515.0,0.0
ORD-10007,U1002,2026-05-02 00:00:00,Sports,completed,28.35,0.0
ORD-10008,U1003,2026-02-25 00:00:00,Electronics,completed,124.99,18.11
ORD-10009,U1003,2026-03-03 00:00:00,Sports,completed,56.39,0.0
ORD-10010,U1003,2026-03-11 00:00:00,Electronics,completed,554.21,0.0
ORD-10011,U1003,2026-03-20 00:00:00,Electronics,completed,603.13,0.0
ORD-10012,U1004,2026-03-02 00:00:00,Sports,completed,26.16,0.0
ORD-10013,U1004,2026-03-10 00:00:00,Electronics,completed,100.04,15.89
ORD-10014,U1005,2026-02-25 00:00:00,Beauty,completed,44.2,6.61
ORD-10015,U1005,2026-03-13 00:00:00,Electronics,completed,484.3,64.79
ORD-10016,U1006,2026-01-09 00:00:00,Fashion,completed,115.43,0.0
ORD-10017,U1006,2026-01-23 00:00:00,Fashion,completed,91.48,9.73
ORD-10018,U1007,2026-03-21 00:00:00,Sports,completed,76.24,0.0
ORD-10019,U1010,2026-01-10 00:00:00,Beauty,completed,91.51,0.0
ORD-10020,U1010,2026-01-12 00:00:00,Home & Living,completed,319.85,0.0
ORD-10021,U1011,2026-03-31 00:00:00,Home & Living,completed,145.27,0.0
ORD-10022,U1015,2026-01-30 00:00:00,Fashion,refunded,107.59,0.0
ORD-10023,U1015,2026-02-16 00:00:00,Home & Living,completed,259.28,39.53
ORD-10024,U1015,2026-02-28 00:00:00,Home & Living,completed,88.97,0.0
ORD-10025,U1015,2026-03-16 00:00:00,Beauty,refunded,86.4,17.2
ORD-10026,U1015,2026-03-30 00:00:00,Sports,completed,31.25,3.12
ORD-10027,U1015,2026-04-03 00:00:00,Electronics,completed,196.69,0.0
ORD-10028,U1015,2026-04-08 00:00:00,Home & Living,completed,118.22,0.0
ORD-10029,U1016,2026-02-23 00:00:00,Beauty,completed,35.76,6.03
ORD-10030,U1018,2026-02-28 00:00:00,Home & Living,completed,65.15,4.46
ORD-10031,U1020,2026-03-10 00:00:00,Electronics,completed,604.76,145.75
ORD-10032,U1022,2026-01-31 00:00:00,Beauty,completed,114.52,13.45
ORD-10033,U1022,2026-02-01 00:00:00,Fashion,completed,162.76,0.0
ORD-10034,U1023,2026-02-06 00:00:00,Fashion,completed,48.47,0.0
ORD-10035,U1025,2026-03-24 00:00:00,Fashion,completed,173.16,20.95
ORD-10036,U1026,2026-01-27 00:00:00,Fashion,completed,175.67,21.23
ORD-10037,U1027,2026-02-19 00:00:00,Fashion,completed,109.34,0.0
ORD-10038,U1027,2026-03-03 00:00:00,Sports,completed,98.73,0.0
ORD-10039,U1027,2026-03-11 00:00:00,Home & Living,completed,45.06,0.0
ORD-10040,U1028,2026-03-17 00:00:00,Electronics,completed,583.21,0.0
ORD-10041,U1028,2026-03-20 00:00:00,Fashion,refunded,155.59,0.0
ORD-10042,U1028,2026-03-22 00:00:00,Beauty,cancelled,82.01,0.0
ORD-10043,U1030,2026-03-09 00:00:00,Sports,completed,80.3,0.0
ORD-10044,U1030,2026-03-19 00:00:00,Sports,completed,74.08,0.0
ORD-10045,U1030,2026-03-22 00:00:00,Sports,completed,25.76,0.0
ORD-10046,U1031,2026-02-26 00:00:00,Sports,completed,119.23,0.0
ORD-10047,U1031,2026-03-12 00:00:00,Fashion,completed,73.28,0.0
ORD-10048,U1031,2026-03-20 00:00:00,Electronics,completed,173.26,0.0
ORD-10049,U1031,2026-03-21 00:00:00,Fashion,completed,106.52,0.0
ORD-10050,U1032,2026-01-10 00:00:00,Electronics,completed,275.05,44.67
ORD-10051,U1032,2026-01-12 00:00:00,Home & Living,completed,182.66,0.0
ORD-10052,U1032,2026-01-14 00:00:00,Fashion,cancelled,128.64,23.99
ORD-10053,U1034,2026-04-01 00:00:00,Sports,completed,40.53,0.0
ORD-10054,U1034,2026-04-04 00:00:00,Beauty,completed,109.53,0.0
ORD-10055,U1035,2026-04-03 00:00:00,Beauty,completed,22.67,5.58
ORD-10056,U1035,2026-04-18 00:00:00,Home & Living,completed,89.09,7.11
ORD-10057,U1035,2026-04-26 00:00:00,Fashion,cancelled,108.79,0.0
ORD-10058,U1036,2026-02-05 00:00:00,Electronics,completed,388.71,0.0
ORD-10059,U1037,2026-01-18 00:00:00,Electronics,completed,553.22,0.0
ORD-10060,U1037,2026-02-20 00:00:00,Home & Living,completed,187.22,0.0
ORD-10061,U1037,2026-03-28 00:00:00,Fashion,completed,162.92,0.0
ORD-10062,U1040,2026-01-21 00:00:00,Sports,completed,42.94,0.0
ORD-10063,U1040,2026-02-03 00:00:00,Beauty,refunded,93.77,0.0
ORD-10064,U1040,2026-02-07 00:00:00,Home & Living,completed,132.27,0.0
ORD-10065,U1041,2026-02-17 00:00:00,Beauty,completed,115.82,0.0
ORD-10066,U1041,2026-02-18 00:00:00,Sports,completed,46.42,0.0
ORD-10067,U1041,2026-02-21 00:00:00,Electronics,completed,151.6,34.44
ORD-10068,U1041,2026-03-09 00:00:00,Fashion,completed,162.55,19.06
ORD-10069,U1041,2026-03-11 00:00:00,Sports,completed,114.49,0.0
ORD-10070,U1042,2026-02-08 00:00:00,Electronics,completed,373.66,0.0
ORD-10071,U1042,2026-02-18 00:00:00,Electronics,completed,624.02,0.0
ORD-10072,U1042,2026-03-06 00:00:00,Home & Living,refunded,223.91,17.64
ORD-10073,U1043,2026-03-28 00:00:00,Beauty,completed,103.32,0.0
ORD-10074,U1043,2026-04-02 00:00:00,Electronics,refunded,491.1,91.86
ORD-10075,U1044,2026-03-01 00:00:00,Home & Living,completed,267.21,42.12
ORD-10076,U1044,2026-04-03 00:00:00,Beauty,completed,91.26,12.76
ORD-10077,U1044,2026-04-13 00:00:00,Fashion,completed,141.83,0.0
ORD-10078,U1044,2026-04-30 00:00:00,Home & Living,completed,216.36,0.0
ORD-10080,U1046,2026-02-20 00:00:00,Electronics,completed,237.86,45.48
ORD-10081,U1046,2026-02-26 00:00:00,Sports,completed,28.72,0.0
ORD-10082,U1048,2026-02-21 00:00:00,Fashion,completed,155.37,28.23
ORD-10083,U1049,2026-01-23 00:00:00,Sports,completed,20.49,0.0
ORD-10084,U1050,2026-04-02 00:00:00,Sports,completed,93.46,14.71
ORD-10085,U1050,2026-04-14 00:00:00,Sports,refunded,98.22,6.22
ORD-10086,U1052,2026-04-18 00:00:00,Fashion,completed,61.05,7.03
ORD-10087,U1052,2026-05-20 00:00:00,Home & Living,completed,227.41,0.0
ORD-10088,U1053,2026-04-11 00:00:00,Sports,refunded,50.32,0.0
ORD-10089,U1054,2026-02-27 00:00:00,Fashion,completed,93.52,14.44
ORD-10090,U1054,2026-02-28 00:00:00,Fashion,completed,29.01,4.66
ORD-10091,U1054,2026-03-04 00:00:00,Fashion,completed,62.22,5.4
ORD-10092,U1056,2026-01-18 00:00:00,Sports,completed,50.82,0.0
ORD-10093,U1056,2026-01-26 00:00:00,Beauty,completed,81.87,0.0
ORD-10094,U1056,2026-01-27 00:00:00,Sports,cancelled,53.9,0.0
ORD-10095,U1057,2026-01-20 00:00:00,Fashion,completed,92.84,17.99
ORD-10096,U1057,2026-01-24 00:00:00,Electronics,completed,338.76,42.96
ORD-10097,U1057,2026-02-10 00:00:00,Beauty,completed,41.46,0.0
ORD-10098,U1057,2026-02-20 00:00:00,Electronics,completed,618.34,95.24
ORD-10099,U1058,2026-02-02 00:00:00,Beauty,completed,47.38,0.0
ORD-10100,U1058,2026-02-06 00:00:00,Electronics,completed,138.05,0.0
ORD-10101,U1058,2026-02-12 00:00:00,Fashion,completed,56.14,8.7
ORD-10102,U1058,2026-03-03 00:00:00,Electronics,completed,546.47,115.61
ORD-10103,U1059,2026-02-06 00:00:00,Beauty,cancelled,72.68,0.0
ORD-10104,U1059,2026-02-07 00:00:00,Electronics,completed,596.91,0.0
ORD-10105,U1059,2026-02-15 00:00:00,Home & Living,completed,208.55,0.0
ORD-10106,U1060,2026-02-20 00:00:00,Electronics,completed,569.62,127.02
ORD-10107,U1063,2026-02-07 00:00:00,Fashion,completed,138.06,0.0
ORD-10108,U1064,2026-02-15 00:00:00,Sports,completed,94.46,18.79
ORD-10109,U1064,2026-02-17 00:00:00,Electronics,completed,448.43,0.0
ORD-10110,U1065,2026-03-02 00:00:00,Sports,completed,41.59,0.0
ORD-10111,U1065,2026-03-15 00:00:00,Electronics,completed,508.84,78.06
ORD-10112,U1066,2026-01-27 00:00:00,Home & Living,completed,60.37,0.0
ORD-10113,U1067,2026-03-24 00:00:00,Fashion,completed,127.59,0.0
ORD-10114,U1067,2026-03-29 00:00:00,Beauty,completed,38.86,0.0
ORD-10115,U1067,2026-04-18 00:00:00,Beauty,cancelled,72.23,0.0
ORD-10116,U1067,2026-04-20 00:00:00,Electronics,completed,330.04,25.11
ORD-10117,U1069,2026-04-07 00:00:00,Electronics,completed,585.5,0.0
ORD-10118,U1071,2026-01-19 00:00:00,Sports,completed,115.96,0.0
ORD-10119,U1071,2026-01-23 00:00:00,Electronics,completed,317.48,58.06
ORD-10120,U1071,2026-01-26 00:00:00,Sports,completed,40.0,0.0
ORD-10121,U1071,2026-01-28 00:00:00,Beauty,completed,82.13,0.0
ORD-10122,U1072,2026-01-18 00:00:00,Home & Living,completed,154.21,24.92
ORD-10123,U1072,2026-01-20 00:00:00,Beauty,completed,62.21,0.0
ORD-10124,U1073,2026-03-19 00:00:00,Home & Living,completed,208.51,50.98
ORD-10125,U1074,2026-03-17 00:00:00,Fashion,completed,69.52,0.0
ORD-10126,U1074,2026-03-18 00:00:00,Beauty,completed,60.13,11.87
ORD-10127,U1075,2026-03-13 00:00:00,Sports,cancelled,67.83,13.28
ORD-10128,U1076,2026-04-03 00:00:00,Fashion,completed,88.6,6.64
ORD-10129,U1076,2026-04-17 00:00:00,Electronics,completed,225.16,0.0
ORD-10130,U1076,2026-04-19 00:00:00,Fashion,completed,33.85,3.18
ORD-10131,U1076,2026-04-26 00:00:00,Electronics,completed,501.5,0.0
ORD-10132,U1077,2026-01-08 00:00:00,Electronics,completed,459.92,0.0
ORD-10133,U1077,2026-01-09 00:00:00,Beauty,completed,112.91,0.0
ORD-10134,U1077,2026-01-17 00:00:00,Fashion,completed,169.48,0.0
ORD-10135,U1077,2026-01-21 00:00:00,Fashion,completed,105.23,25.51
ORD-10136,U1078,2026-02-07 00:00:00,Fashion,completed,165.14,20.37
ORD-10137,U1078,2026-02-10 00:00:00,Beauty,completed,76.49,0.0
ORD-10138,U1079,2026-01-16 00:00:00,Fashion,completed,73.03,0.0
ORD-10139,U1079,2026-02-09 00:00:00,Electronics,completed,473.2,0.0
ORD-10140,U1080,2026-05-17 00:00:00,Home & Living,refunded,217.49,50.41
ORD-10141,U1080,2026-05-18 00:00:00,Electronics,completed,194.36,0.0
ORD-10142,U1080,2026-05-23 00:00:00,Electronics,completed,626.05,0.0
ORD-10144,U1081,2026-03-05 00:00:00,Fashion,completed,53.0,0.0
ORD-10145,U1081,2026-03-06 00:00:00,Electronics,cancelled,197.36,28.24
ORD-10146,U1081,2026-04-08 00:00:00,Beauty,completed,52.61,8.0
ORD-10147,U1081,2026-05-06 00:00:00,Fashion,completed,154.41,0.0
ORD-10148,U1081,2026-05-08 00:00:00,Fashion,completed,149.24,0.0
ORD-10149,U1082,2026-02-11 00:00:00,Home & Living,completed,113.5,10.92
ORD-10150,U1082,2026-03-06 00:00:00,Sports,completed,22.32,5.25
ORD-10151,U1082,2026-03-12 00:00:00,Beauty,completed,54.83,0.0
ORD-10152,U1082,2026-03-19 00:00:00,Beauty,cancelled,105.93,23.32
ORD-10153,U1082,2026-03-29 00:00:00,Sports,completed,57.32,0.0
ORD-10154,U1083,2026-01-08 00:00:00,Beauty,completed,31.69,4.41
ORD-10155,U1084,2026-02-14 00:00:00,Sports,completed,100.26,0.0
ORD-10156,U1084,2026-02-15 00:00:00,Electronics,cancelled,515.08,49.31
ORD-10157,U1086,2026-03-15 00:00:00,Home & Living,completed,171.08,0.0
ORD-10158,U1086,2026-03-22 00:00:00,Electronics,completed,480.5,0.0
ORD-10159,U1087,2026-03-12 00:00:00,Beauty,completed,28.28,0.0
ORD-10160,U1087,2026-03-25 00:00:00,Beauty,completed,22.94,0.0
ORD-10161,U1087,2026-04-17 00:00:00,Beauty,completed,60.78,0.0
ORD-10162,U1087,2026-05-05 00:00:00,Electronics,completed,463.2,0.0
ORD-10163,U1087,2026-05-11 00:00:00,Electronics,completed,560.24,76.13
ORD-10164,U1087,2026-05-14 00:00:00,Sports,completed,114.42,11.21
ORD-10166,U1088,2026-04-20 00:00:00,Electronics,completed,547.88,99.86
ORD-10167,U1088,2026-04-26 00:00:00,Home & Living,completed,138.18,0.0
ORD-10168,U1088,2026-04-27 00:00:00,Beauty,completed,85.97,4.56
ORD-10169,U1089,2026-02-13 00:00:00,Electronics,completed,594.45,136.03
ORD-10170,U1089,2026-03-02 00:00:00,Fashion,completed,173.74,0.0
ORD-10171,U1089,2026-03-11 00:00:00,Home & Living,completed,245.16,0.0
ORD-10172,U1091,2026-03-19 00:00:00,Sports,completed,61.8,0.0
ORD-10173,U1092,2026-03-24 00:00:00,Beauty,completed,77.04,0.0
ORD-10174,U1092,2026-04-26 00:00:00,Electronics,completed,472.28,0.0
ORD-10175,U1094,2026-03-16 00:00:00,Home & Living,completed,175.46,0.0
ORD-10176,U1094,2026-04-05 00:00:00,Electronics,completed,310.27,0.0
ORD-10177,U1094,2026-04-10 00:00:00,Sports,completed,28.76,0.0
ORD-10178,U1094,2026-04-19 00:00:00,Home & Living,completed,298.86,0.0
ORD-10179,U1094,2026-04-20 00:00:00,Sports,completed,67.89,11.19
ORD-10180,U1095,2026-02-19 00:00:00,Beauty,completed,60.44,0.0
ORD-10181,U1095,2026-02-20 00:00:00,Home & Living,completed,213.2,14.32
ORD-10182,U1095,2026-03-23 00:00:00,Beauty,completed,62.49,6.99
ORD-10183,U1095,2026-04-14 00:00:00,Electronics,refunded,631.61,157.68
ORD-10184,U1097,2026-02-22 00:00:00,Fashion,completed,161.63,0.0
ORD-10185,U1097,2026-03-25 00:00:00,Fashion,completed,131.7,27.33
ORD-10186,U1098,2026-01-18 00:00:00,Sports,cancelled,27.86,0.0
ORD-10187,U1099,2026-01-11 00:00:00,Electronics,cancelled,352.86,70.74
ORD-10188,U1099,2026-01-21 00:00:00,Fashion,completed,167.25,41.28
ORD-10189,U1100,2026-01-11 00:00:00,Beauty,completed,19.87,0.0
ORD-10190,U1100,2026-02-07 00:00:00,Sports,completed,23.1,4.18
ORD-10191,U1100,2026-02-11 00:00:00,Fashion,completed,66.9,0.0
ORD-10192,U1101,2026-03-10 00:00:00,Fashion,completed,35.87,0.0
ORD-10193,U1102,2026-02-10 00:00:00,Home & Living,completed,168.31,16.55
ORD-10194,U1102,2026-03-09 00:00:00,Home & Living,completed,266.17,0.0
ORD-10195,U1102,2026-04-18 00:00:00,Fashion,completed,57.63,0.0
ORD-10196,U1103,2026-03-05 00:00:00,Fashion,completed,99.09,0.0
ORD-10197,U1103,2026-03-07 00:00:00,Fashion,completed,166.75,33.6
ORD-10198,U1103,2026-03-27 00:00:00,Home & Living,cancelled,191.69,38.96
ORD-10199,U1103,2026-05-02 00:00:00,Fashion,completed,160.62,37.43
ORD-10200,U1104,2026-04-10 00:00:00,Beauty,completed,98.44,0.0
ORD-10201,U1104,2026-04-14 00:00:00,Electronics,completed,428.64,0.0
ORD-10202,U1105,2026-02-28 00:00:00,Sports,refunded,28.81,6.6
ORD-10203,U1105,2026-03-24 00:00:00,Beauty,completed,74.8,12.14
ORD-10204,U1105,2026-04-11 00:00:00,Fashion,completed,109.3,15.81
ORD-10205,U1105,2026-05-06 00:00:00,Fashion,completed,141.82,0.0
ORD-10206,U1105,2026-05-07 00:00:00,Beauty,completed,70.85,4.21
ORD-10207,U1105,2026-05-31 00:00:00,Fashion,completed,51.21,7.07
ORD-10208,U1106,2026-02-13 00:00:00,Electronics,completed,108.79,21.11
ORD-10209,U1106,2026-02-17 00:00:00,Electronics,completed,461.87,97.54
ORD-10210,U1106,2026-02-20 00:00:00,Fashion,cancelled,94.43,0.0
ORD-10211,U1112,2026-04-12 00:00:00,Electronics,completed,425.43,0.0
ORD-10212,U1112,2026-04-14 00:00:00,Electronics,completed,380.67,0.0
ORD-10213,U1113,2026-03-24 00:00:00,Beauty,completed,90.85,6.47
ORD-10214,U1113,2026-03-27 00:00:00,Fashion,completed,163.85,0.0
ORD-10215,U1113,2026-05-07 00:00:00,Electronics,completed,153.55,0.0
ORD-10217,U1115,2026-03-25 00:00:00,Beauty,completed,57.25,7.92
ORD-10218,U1115,2026-03-29 00:00:00,Beauty,completed,21.97,0.0
ORD-10219,U1115,2026-04-11 00:00:00,Electronics,completed,262.82,0.0
ORD-10220,U1115,2026-04-23 00:00:00,Beauty,completed,88.8,7.88
ORD-10221,U1115,2026-05-10 00:00:00,Home & Living,completed,67.4,0.0
ORD-10222,U1119,2026-03-21 00:00:00,Beauty,cancelled,83.69,0.0
ORD-10223,U1119,2026-03-28 00:00:00,Electronics,completed,372.17,52.47
ORD-10224,U1119,2026-04-12 00:00:00,Home & Living,completed,195.87,0.0
ORD-10225,U1119,2026-04-15 00:00:00,Sports,refunded,32.69,0.0
ORD-10226,U1120,2026-04-08 00:00:00,Beauty,completed,62.65,0.0
ORD-10227,U1121,2026-03-31 00:00:00,Sports,completed,69.04,13.04
ORD-10228,U1121,2026-04-05 00:00:00,Fashion,completed,71.24,5.89
ORD-10229,U1122,2026-02-12 00:00:00,Fashion,completed,155.41,0.0
ORD-10230,U1122,2026-02-16 00:00:00,Home & Living,completed,120.15,0.0
ORD-10231,U1122,2026-02-17 00:00:00,Beauty,completed,92.59,0.0
ORD-10232,U1124,2026-02-02 00:00:00,Beauty,completed,75.1,0.0
ORD-10233,U1126,2026-03-18 00:00:00,Electronics,completed,131.03,0.0
ORD-10234,U1126,2026-03-27 00:00:00,Home & Living,completed,175.87,0.0
ORD-10235,U1126,2026-03-30 00:00:00,Beauty,completed,27.2,0.0
ORD-10236,U1126,2026-04-02 00:00:00,Beauty,completed,58.66,0.0
ORD-10237,U1126,2026-04-04 00:00:00,Home & Living,completed,55.43,0.0
ORD-10238,U1126,2026-04-07 00:00:00,Sports,completed,60.32,0.0
ORD-10239,U1126,2026-04-16 00:00:00,Home & Living,completed,103.71,7.83
ORD-10240,U1126,2026-04-17 00:00:00,Fashion,completed,124.94,23.94
ORD-10241,U1126,2026-04-21 00:00:00,Sports,completed,102.53,23.43
ORD-10242,U1127,2026-03-21 00:00:00,Beauty,completed,118.29,0.0
ORD-10243,U1127,2026-05-28 00:00:00,Electronics,completed,600.87,0.0
ORD-10244,U1128,2026-01-14 00:00:00,Electronics,completed,246.11,27.49
ORD-10245,U1128,2026-01-25 00:00:00,Electronics,completed,363.39,0.0
ORD-10246,U1128,2026-02-19 00:00:00,Home & Living,completed,66.63,13.0
ORD-10247,U1128,2026-03-07 00:00:00,Sports,refunded,86.26,0.0
ORD-10248,U1128,2026-03-18 00:00:00,Beauty,completed,113.0,0.0
ORD-10249,U1130,2026-02-19 00:00:00,Electronics,completed,564.68,103.76
ORD-10250,U1131,2026-01-22 00:00:00,Fashion,completed,59.91,0.0
ORD-10251,U1132,2026-01-14 00:00:00,Sports,completed,66.85,0.0
ORD-10252,U1132,2026-01-23 00:00:00,Beauty,completed,72.67,0.0
ORD-10253,U1133,2026-02-13 00:00:00,Fashion,completed,80.0,0.0
ORD-10254,U1133,2026-02-23 00:00:00,Sports,completed,59.89,7.6
ORD-10255,U1133,2026-02-25 00:00:00,Electronics,completed,559.05,0.0
ORD-10256,U1134,2026-04-02 00:00:00,Electronics,completed,578.69,0.0
ORD-10257,U1134,2026-04-19 00:00:00,Sports,completed,19.9,0.0
ORD-10258,U1135,2026-03-06 00:00:00,Fashion,completed,102.59,0.0
ORD-10259,U1135,2026-03-10 00:00:00,Electronics,completed,187.52,0.0
ORD-10260,U1135,2026-03-30 00:00:00,Home & Living,completed,216.64,23.51
ORD-10261,U1136,2026-02-20 00:00:00,Beauty,completed,18.96,0.0
ORD-10262,U1136,2026-02-22 00:00:00,Fashion,completed,71.2,0.0
ORD-10263,U1136,2026-03-27 00:00:00,Home & Living,completed,296.66,0.0
ORD-10264,U1136,2026-04-03 00:00:00,Electronics,completed,465.32,0.0
ORD-10265,U1136,2026-04-09 00:00:00,Fashion,completed,152.82,0.0
ORD-10266,U1137,2026-03-28 00:00:00,Electronics,completed,147.01,0.0
ORD-10267,U1139,2026-04-12 00:00:00,Fashion,completed,146.91,34.21
ORD-10268,U1140,2026-04-23 00:00:00,Electronics,cancelled,200.39,17.19
ORD-10269,U1140,2026-04-30 00:00:00,Home & Living,completed,50.94,0.0
ORD-10271,U1141,2026-02-06 00:00:00,Beauty,completed,31.51,0.0
ORD-10272,U1142,2026-02-21 00:00:00,Fashion,completed,42.46,0.0
ORD-10273,U1142,2026-03-02 00:00:00,Home & Living,cancelled,274.6,0.0
ORD-10274,U1142,2026-03-04 00:00:00,Sports,completed,20.91,2.93
ORD-10275,U1142,2026-03-11 00:00:00,Sports,completed,32.3,0.0
ORD-10276,U1142,2026-03-14 00:00:00,Electronics,completed,470.7,0.0
ORD-10277,U1142,2026-04-10 00:00:00,Home & Living,completed,267.45,0.0
ORD-10278,U1143,2026-02-05 00:00:00,Home & Living,completed,277.98,0.0
ORD-10279,U1143,2026-02-10 00:00:00,Electronics,completed,462.6,90.35
ORD-10280,U1143,2026-02-17 00:00:00,Sports,cancelled,95.83,0.0
ORD-10281,U1144,2026-02-06 00:00:00,Electronics,cancelled,629.87,38.22
ORD-10282,U1144,2026-02-16 00:00:00,Home & Living,completed,195.55,0.0
ORD-10283,U1145,2026-01-16 00:00:00,Electronics,completed,404.63,0.0
ORD-10284,U1146,2026-02-26 00:00:00,Home & Living,completed,156.04,0.0
ORD-10285,U1146,2026-03-02 00:00:00,Electronics,completed,136.99,22.2
ORD-10286,U1146,2026-03-22 00:00:00,Home & Living,completed,195.17,0.0
ORD-10287,U1147,2026-02-21 00:00:00,Beauty,completed,44.34,0.0
ORD-10288,U1149,2026-02-08 00:00:00,Home & Living,completed,195.14,0.0
ORD-10289,U1150,2026-03-25 00:00:00,Home & Living,completed,238.11,0.0
ORD-10290,U1150,2026-03-28 00:00:00,Home & Living,completed,40.22,0.0
ORD-10291,U1150,2026-04-10 00:00:00,Sports,completed,69.23,0.0
ORD-10292,U1150,2026-04-13 00:00:00,Beauty,completed,32.21,0.0
ORD-10293,U1150,2026-04-21 00:00:00,Electronics,cancelled,333.51,17.59
ORD-10294,U1150,2026-04-23 00:00:00,Beauty,completed,87.25,11.78
ORD-10295,U1151,2026-02-17 00:00:00,Fashion,completed,55.45,0.0
ORD-10296,U1152,2026-01-27 00:00:00,Electronics,completed,380.87,0.0
ORD-10297,U1152,2026-02-09 00:00:00,Sports,completed,105.08,24.67
ORD-10298,U1152,2026-02-26 00:00:00,Sports,completed,99.35,0.0
ORD-10299,U1153,2026-03-12 00:00:00,Beauty,completed,45.12,5.86
ORD-10300,U1154,2026-04-05 00:00:00,Sports,completed,38.03,0.0
ORD-10301,U1154,2026-04-21 00:00:00,Home & Living,completed,81.13,0.0
ORD-10302,U1154,2026-04-24 00:00:00,Electronics,completed,101.56,25.11
ORD-10303,U1157,2026-03-14 00:00:00,Home & Living,completed,106.98,0.0
ORD-10304,U1157,2026-03-22 00:00:00,Electronics,completed,211.05,0.0
ORD-10305,U1157,2026-04-25 00:00:00,Sports,refunded,22.39,0.0
ORD-10306,U1157,2026-05-05 00:00:00,Fashion,cancelled,111.29,0.0
ORD-10307,U1157,2026-05-08 00:00:00,Beauty,completed,73.87,6.66
ORD-10308,U1159,2026-03-15 00:00:00,Sports,completed,110.11,0.0
ORD-10309,U1160,2026-02-19 00:00:00,Home & Living,completed,170.11,0.0
ORD-10310,U1161,2026-02-28 00:00:00,Beauty,completed,27.43,0.0
ORD-10311,U1161,2026-03-22 00:00:00,Home & Living,completed,178.78,0.0
ORD-10312,U1168,2026-02-17 00:00:00,Fashion,completed,91.66,0.0
ORD-10313,U1169,2026-03-12 00:00:00,Home & Living,completed,211.04,0.0
ORD-10314,U1169,2026-03-19 00:00:00,Beauty,completed,55.81,0.0
ORD-10315,U1169,2026-03-21 00:00:00,Beauty,completed,74.24,0.0
ORD-10316,U1169,2026-03-27 00:00:00,Fashion,completed,74.07,0.0
ORD-10317,U1170,2026-03-09 00:00:00,Home & Living,completed,277.65,0.0
ORD-10318,U1170,2026-03-13 00:00:00,Beauty,completed,57.84,11.93
ORD-10319,U1170,2026-03-21 00:00:00,Electronics,completed,645.49,135.05
ORD-10320,U1170,2026-03-30 00:00:00,Home & Living,completed,227.37,0.0
ORD-10321,U1171,2026-01-20 00:00:00,Fashion,completed,43.8,5.79
ORD-10322,U1171,2026-02-04 00:00:00,Beauty,completed,48.18,8.51
ORD-10323,U1171,2026-02-16 00:00:00,Electronics,completed,134.12,0.0
ORD-10324,U1172,2026-02-24 00:00:00,Home & Living,completed,182.73,0.0
ORD-10325,U1173,2026-02-03 00:00:00,Electronics,refunded,199.43,46.04
ORD-10326,U1173,2026-04-02 00:00:00,Fashion,completed,169.45,40.68
ORD-10327,U1174,2026-03-27 00:00:00,Fashion,completed,161.39,0.0
ORD-10328,U1175,2026-01-20 00:00:00,Beauty,completed,109.28,6.04
ORD-10329,U1175,2026-02-01 00:00:00,Home & Living,completed,290.63,0.0
ORD-10330,U1175,2026-02-04 00:00:00,Home & Living,completed,50.05,0.0
ORD-10331,U1176,2026-03-08 00:00:00,Sports,completed,37.16,0.0
ORD-10332,U1177,2026-02-23 00:00:00,Home & Living,completed,123.35,0.0
ORD-10333,U1177,2026-03-09 00:00:00,Sports,completed,43.77,3.21
ORD-10334,U1177,2026-03-12 00:00:00,Beauty,completed,45.7,0.0
ORD-10335,U1177,2026-03-17 00:00:00,Home & Living,completed,66.81,0.0
ORD-10336,U1178,2026-03-30 00:00:00,Home & Living,completed,55.82,0.0
ORD-10337,U1178,2026-04-06 00:00:00,Beauty,completed,86.09,0.0
ORD-10338,U1178,2026-04-18 00:00:00,Fashion,completed,137.06,13.7
ORD-10339,U1178,2026-04-29 00:00:00,Electronics,completed,211.15,0.0
ORD-10340,U1180,2026-02-06 00:00:00,Fashion,cancelled,83.62,0.0
ORD-10341,U1180,2026-03-01 00:00:00,Home & Living,completed,115.99,0.0
ORD-10342,U1180,2026-04-14 00:00:00,Electronics,cancelled,340.46,0.0
ORD-10343,U1180,2026-04-16 00:00:00,Electronics,completed,137.43,0.0
ORD-10344,U1181,2026-01-13 00:00:00,Electronics,completed,482.35,0.0
ORD-10345,U1182,2026-03-28 00:00:00,Sports,completed,65.47,0.0
ORD-10346,U1182,2026-04-01 00:00:00,Home & Living,completed,302.66,15.73
ORD-10347,U1183,2026-03-24 00:00:00,Home & Living,completed,156.16,0.0
ORD-10348,U1184,2026-02-05 00:00:00,Fashion,completed,82.31,0.0
ORD-10349,U1188,2026-03-26 00:00:00,Fashion,completed,60.6,7.55
ORD-10350,U1188,2026-04-05 00:00:00,Fashion,completed,107.51,0.0
ORD-10351,U1188,2026-04-08 00:00:00,Electronics,completed,221.11,0.0
ORD-10352,U1189,2026-02-20 00:00:00,Fashion,completed,55.77,0.0
ORD-10353,U1189,2026-03-10 00:00:00,Fashion,completed,72.31,0.0
ORD-10354,U1189,2026-03-17 00:00:00,Home & Living,completed,247.28,53.25
ORD-10355,U1189,2026-04-05 00:00:00,Sports,completed,86.31,0.0
ORD-10356,U1189,2026-04-10 00:00:00,Sports,completed,42.54,0.0
ORD-10357,U1189,2026-04-19 00:00:00,Beauty,completed,78.9,0.0
ORD-10358,U1189,2026-05-03 00:00:00,Sports,completed,47.61,0.0
ORD-10359,U1189,2026-05-10 00:00:00,Fashion,completed,89.4,0.0
ORD-10360,U1190,2026-01-11 00:00:00,Home & Living,completed,297.9,29.92
ORD-10361,U1190,2026-02-01 00:00:00,Home & Living,completed,304.05,0.0
ORD-10362,U1190,2026-02-16 00:00:00,Beauty,completed,28.25,0.0
ORD-10363,U1191,2026-04-07 00:00:00,Electronics,completed,294.5,0.0
ORD-10364,U1191,2026-04-21 00:00:00,Home & Living,completed,316.28,0.0
ORD-10365,U1194,2026-03-21 00:00:00,Electronics,completed,496.39,34.23
ORD-10366,U1194,2026-03-23 00:00:00,Home & Living,completed,102.67,25.48
ORD-10367,U1194,2026-03-26 00:00:00,Sports,cancelled,69.62,0.0
ORD-10368,U1194,2026-04-02 00:00:00,Sports,completed,27.63,3.32
ORD-10369,U1194,2026-04-13 00:00:00,Home & Living,completed,231.41,54.65
ORD-10370,U1194,2026-04-20 00:00:00,Fashion,completed,64.54,3.98
ORD-10371,U1197,2026-04-01 00:00:00,Electronics,refunded,289.19,54.29
ORD-10372,U1198,2026-04-10 00:00:00,Fashion,completed,40.13,0.0
ORD-10373,U1198,2026-04-20 00:00:00,Fashion,completed,176.19,0.0
ORD-10374,U1198,2026-04-21 00:00:00,Sports,completed,70.31,5.08
ORD-10375,U1198,2026-04-25 00:00:00,Sports,completed,25.68,1.31
ORD-10376,U1198,2026-05-08 00:00:00,Fashion,completed,88.82,16.33
ORD-10377,U1198,2026-05-19 00:00:00,Home & Living,refunded,263.38,0.0
ORD-10378,U1198,2026-05-20 00:00:00,Beauty,completed,40.96,0.0
ORD-10379,U1201,2026-01-17 00:00:00,Home & Living,completed,252.35,53.85
ORD-10380,U1202,2026-01-27 00:00:00,Beauty,completed,50.96,3.26
ORD-10381,U1202,2026-02-05 00:00:00,Fashion,completed,104.01,0.0
ORD-10382,U1204,2026-03-21 00:00:00,Fashion,completed,148.51,34.26
ORD-10383,U1204,2026-04-18 00:00:00,Sports,completed,116.79,0.0
ORD-10384,U1204,2026-04-21 00:00:00,Sports,refunded,102.82,0.0
ORD-10385,U1204,2026-05-06 00:00:00,Fashion,completed,153.42,0.0
ORD-10386,U1204,2026-05-21 00:00:00,Sports,completed,19.23,1.65
ORD-10387,U1204,2026-05-28 00:00:00,Home & Living,completed,212.61,0.0
ORD-10389,U1205,2026-01-07 00:00:00,Electronics,completed,505.64,0.0
ORD-10390,U1205,2026-01-09 00:00:00,Electronics,completed,331.5,71.29
ORD-10391,U1205,2026-02-07 00:00:00,Beauty,completed,109.88,9.39
ORD-10392,U1205,2026-02-09 00:00:00,Fashion,cancelled,146.8,0.0
ORD-10393,U1205,2026-02-17 00:00:00,Fashion,completed,119.23,0.0
ORD-10394,U1205,2026-02-19 00:00:00,Fashion,completed,175.05,0.0
ORD-10395,U1205,2026-02-20 00:00:00,Fashion,completed,125.23,0.0
ORD-10396,U1206,2026-01-13 00:00:00,Home & Living,completed,118.94,0.0
ORD-10397,U1206,2026-01-16 00:00:00,Electronics,completed,286.21,50.15
ORD-10398,U1207,2026-03-25 00:00:00,Home & Living,completed,83.77,0.0
ORD-10399,U1207,2026-04-11 00:00:00,Home & Living,completed,171.27,18.06
ORD-10400,U1207,2026-04-14 00:00:00,Home & Living,completed,184.18,33.63
ORD-10401,U1207,2026-04-18 00:00:00,Beauty,completed,85.44,0.0
ORD-10402,U1207,2026-04-26 00:00:00,Sports,completed,24.41,0.0
ORD-10403,U1207,2026-05-15 00:00:00,Home & Living,completed,201.75,0.0
ORD-10405,U1208,2026-01-24 00:00:00,Sports,completed,71.53,0.0
ORD-10406,U1211,2026-03-12 00:00:00,Home & Living,completed,319.2,0.0
ORD-10407,U1211,2026-04-19 00:00:00,Beauty,completed,48.41,9.64
ORD-10408,U1212,2026-03-29 00:00:00,Home & Living,completed,259.33,49.17
ORD-10409,U1212,2026-04-23 00:00:00,Sports,completed,35.9,0.0
ORD-10410,U1212,2026-05-17 00:00:00,Beauty,completed,40.91,0.0
ORD-10411,U1213,2026-01-25 00:00:00,Sports,completed,20.57,0.0
ORD-10412,U1213,2026-02-05 00:00:00,Electronics,completed,402.09,0.0
ORD-10413,U1214,2026-03-08 00:00:00,Home & Living,completed,163.63,0.0
ORD-10414,U1214,2026-03-21 00:00:00,Home & Living,completed,276.14,54.84
ORD-10415,U1214,2026-04-08 00:00:00,Home & Living,completed,306.93,34.31
ORD-10416,U1215,2026-01-23 00:00:00,Beauty,completed,20.5,0.0
ORD-10417,U1216,2026-02-18 00:00:00,Sports,cancelled,15.32,3.61
ORD-10418,U1216,2026-03-06 00:00:00,Beauty,completed,29.36,0.0
ORD-10419,U1217,2026-03-29 00:00:00,Electronics,completed,347.13,0.0
ORD-10420,U1218,2026-03-10 00:00:00,Electronics,completed,260.18,0.0
ORD-10421,U1218,2026-03-14 00:00:00,Fashion,completed,128.09,0.0
ORD-10422,U1218,2026-03-16 00:00:00,Beauty,completed,111.17,9.68
ORD-10423,U1218,2026-03-31 00:00:00,Fashion,completed,32.5,4.32
ORD-10424,U1218,2026-04-04 00:00:00,Sports,completed,32.09,0.0
ORD-10425,U1218,2026-04-17 00:00:00,Fashion,completed,100.58,0.0
ORD-10426,U1218,2026-04-23 00:00:00,Sports,completed,81.69,0.0
ORD-10427,U1218,2026-05-03 00:00:00,Electronics,completed,408.87,34.89
ORD-10429,U1219,2026-04-08 00:00:00,Home & Living,completed,206.55,44.03
ORD-10430,U1219,2026-05-01 00:00:00,Sports,completed,25.05,0.0
ORD-10431,U1219,2026-05-14 00:00:00,Sports,completed,32.54,0.0
ORD-10432,U1220,2026-03-05 00:00:00,Electronics,completed,177.2,0.0
ORD-10433,U1221,2026-03-03 00:00:00,Fashion,refunded,100.61,9.1
ORD-10434,U1221,2026-03-11 00:00:00,Beauty,completed,35.86,8.96
ORD-10435,U1222,2026-01-14 00:00:00,Beauty,cancelled,43.35,0.0
ORD-10436,U1222,2026-01-18 00:00:00,Electronics,completed,538.65,110.53
ORD-10437,U1222,2026-01-28 00:00:00,Home & Living,cancelled,277.26,36.2
ORD-10438,U1223,2026-02-13 00:00:00,Electronics,completed,289.08,0.0
ORD-10439,U1223,2026-02-22 00:00:00,Fashion,completed,158.49,22.24
ORD-10440,U1224,2026-02-06 00:00:00,Beauty,completed,53.81,7.25
ORD-10441,U1225,2026-03-11 00:00:00,Fashion,refunded,40.14,3.3
ORD-10442,U1225,2026-03-14 00:00:00,Electronics,completed,642.06,0.0
ORD-10443,U1226,2026-04-02 00:00:00,Home & Living,completed,170.83,39.11
ORD-10444,U1227,2026-02-15 00:00:00,Home & Living,completed,167.97,0.0
ORD-10445,U1227,2026-03-09 00:00:00,Sports,completed,58.9,0.0
ORD-10446,U1227,2026-03-18 00:00:00,Sports,completed,112.36,0.0
ORD-10447,U1227,2026-03-31 00:00:00,Beauty,completed,58.34,9.73
ORD-10448,U1228,2026-03-25 00:00:00,Fashion,completed,161.47,0.0
ORD-10449,U1228,2026-03-26 00:00:00,Beauty,completed,112.77,0.0
ORD-10450,U1230,2026-03-14 00:00:00,Fashion,completed,46.07,0.0
ORD-10451,U1232,2026-03-08 00:00:00,Beauty,refunded,56.88,0.0
ORD-10452,U1233,2026-02-21 00:00:00,Fashion,completed,115.75,7.8
ORD-10453,U1233,2026-02-24 00:00:00,Beauty,completed,17.57,0.0
ORD-10454,U1233,2026-03-01 00:00:00,Electronics,completed,294.43,68.51
ORD-10455,U1233,2026-03-09 00:00:00,Electronics,completed,552.18,53.81
ORD-10456,U1233,2026-03-18 00:00:00,Home & Living,completed,281.79,0.0
ORD-10457,U1234,2026-02-03 00:00:00,Sports,completed,92.99,0.0
ORD-10458,U1234,2026-02-04 00:00:00,Beauty,completed,107.75,0.0
ORD-10459,U1235,2026-03-13 00:00:00,Beauty,completed,102.38,0.0
ORD-10460,U1237,2026-01-05 00:00:00,Fashion,completed,64.07,0.0
ORD-10461,U1237,2026-02-23 00:00:00,Beauty,completed,62.04,8.39
ORD-10462,U1239,2026-02-01 00:00:00,Beauty,completed,68.0,4.81
ORD-10463,U1241,2026-03-31 00:00:00,Beauty,completed,115.57,0.0
ORD-10464,U1242,2026-04-02 00:00:00,Sports,completed,99.63,9.94
ORD-10465,U1245,2026-04-23 00:00:00,Home & Living,cancelled,195.75,0.0
ORD-10466,U1245,2026-04-25 00:00:00,Fashion,completed,42.21,8.62
ORD-10467,U1246,2026-02-11 00:00:00,Sports,completed,74.48,0.0
ORD-10468,U1247,2026-04-11 00:00:00,Sports,completed,116.29,0.0
ORD-10469,U1248,2026-03-29 00:00:00,Beauty,completed,68.21,9.91
ORD-10470,U1249,2026-05-15 00:00:00,Beauty,completed,58.56,0.0
ORD-10471,U1249,2026-05-17 00:00:00,Sports,completed,78.56,4.5
ORD-10472,U1250,2026-02-14 00:00:00,Home & Living,completed,106.31,0.0
ORD-10473,U1251,2026-02-06 00:00:00,Home & Living,completed,147.92,0.0
ORD-10474,U1251,2026-02-17 00:00:00,Home & Living,completed,155.0,0.0
ORD-10475,U1251,2026-03-24 00:00:00,Sports,completed,76.34,0.0
ORD-10476,U1252,2026-03-22 00:00:00,Electronics,completed,127.12,11.07
ORD-10477,U1252,2026-05-20 00:00:00,Sports,completed,21.44,0.0
ORD-10478,U1252,2026-05-22 00:00:00,Beauty,completed,61.28,0.0
ORD-10480,U1254,2026-02-07 00:00:00,Beauty,completed,16.34,0.0
ORD-10481,U1255,2026-02-26 00:00:00,Home & Living,cancelled,240.58,16.77
ORD-10482,U1255,2026-03-08 00:00:00,Home & Living,completed,66.57,8.3
ORD-10483,U1255,2026-03-19 00:00:00,Fashion,completed,170.45,0.0
ORD-10484,U1256,2026-03-27 00:00:00,Electronics,completed,257.25,26.88
ORD-10485,U1257,2026-03-05 00:00:00,Electronics,completed,366.62,87.42
ORD-10486,U1257,2026-03-10 00:00:00,Fashion,completed,166.45,0.0
ORD-10487,U1258,2026-03-06 00:00:00,Beauty,completed,73.14,0.0
ORD-10488,U1258,2026-03-25 00:00:00,Fashion,completed,28.03,0.0
ORD-10489,U1258,2026-05-09 00:00:00,Beauty,completed,61.6,0.0
ORD-10490,U1260,2026-02-28 00:00:00,Electronics,completed,83.38,0.0
ORD-10491,U1260,2026-03-06 00:00:00,Home & Living,completed,150.24,12.66
ORD-10492,U1260,2026-03-18 00:00:00,Beauty,completed,24.24,0.0
ORD-10493,U1260,2026-03-23 00:00:00,Beauty,cancelled,55.96,0.0
ORD-10494,U1260,2026-03-28 00:00:00,Home & Living,completed,258.83,0.0
ORD-10495,U1261,2026-04-21 00:00:00,Fashion,completed,112.55,12.89
ORD-10496,U1262,2026-02-06 00:00:00,Beauty,completed,35.16,0.0
ORD-10497,U1262,2026-03-15 00:00:00,Electronics,completed,457.07,0.0
ORD-10498,U1262,2026-03-26 00:00:00,Home & Living,completed,193.86,0.0
ORD-10499,U1263,2026-02-19 00:00:00,Beauty,completed,49.52,0.0
ORD-10500,U1264,2026-04-02 00:00:00,Fashion,completed,110.78,20.97
ORD-10501,U1264,2026-05-07 00:00:00,Fashion,completed,104.45,0.0
ORD-10502,U1264,2026-05-21 00:00:00,Beauty,completed,65.04,9.95
ORD-10504,U1266,2026-03-13 00:00:00,Sports,completed,87.42,0.0
ORD-10505,U1266,2026-03-23 00:00:00,Electronics,completed,409.59,0.0
ORD-10506,U1266,2026-03-28 00:00:00,Electronics,completed,127.82,12.87
ORD-10507,U1266,2026-03-30 00:00:00,Electronics,completed,421.22,78.67
ORD-10508,U1266,2026-04-01 00:00:00,Beauty,completed,47.09,0.0
ORD-10509,U1266,2026-04-11 00:00:00,Sports,completed,19.36,1.91
ORD-10510,U1268,2026-02-13 00:00:00,Sports,completed,81.58,0.0
ORD-10511,U1268,2026-02-20 00:00:00,Fashion,completed,64.81,0.0
ORD-10512,U1269,2026-03-05 00:00:00,Fashion,completed,168.77,12.21
ORD-10513,U1269,2026-05-15 00:00:00,Electronics,completed,283.94,0.0
ORD-10514,U1270,2026-04-18 00:00:00,Beauty,completed,92.38,19.86
ORD-10515,U1270,2026-05-20 00:00:00,Home & Living,completed,76.91,0.0
ORD-10516,U1270,2026-05-27 00:00:00,Home & Living,completed,143.6,0.0
ORD-10517,U1271,2026-03-17 00:00:00,Sports,completed,49.73,0.0
ORD-10518,U1271,2026-03-19 00:00:00,Sports,completed,104.67,0.0
ORD-10519,U1271,2026-03-25 00:00:00,Beauty,completed,22.46,0.0
ORD-10520,U1272,2026-03-25 00:00:00,Home & Living,completed,268.0,0.0
ORD-10521,U1272,2026-04-03 00:00:00,Home & Living,cancelled,74.93,9.01
ORD-10522,U1272,2026-04-23 00:00:00,Sports,completed,66.77,12.74
ORD-10523,U1272,2026-04-27 00:00:00,Electronics,completed,435.62,0.0
ORD-10524,U1272,2026-05-10 00:00:00,Beauty,completed,41.31,0.0
ORD-10525,U1273,2026-04-20 00:00:00,Home & Living,completed,156.42,0.0
ORD-10526,U1273,2026-05-27 00:00:00,Electronics,completed,385.02,0.0
ORD-10527,U1273,2026-05-31 00:00:00,Beauty,completed,72.98,0.0
ORD-10529,U1274,2026-02-19 00:00:00,Sports,completed,18.29,3.23
ORD-10530,U1274,2026-02-28 00:00:00,Sports,completed,57.97,0.0
ORD-10531,U1275,2026-02-24 00:00:00,Sports,completed,47.59,0.0
ORD-10532,U1276,2026-03-23 00:00:00,Fashion,completed,169.66,15.91
ORD-10533,U1277,2026-03-06 00:00:00,Sports,completed,44.99,9.95
ORD-10534,U1277,2026-03-07 00:00:00,Sports,completed,78.14,0.0
ORD-10535,U1278,2026-03-06 00:00:00,Electronics,completed,312.49,57.88
ORD-10536,U1279,2026-03-14 00:00:00,Sports,completed,118.35,0.0
ORD-10537,U1279,2026-03-24 00:00:00,Fashion,completed,150.52,0.0
ORD-10538,U1279,2026-04-10 00:00:00,Beauty,completed,31.07,0.0
ORD-10539,U1279,2026-05-06 00:00:00,Beauty,cancelled,77.93,0.0
ORD-10540,U1281,2026-02-19 00:00:00,Beauty,completed,40.37,0.0
ORD-10541,U1281,2026-02-20 00:00:00,Home & Living,cancelled,46.57,7.33
ORD-10542,U1281,2026-03-15 00:00:00,Sports,completed,81.63,0.0
ORD-10543,U1282,2026-02-11 00:00:00,Home & Living,completed,152.73,0.0
ORD-10544,U1282,2026-02-28 00:00:00,Fashion,completed,40.27,0.0
ORD-10545,U1282,2026-03-01 00:00:00,Home & Living,completed,83.14,0.0
ORD-10546,U1282,2026-03-03 00:00:00,Beauty,completed,50.15,0.0
ORD-10547,U1282,2026-03-18 00:00:00,Sports,completed,39.88,0.0
ORD-10548,U1283,2026-01-31 00:00:00,Beauty,completed,81.52,9.03
ORD-10549,U1283,2026-02-05 00:00:00,Beauty,completed,52.48,0.0
ORD-10550,U1284,2026-03-01 00:00:00,Fashion,completed,123.16,0.0
ORD-10551,U1284,2026-03-06 00:00:00,Sports,completed,115.52,10.85
ORD-10552,U1284,2026-03-24 00:00:00,Sports,completed,100.1,0.0
ORD-10553,U1284,2026-03-28 00:00:00,Beauty,cancelled,23.38,0.0
ORD-10554,U1285,2026-01-27 00:00:00,Beauty,completed,82.59,0.0
ORD-10555,U1286,2026-03-25 00:00:00,Fashion,completed,113.92,0.0
ORD-10556,U1286,2026-04-06 00:00:00,Home & Living,completed,304.16,31.34
ORD-10557,U1286,2026-04-29 00:00:00,Sports,completed,33.85,0.0
ORD-10558,U1286,2026-05-25 00:00:00,Home & Living,completed,115.24,22.19
ORD-10559,U1287,2026-02-27 00:00:00,Electronics,completed,620.09,0.0
ORD-10560,U1287,2026-03-11 00:00:00,Fashion,completed,178.32,0.0
ORD-10561,U1287,2026-04-26 00:00:00,Home & Living,completed,98.25,20.82
ORD-10562,U1288,2026-02-11 00:00:00,Electronics,completed,290.36,0.0
ORD-10563,U1288,2026-02-22 00:00:00,Home & Living,completed,228.72,0.0
ORD-10564,U1289,2026-05-12 00:00:00,Beauty,completed,107.38,13.88
ORD-10565,U1290,2026-01-24 00:00:00,Fashion,completed,37.13,0.0
ORD-10566,U1292,2026-03-25 00:00:00,Home & Living,completed,193.07,0.0
ORD-10567,U1292,2026-03-26 00:00:00,Fashion,completed,107.36,0.0
ORD-10568,U1292,2026-04-06 00:00:00,Fashion,completed,32.76,0.0
ORD-10569,U1294,2026-02-07 00:00:00,Beauty,completed,18.1,4.48
ORD-10570,U1294,2026-02-19 00:00:00,Beauty,completed,107.31,0.0
ORD-10571,U1295,2026-02-28 00:00:00,Electronics,completed,494.38,0.0
ORD-10572,U1297,2026-01-21 00:00:00,Fashion,completed,52.96,0.0
ORD-10573,U1297,2026-01-26 00:00:00,Electronics,completed,312.09,48.99
ORD-10574,U1298,2026-03-12 00:00:00,Electronics,completed,113.81,26.1
ORD-10575,U1299,2026-01-30 00:00:00,Sports,completed,37.37,0.0
ORD-10576,U1300,2026-03-25 00:00:00,Sports,completed,103.64,0.0
ORD-10577,U1301,2026-03-04 00:00:00,Home & Living,completed,319.86,52.85
ORD-10578,U1304,2026-03-23 00:00:00,Beauty,completed,16.5,0.0
ORD-10579,U1304,2026-03-25 00:00:00,Beauty,completed,98.23,0.0
ORD-10580,U1305,2026-03-30 00:00:00,Fashion,completed,83.93,0.0
ORD-10581,U1305,2026-04-05 00:00:00,Fashion,completed,127.58,0.0
ORD-10582,U1306,2026-03-04 00:00:00,Sports,completed,110.47,0.0
ORD-10583,U1307,2026-02-25 00:00:00,Beauty,refunded,111.41,0.0
ORD-10584,U1307,2026-03-23 00:00:00,Electronics,completed,292.97,0.0
ORD-10585,U1307,2026-03-26 00:00:00,Electronics,completed,538.46,0.0
ORD-10586,U1311,2026-01-09 00:00:00,Sports,completed,32.78,0.0
ORD-10587,U1311,2026-01-20 00:00:00,Fashion,completed,36.49,0.0
ORD-10588,U1313,2026-04-07 00:00:00,Fashion,completed,31.11,0.0
ORD-10589,U1313,2026-05-16 00:00:00,Fashion,completed,133.22,0.0
ORD-10590,U1313,2026-05-24 00:00:00,Fashion,completed,107.06,0.0
ORD-10592,U1314,2026-03-18 00:00:00,Beauty,completed,63.77,0.0
ORD-10593,U1314,2026-03-24 00:00:00,Fashion,completed,37.13,0.0
ORD-10594,U1314,2026-04-16 00:00:00,Electronics,completed,331.29,0.0
ORD-10595,U1316,2026-02-12 00:00:00,Beauty,completed,64.25,4.59
ORD-10596,U1318,2026-01-17 00:00:00,Home & Living,completed,134.62,31.84
ORD-10597,U1318,2026-01-30 00:00:00,Beauty,completed,68.0,0.0
ORD-10598,U1318,2026-02-21 00:00:00,Electronics,completed,473.7,0.0
ORD-10599,U1318,2026-02-26 00:00:00,Electronics,completed,330.35,0.0
ORD-10600,U1318,2026-03-03 00:00:00,Electronics,completed,138.36,8.34
ORD-10601,U1318,2026-03-08 00:00:00,Fashion,refunded,49.44,4.02
ORD-10602,U1318,2026-03-15 00:00:00,Home & Living,completed,80.46,19.21
ORD-10603,U1318,2026-03-18 00:00:00,Beauty,completed,52.34,0.0
ORD-10604,U1320,2026-02-23 00:00:00,Fashion,cancelled,34.98,3.06
ORD-10605,U1320,2026-03-04 00:00:00,Sports,completed,38.92,0.0
ORD-10606,U1321,2026-03-10 00:00:00,Fashion,completed,158.17,0.0
ORD-10607,U1322,2026-03-24 00:00:00,Sports,completed,87.23,0.0
ORD-10608,U1322,2026-03-27 00:00:00,Sports,cancelled,44.27,0.0
ORD-10609,U1322,2026-04-02 00:00:00,Home & Living,completed,264.83,0.0
ORD-10611,U1323,2026-02-09 00:00:00,Fashion,cancelled,128.05,11.5
ORD-10612,U1323,2026-02-10 00:00:00,Home & Living,completed,264.86,0.0
ORD-10613,U1323,2026-02-24 00:00:00,Fashion,completed,45.49,0.0
ORD-10614,U1323,2026-03-15 00:00:00,Electronics,completed,642.69,100.51
ORD-10615,U1323,2026-04-22 00:00:00,Fashion,completed,133.36,0.0
ORD-10616,U1324,2026-04-29 00:00:00,Sports,completed,57.04,0.0
ORD-10617,U1324,2026-05-11 00:00:00,Electronics,completed,504.42,47.34
ORD-10618,U1324,2026-05-30 00:00:00,Home & Living,completed,184.22,0.0
ORD-10620,U1325,2026-03-17 00:00:00,Home & Living,completed,182.07,27.61
ORD-10621,U1326,2026-03-01 00:00:00,Fashion,completed,96.67,0.0
ORD-10622,U1326,2026-03-02 00:00:00,Electronics,completed,142.36,0.0
ORD-10623,U1326,2026-03-20 00:00:00,Fashion,completed,110.56,21.97
ORD-10624,U1326,2026-04-09 00:00:00,Electronics,completed,193.82,0.0
ORD-10625,U1327,2026-04-07 00:00:00,Beauty,completed,62.34,0.0
ORD-10626,U1327,2026-04-10 00:00:00,Electronics,completed,449.17,0.0
ORD-10627,U1328,2026-02-23 00:00:00,Beauty,completed,81.06,0.0
ORD-10628,U1329,2026-01-27 00:00:00,Sports,completed,116.45,0.0
ORD-10629,U1329,2026-01-30 00:00:00,Beauty,completed,63.04,13.77
ORD-10630,U1329,2026-02-21 00:00:00,Home & Living,completed,209.29,0.0
ORD-10631,U1329,2026-02-26 00:00:00,Beauty,completed,63.03,0.0
ORD-10632,U1330,2026-02-16 00:00:00,Sports,completed,112.76,0.0
ORD-10633,U1331,2026-03-21 00:00:00,Beauty,completed,40.99,2.62
ORD-10634,U1331,2026-04-24 00:00:00,Home & Living,cancelled,81.13,0.0
ORD-10635,U1331,2026-05-20 00:00:00,Home & Living,completed,269.74,54.24
ORD-10636,U1331,2026-05-28 00:00:00,Electronics,completed,273.12,36.67
ORD-10637,U1332,2026-03-07 00:00:00,Sports,completed,58.08,13.43
ORD-10638,U1332,2026-03-14 00:00:00,Electronics,completed,389.14,0.0
ORD-10639,U1334,2026-01-09 00:00:00,Sports,completed,76.38,11.28
ORD-10640,U1335,2026-01-09 00:00:00,Home & Living,completed,300.5,0.0
ORD-10641,U1335,2026-01-11 00:00:00,Electronics,completed,399.13,0.0
ORD-10642,U1335,2026-01-23 00:00:00,Beauty,completed,16.65,3.03
ORD-10643,U1335,2026-01-25 00:00:00,Fashion,completed,161.06,0.0
ORD-10644,U1335,2026-02-03 00:00:00,Fashion,completed,79.72,0.0
ORD-10645,U1335,2026-02-17 00:00:00,Home & Living,completed,314.4,0.0
ORD-10646,U1335,2026-02-24 00:00:00,Electronics,cancelled,456.92,0.0
ORD-10647,U1337,2026-03-06 00:00:00,Electronics,completed,529.87,0.0
ORD-10648,U1338,2026-02-19 00:00:00,Fashion,completed,135.09,17.75
ORD-10649,U1338,2026-02-25 00:00:00,Home & Living,completed,41.9,9.67
ORD-10650,U1338,2026-03-13 00:00:00,Sports,completed,23.25,0.0
ORD-10651,U1338,2026-03-16 00:00:00,Sports,completed,53.48,0.0
ORD-10652,U1339,2026-01-22 00:00:00,Sports,completed,35.74,0.0
ORD-10653,U1339,2026-01-27 00:00:00,Fashion,completed,135.39,0.0
ORD-10654,U1339,2026-01-31 00:00:00,Electronics,completed,318.47,0.0
ORD-10655,U1339,2026-02-11 00:00:00,Fashion,completed,112.21,0.0
ORD-10656,U1340,2026-02-18 00:00:00,Sports,completed,36.04,0.0
ORD-10657,U1340,2026-03-07 00:00:00,Beauty,completed,25.53,0.0
ORD-10658,U1341,2026-02-13 00:00:00,Home & Living,completed,155.15,0.0
ORD-10659,U1342,2026-01-28 00:00:00,Beauty,completed,53.86,4.07
ORD-10660,U1342,2026-02-05 00:00:00,Fashion,completed,170.46,15.75
ORD-10661,U1342,2026-02-12 00:00:00,Sports,completed,106.34,0.0
ORD-10662,U1342,2026-02-22 00:00:00,Home & Living,completed,202.1,0.0
ORD-10663,U1342,2026-03-12 00:00:00,Beauty,completed,101.44,9.69
ORD-10664,U1342,2026-03-17 00:00:00,Fashion,cancelled,98.28,0.0
ORD-10665,U1343,2026-02-10 00:00:00,Beauty,completed,23.28,3.15
ORD-10666,U1343,2026-03-12 00:00:00,Fashion,completed,93.22,0.0
ORD-10667,U1343,2026-03-18 00:00:00,Beauty,completed,98.7,0.0
ORD-10668,U1343,2026-04-03 00:00:00,Sports,completed,98.13,0.0
ORD-10669,U1343,2026-04-21 00:00:00,Fashion,completed,110.25,0.0
ORD-10670,U1343,2026-05-07 00:00:00,Fashion,refunded,141.19,8.94
ORD-10672,U1345,2026-03-05 00:00:00,Sports,completed,56.23,0.0
ORD-10673,U1346,2026-03-06 00:00:00,Electronics,completed,576.13,0.0
ORD-10674,U1346,2026-03-11 00:00:00,Electronics,completed,412.56,0.0
ORD-10675,U1346,2026-04-09 00:00:00,Electronics,cancelled,568.86,0.0
ORD-10676,U1347,2026-01-11 00:00:00,Beauty,completed,33.89,0.0
ORD-10677,U1348,2026-03-09 00:00:00,Home & Living,cancelled,253.63,0.0
ORD-10678,U1349,2026-03-03 00:00:00,Home & Living,completed,214.89,0.0
ORD-10679,U1349,2026-03-10 00:00:00,Fashion,completed,52.44,12.16
ORD-10680,U1349,2026-03-26 00:00:00,Electronics,completed,239.08,0.0
ORD-10681,U1349,2026-03-30 00:00:00,Sports,cancelled,118.41,0.0
ORD-10682,U1349,2026-04-12 00:00:00,Beauty,cancelled,36.85,7.52
ORD-10683,U1349,2026-04-21 00:00:00,Electronics,completed,160.24,25.9
ORD-10684,U1349,2026-05-03 00:00:00,Sports,refunded,15.1,0.0
ORD-10685,U1350,2026-03-16 00:00:00,Sports,completed,68.76,8.13
ORD-10686,U1350,2026-04-06 00:00:00,Home & Living,completed,128.68,7.41
ORD-10687,U1353,2026-02-01 00:00:00,Fashion,refunded,164.48,0.0
ORD-10688,U1353,2026-02-04 00:00:00,Beauty,completed,118.21,10.7
ORD-10689,U1353,2026-02-05 00:00:00,Electronics,completed,598.03,71.53
ORD-10690,U1354,2026-01-08 00:00:00,Electronics,completed,317.55,0.0
ORD-10691,U1354,2026-01-12 00:00:00,Beauty,refunded,51.54,0.0
ORD-10692,U1355,2026-03-03 00:00:00,Electronics,completed,217.49,53.16
ORD-10693,U1355,2026-04-20 00:00:00,Electronics,completed,200.43,0.0
ORD-10694,U1356,2026-01-16 00:00:00,Electronics,completed,396.95,21.77
ORD-10695,U1356,2026-01-20 00:00:00,Electronics,completed,138.44,0.0
ORD-10696,U1356,2026-02-06 00:00:00,Home & Living,completed,317.3,0.0
ORD-10697,U1358,2026-04-17 00:00:00,Electronics,completed,468.64,0.0
ORD-10698,U1359,2026-02-22 00:00:00,Beauty,completed,80.65,0.0
ORD-10699,U1359,2026-02-23 00:00:00,Fashion,cancelled,69.64,0.0
ORD-10700,U1360,2026-03-03 00:00:00,Fashion,completed,105.49,0.0
ORD-10701,U1361,2026-03-03 00:00:00,Beauty,completed,66.44,0.0
ORD-10702,U1362,2026-02-13 00:00:00,Home & Living,completed,194.99,0.0
ORD-10703,U1362,2026-02-19 00:00:00,Home & Living,completed,49.42,0.0
ORD-10704,U1363,2026-02-27 00:00:00,Home & Living,completed,103.7,0.0
ORD-10705,U1363,2026-03-23 00:00:00,Fashion,completed,131.89,0.0
ORD-10706,U1363,2026-03-31 00:00:00,Fashion,completed,85.12,0.0
ORD-10707,U1363,2026-04-09 00:00:00,Home & Living,completed,67.03,9.02
ORD-10708,U1363,2026-04-10 00:00:00,Electronics,completed,90.59,0.0
ORD-10709,U1364,2026-04-13 00:00:00,Home & Living,completed,108.56,0.0
ORD-10710,U1364,2026-04-16 00:00:00,Home & Living,completed,130.01,11.84
ORD-10711,U1364,2026-04-19 00:00:00,Sports,completed,81.08,0.0
ORD-10712,U1366,2026-04-16 00:00:00,Sports,completed,48.08,0.0
ORD-10713,U1366,2026-04-30 00:00:00,Home & Living,cancelled,106.72,0.0
ORD-10714,U1366,2026-05-12 00:00:00,Fashion,completed,134.55,0.0
ORD-10715,U1366,2026-05-16 00:00:00,Beauty,completed,55.19,0.0
ORD-10716,U1366,2026-05-24 00:00:00,Beauty,completed,75.97,0.0
ORD-10718,U1367,2026-03-26 00:00:00,Beauty,completed,50.32,0.0
ORD-10719,U1367,2026-03-28 00:00:00,Fashion,completed,147.04,0.0
ORD-10720,U1368,2026-01-19 00:00:00,Fashion,completed,167.98,0.0
ORD-10721,U1369,2026-01-10 00:00:00,Electronics,completed,468.47,0.0
ORD-10722,U1370,2026-01-11 00:00:00,Sports,completed,56.79,7.97
ORD-10723,U1370,2026-01-18 00:00:00,Sports,completed,90.5,0.0
ORD-10724,U1370,2026-01-29 00:00:00,Electronics,completed,553.2,0.0
ORD-10725,U1370,2026-02-05 00:00:00,Electronics,refunded,506.83,0.0
ORD-10726,U1370,2026-02-20 00:00:00,Beauty,completed,80.0,12.36
ORD-10727,U1371,2026-01-10 00:00:00,Home & Living,completed,259.1,0.0
ORD-10728,U1371,2026-01-14 00:00:00,Home & Living,completed,269.78,67.33
ORD-10729,U1371,2026-01-30 00:00:00,Fashion,completed,32.21,5.77
ORD-10730,U1372,2026-01-12 00:00:00,Sports,completed,89.47,0.0
ORD-10731,U1372,2026-01-16 00:00:00,Electronics,completed,188.76,0.0
ORD-10732,U1372,2026-02-23 00:00:00,Electronics,completed,528.33,0.0
ORD-10733,U1372,2026-03-16 00:00:00,Electronics,completed,360.07,0.0
ORD-10734,U1372,2026-03-27 00:00:00,Fashion,refunded,30.88,7.21
ORD-10735,U1372,2026-04-15 00:00:00,Fashion,cancelled,112.67,21.52
ORD-10736,U1373,2026-04-04 00:00:00,Fashion,completed,107.36,11.48
ORD-10737,U1373,2026-04-12 00:00:00,Electronics,completed,121.24,0.0
ORD-10738,U1375,2026-02-25 00:00:00,Home & Living,completed,282.96,35.67
ORD-10739,U1375,2026-03-03 00:00:00,Beauty,completed,28.07,0.0
ORD-10740,U1375,2026-03-06 00:00:00,Beauty,completed,119.74,0.0
ORD-10741,U1375,2026-03-15 00:00:00,Fashion,completed,148.3,32.78
ORD-10742,U1375,2026-03-22 00:00:00,Home & Living,refunded,290.16,22.08
ORD-10743,U1376,2026-04-14 00:00:00,Electronics,cancelled,541.33,0.0
ORD-10744,U1376,2026-05-07 00:00:00,Home & Living,completed,181.49,0.0
ORD-10745,U1376,2026-05-16 00:00:00,Electronics,completed,632.47,0.0
ORD-10746,U1376,2026-05-29 00:00:00,Home & Living,completed,82.87,13.93
ORD-10748,U1377,2026-01-07 00:00:00,Beauty,completed,46.0,7.4
ORD-10749,U1377,2026-01-10 00:00:00,Beauty,completed,73.73,10.3
ORD-10750,U1377,2026-01-15 00:00:00,Electronics,completed,246.96,49.23
ORD-10751,U1377,2026-01-21 00:00:00,Beauty,completed,31.04,5.54
ORD-10752,U1378,2026-03-20 00:00:00,Fashion,completed,95.67,18.06
ORD-10753,U1378,2026-04-13 00:00:00,Fashion,completed,48.87,4.94
ORD-10754,U1379,2026-01-27 00:00:00,Beauty,cancelled,115.01,0.0
ORD-10755,U1380,2026-01-15 00:00:00,Sports,completed,76.06,10.26
ORD-10756,U1380,2026-01-16 00:00:00,Home & Living,completed,143.29,0.0
ORD-10757,U1381,2026-03-15 00:00:00,Electronics,completed,155.36,0.0
ORD-10758,U1381,2026-03-20 00:00:00,Beauty,completed,67.37,0.0
ORD-10759,U1382,2026-03-05 00:00:00,Sports,completed,20.19,0.0
ORD-10760,U1383,2026-03-25 00:00:00,Fashion,completed,28.96,0.0
ORD-10761,U1383,2026-04-09 00:00:00,Home & Living,completed,86.63,0.0
ORD-10762,U1383,2026-04-14 00:00:00,Home & Living,completed,261.12,16.5
ORD-10763,U1385,2026-04-09 00:00:00,Sports,completed,89.87,6.68
ORD-10764,U1385,2026-04-14 00:00:00,Electronics,completed,524.75,60.06
ORD-10765,U1385,2026-05-08 00:00:00,Sports,completed,89.12,0.0
ORD-10766,U1386,2026-02-02 00:00:00,Fashion,completed,159.04,0.0
ORD-10767,U1386,2026-02-27 00:00:00,Sports,completed,75.26,0.0
ORD-10768,U1387,2026-01-21 00:00:00,Electronics,completed,131.48,0.0
ORD-10769,U1387,2026-01-23 00:00:00,Home & Living,completed,58.59,6.58
ORD-10770,U1387,2026-02-05 00:00:00,Sports,completed,105.87,8.67
ORD-10771,U1387,2026-02-12 00:00:00,Home & Living,completed,221.86,27.87
ORD-10772,U1389,2026-03-15 00:00:00,Fashion,refunded,170.85,0.0
ORD-10773,U1390,2026-04-06 00:00:00,Fashion,completed,78.23,0.0
ORD-10774,U1390,2026-04-10 00:00:00,Home & Living,completed,313.42,0.0
ORD-10775,U1391,2026-04-05 00:00:00,Electronics,completed,85.62,0.0
ORD-10776,U1391,2026-04-08 00:00:00,Sports,completed,109.04,0.0
ORD-10777,U1392,2026-02-10 00:00:00,Electronics,completed,362.47,42.39
ORD-10778,U1392,2026-02-24 00:00:00,Fashion,completed,98.46,9.03
ORD-10779,U1392,2026-03-26 00:00:00,Fashion,completed,89.69,0.0
ORD-10780,U1393,2026-04-07 00:00:00,Home & Living,completed,79.22,10.13
ORD-10781,U1393,2026-05-09 00:00:00,Beauty,completed,110.68,0.0
ORD-10782,U1393,2026-05-10 00:00:00,Fashion,refunded,120.29,0.0
ORD-10783,U1394,2026-02-09 00:00:00,Beauty,completed,70.09,0.0
ORD-10784,U1394,2026-02-12 00:00:00,Sports,completed,86.66,0.0
ORD-10785,U1394,2026-03-17 00:00:00,Electronics,completed,515.83,69.07
ORD-10786,U1394,2026-03-21 00:00:00,Fashion,completed,58.24,13.3
ORD-10787,U1394,2026-05-19 00:00:00,Sports,completed,56.21,0.0
ORD-10788,U1395,2026-04-05 00:00:00,Beauty,completed,60.37,0.0
ORD-10789,U1395,2026-04-15 00:00:00,Fashion,completed,135.8,0.0
ORD-10790,U1396,2026-04-01 00:00:00,Fashion,completed,63.02,0.0
ORD-10791,U1396,2026-04-30 00:00:00,Home & Living,completed,243.76,23.05
ORD-10792,U1397,2026-02-19 00:00:00,Electronics,completed,88.48,0.0
ORD-10793,U1397,2026-03-23 00:00:00,Fashion,completed,95.67,20.07
ORD-10794,U1397,2026-04-08 00:00:00,Fashion,cancelled,44.88,9.52
ORD-10795,U1400,2026-01-12 00:00:00,Beauty,completed,61.52,15.16
ORD-10796,U1401,2026-04-02 00:00:00,Electronics,completed,133.53,0.0
ORD-10797,U1401,2026-04-19 00:00:00,Fashion,completed,143.12,0.0
ORD-10798,U1401,2026-04-24 00:00:00,Beauty,cancelled,75.74,0.0
ORD-10799,U1402,2026-04-26 00:00:00,Fashion,completed,132.53,0.0
ORD-10800,U1403,2026-03-29 00:00:00,Electronics,completed,94.26,0.0
ORD-10801,U1404,2026-02-06 00:00:00,Home & Living,completed,80.63,0.0
ORD-10802,U1404,2026-02-18 00:00:00,Electronics,completed,210.52,0.0
ORD-10803,U1404,2026-03-01 00:00:00,Beauty,completed,102.35,15.67
ORD-10804,U1404,2026-03-17 00:00:00,Fashion,completed,111.45,0.0
ORD-10805,U1404,2026-03-30 00:00:00,Sports,completed,44.75,0.0
ORD-10806,U1406,2026-02-22 00:00:00,Electronics,completed,533.31,0.0
ORD-10807,U1406,2026-02-28 00:00:00,Fashion,completed,59.85,0.0
ORD-10808,U1406,2026-03-18 00:00:00,Beauty,completed,108.32,19.89
ORD-10809,U1406,2026-03-21 00:00:00,Beauty,completed,36.26,0.0
ORD-10810,U1406,2026-04-20 00:00:00,Home & Living,completed,141.01,0.0
ORD-10811,U1406,2026-04-24 00:00:00,Home & Living,completed,240.52,49.87
ORD-10812,U1406,2026-05-15 00:00:00,Home & Living,completed,228.07,42.03
ORD-10813,U1406,2026-05-16 00:00:00,Sports,completed,25.18,0.0
ORD-10814,U1406,2026-05-17 00:00:00,Fashion,completed,117.26,0.0
ORD-10815,U1408,2026-04-10 00:00:00,Home & Living,completed,252.1,54.62
ORD-10816,U1408,2026-04-21 00:00:00,Home & Living,completed,83.65,0.0
ORD-10817,U1409,2026-01-16 00:00:00,Beauty,completed,28.5,0.0
ORD-10818,U1411,2026-04-05 00:00:00,Sports,completed,21.29,0.0
ORD-10819,U1411,2026-04-25 00:00:00,Electronics,completed,407.72,0.0
ORD-10820,U1411,2026-05-03 00:00:00,Fashion,completed,87.26,0.0
ORD-10821,U1411,2026-05-13 00:00:00,Beauty,completed,28.89,0.0
ORD-10823,U1412,2026-04-20 00:00:00,Home & Living,completed,262.21,42.31
ORD-10824,U1412,2026-04-22 00:00:00,Home & Living,completed,209.71,0.0
ORD-10825,U1414,2026-04-09 00:00:00,Home & Living,completed,97.42,0.0
ORD-10826,U1415,2026-05-09 00:00:00,Beauty,completed,93.16,0.0
ORD-10827,U1415,2026-05-31 00:00:00,Home & Living,completed,68.06,0.0
ORD-10829,U1416,2026-02-05 00:00:00,Beauty,completed,94.37,0.0
ORD-10830,U1416,2026-02-21 00:00:00,Fashion,completed,157.6,34.18
ORD-10831,U1416,2026-03-05 00:00:00,Electronics,completed,252.57,0.0
ORD-10832,U1417,2026-02-13 00:00:00,Fashion,completed,147.43,0.0
ORD-10833,U1417,2026-02-20 00:00:00,Beauty,completed,83.0,0.0
ORD-10834,U1417,2026-02-23 00:00:00,Sports,completed,83.39,19.01
ORD-10835,U1417,2026-02-24 00:00:00,Fashion,completed,34.33,6.13
ORD-10836,U1418,2026-03-03 00:00:00,Sports,completed,58.52,13.73
ORD-10837,U1418,2026-03-07 00:00:00,Beauty,completed,105.68,0.0
ORD-10838,U1418,2026-03-25 00:00:00,Sports,completed,35.16,0.0
ORD-10839,U1421,2026-03-18 00:00:00,Fashion,completed,166.32,0.0
ORD-10840,U1421,2026-03-24 00:00:00,Fashion,completed,59.49,0.0
ORD-10841,U1421,2026-04-11 00:00:00,Electronics,cancelled,186.68,44.65
ORD-10842,U1423,2026-02-27 00:00:00,Sports,completed,69.99,0.0
ORD-10843,U1423,2026-03-26 00:00:00,Fashion,completed,166.49,32.36
ORD-10844,U1423,2026-04-01 00:00:00,Home & Living,completed,109.05,0.0
ORD-10845,U1423,2026-04-09 00:00:00,Home & Living,completed,246.26,0.0
ORD-10846,U1423,2026-04-24 00:00:00,Electronics,completed,399.84,52.0
ORD-10847,U1424,2026-01-17 00:00:00,Electronics,completed,466.68,0.0
ORD-10848,U1425,2026-03-16 00:00:00,Home & Living,completed,235.62,38.36
ORD-10849,U1425,2026-03-18 00:00:00,Fashion,completed,103.42,16.44
ORD-10850,U1426,2026-04-11 00:00:00,Home & Living,refunded,183.55,0.0
ORD-10851,U1426,2026-04-15 00:00:00,Fashion,completed,158.4,0.0
ORD-10852,U1426,2026-05-12 00:00:00,Sports,completed,115.07,0.0
ORD-10853,U1427,2026-03-29 00:00:00,Fashion,completed,155.58,0.0
ORD-10854,U1427,2026-04-13 00:00:00,Beauty,completed,43.66,5.81
ORD-10855,U1428,2026-02-13 00:00:00,Beauty,completed,112.04,0.0
ORD-10856,U1428,2026-02-28 00:00:00,Sports,completed,89.8,0.0
ORD-10857,U1428,2026-03-01 00:00:00,Electronics,completed,520.46,105.91
ORD-10858,U1428,2026-03-11 00:00:00,Sports,completed,99.24,0.0
ORD-10859,U1428,2026-03-22 00:00:00,Sports,completed,54.09,5.43
ORD-10860,U1428,2026-04-07 00:00:00,Sports,completed,83.38,5.53
ORD-10861,U1428,2026-04-11 00:00:00,Electronics,completed,232.57,0.0
ORD-10862,U1430,2026-01-20 00:00:00,Electronics,completed,503.68,31.35
ORD-10863,U1430,2026-01-27 00:00:00,Electronics,completed,297.1,0.0
ORD-10864,U1431,2026-03-28 00:00:00,Electronics,completed,623.1,0.0
ORD-10865,U1432,2026-03-02 00:00:00,Beauty,refunded,76.8,4.76
ORD-10866,U1432,2026-03-03 00:00:00,Electronics,completed,632.51,83.48
ORD-10867,U1434,2026-01-16 00:00:00,Electronics,completed,97.33,0.0
ORD-10868,U1434,2026-02-11 00:00:00,Beauty,cancelled,57.34,0.0
ORD-10869,U1436,2026-01-20 00:00:00,Home & Living,completed,45.08,0.0
ORD-10870,U1436,2026-01-27 00:00:00,Fashion,cancelled,103.79,0.0
ORD-10871,U1437,2026-04-18 00:00:00,Beauty,completed,61.93,11.28
ORD-10872,U1437,2026-05-07 00:00:00,Beauty,completed,37.7,0.0
ORD-10873,U1437,2026-05-21 00:00:00,Fashion,completed,49.79,10.28
ORD-10874,U1437,2026-05-24 00:00:00,Home & Living,completed,142.99,0.0
ORD-10875,U1437,2026-05-29 00:00:00,Home & Living,completed,251.93,60.92
ORD-10877,U1438,2026-03-14 00:00:00,Electronics,completed,198.99,0.0
ORD-10878,U1439,2026-02-12 00:00:00,Fashion,completed,112.06,0.0
ORD-10879,U1439,2026-02-16 00:00:00,Sports,completed,33.34,3.0
ORD-10880,U1439,2026-02-27 00:00:00,Fashion,completed,129.05,0.0
ORD-10881,U1440,2026-01-21 00:00:00,Fashion,completed,154.33,0.0
ORD-10882,U1441,2026-04-10 00:00:00,Sports,cancelled,49.34,0.0
ORD-10883,U1443,2026-02-20 00:00:00,Sports,completed,111.12,0.0
ORD-10884,U1443,2026-02-21 00:00:00,Sports,completed,33.96,3.57
ORD-10885,U1443,2026-02-26 00:00:00,Electronics,completed,326.37,0.0
ORD-10886,U1444,2026-03-22 00:00:00,Fashion,completed,101.5,0.0
ORD-10887,U1445,2026-03-28 00:00:00,Fashion,completed,71.25,0.0
ORD-10888,U1445,2026-04-07 00:00:00,Home & Living,cancelled,182.86,0.0
ORD-10889,U1445,2026-04-15 00:00:00,Home & Living,completed,45.41,0.0
ORD-10890,U1445,2026-04-21 00:00:00,Beauty,completed,34.65,0.0
ORD-10891,U1445,2026-04-27 00:00:00,Electronics,completed,633.46,0.0
ORD-10892,U1447,2026-03-15 00:00:00,Home & Living,completed,290.82,30.42
ORD-10893,U1447,2026-03-27 00:00:00,Beauty,completed,108.97,0.0
ORD-10894,U1448,2026-02-05 00:00:00,Fashion,completed,143.27,0.0
ORD-10895,U1449,2026-01-09 00:00:00,Beauty,completed,100.76,0.0
ORD-10896,U1449,2026-01-13 00:00:00,Beauty,completed,108.72,0.0
ORD-10897,U1451,2026-03-04 00:00:00,Home & Living,completed,204.55,32.88
ORD-10898,U1454,2026-01-25 00:00:00,Electronics,completed,278.17,16.07
ORD-10899,U1455,2026-02-19 00:00:00,Electronics,completed,161.1,0.0
ORD-10900,U1457,2026-03-21 00:00:00,Electronics,completed,524.38,0.0
ORD-10901,U1457,2026-03-27 00:00:00,Electronics,completed,520.13,0.0
ORD-10902,U1458,2026-01-21 00:00:00,Home & Living,completed,163.92,35.63
ORD-10903,U1459,2026-02-07 00:00:00,Sports,completed,50.68,0.0
ORD-10904,U1461,2026-03-30 00:00:00,Fashion,cancelled,51.33,0.0
ORD-10905,U1461,2026-04-05 00:00:00,Electronics,completed,145.79,0.0
ORD-10906,U1461,2026-04-16 00:00:00,Sports,completed,56.24,5.89
ORD-10907,U1461,2026-05-06 00:00:00,Beauty,refunded,28.37,0.0
ORD-10908,U1462,2026-03-15 00:00:00,Beauty,completed,94.64,0.0
ORD-10909,U1463,2026-04-11 00:00:00,Sports,completed,29.6,4.9
ORD-10910,U1463,2026-04-18 00:00:00,Beauty,completed,111.34,0.0
ORD-10911,U1464,2026-03-31 00:00:00,Fashion,completed,73.58,0.0
ORD-10912,U1465,2026-02-08 00:00:00,Electronics,completed,545.99,0.0
ORD-10913,U1468,2026-02-09 00:00:00,Beauty,completed,28.31,0.0
ORD-10914,U1468,2026-02-17 00:00:00,Electronics,completed,633.21,0.0
ORD-10915,U1468,2026-02-18 00:00:00,Sports,cancelled,81.1,0.0
ORD-10916,U1469,2026-04-16 00:00:00,Electronics,completed,465.01,86.78
ORD-10917,U1470,2026-01-06 00:00:00,Sports,completed,42.31,0.0
ORD-10918,U1471,2026-03-31 00:00:00,Beauty,completed,86.84,0.0
ORD-10919,U1471,2026-04-05 00:00:00,Electronics,completed,638.27,0.0
ORD-10920,U1472,2026-02-05 00:00:00,Beauty,completed,109.58,8.05
ORD-10921,U1472,2026-03-16 00:00:00,Electronics,cancelled,356.0,0.0
ORD-10922,U1473,2026-04-15 00:00:00,Sports,completed,43.07,6.65
ORD-10923,U1474,2026-02-21 00:00:00,Beauty,completed,110.03,0.0
ORD-10924,U1474,2026-02-23 00:00:00,Electronics,completed,303.7,71.76
ORD-10925,U1475,2026-04-23 00:00:00,Home & Living,completed,56.41,14.09
ORD-10926,U1475,2026-05-08 00:00:00,Beauty,completed,57.75,0.0
ORD-10927,U1475,2026-05-19 00:00:00,Electronics,completed,423.95,0.0
ORD-10928,U1476,2026-01-14 00:00:00,Beauty,cancelled,41.22,0.0
ORD-10929,U1477,2026-04-02 00:00:00,Sports,completed,97.63,0.0
ORD-10930,U1477,2026-04-03 00:00:00,Electronics,completed,143.63,0.0
ORD-10932,U1478,2026-04-24 00:00:00,Fashion,completed,161.92,19.09
ORD-10933,U1478,2026-04-25 00:00:00,Fashion,completed,169.33,0.0
ORD-10934,U1480,2026-03-18 00:00:00,Sports,completed,104.73,0.0
ORD-10935,U1480,2026-03-21 00:00:00,Fashion,completed,135.44,0.0
ORD-10936,U1480,2026-03-25 00:00:00,Electronics,completed,194.04,14.34
ORD-10937,U1480,2026-03-31 00:00:00,Home & Living,completed,278.4,0.0
ORD-10938,U1481,2026-03-26 00:00:00,Beauty,completed,25.71,3.66
ORD-10939,U1481,2026-04-07 00:00:00,Sports,refunded,114.23,0.0
ORD-10940,U1481,2026-04-10 00:00:00,Electronics,completed,542.98,0.0
ORD-10941,U1482,2026-03-03 00:00:00,Sports,completed,58.48,13.1
ORD-10942,U1482,2026-03-23 00:00:00,Sports,completed,51.09,0.0
ORD-10943,U1482,2026-04-19 00:00:00,Fashion,completed,105.68,0.0
ORD-10944,U1482,2026-04-20 00:00:00,Home & Living,completed,75.78,0.0
ORD-10945,U1482,2026-04-25 00:00:00,Home & Living,completed,70.51,16.14
ORD-10946,U1483,2026-03-05 00:00:00,Sports,completed,97.37,0.0
ORD-10947,U1483,2026-04-02 00:00:00,Electronics,completed,542.68,0.0
ORD-10948,U1483,2026-04-04 00:00:00,Sports,cancelled,55.43,0.0
ORD-10949,U1484,2026-03-13 00:00:00,Sports,completed,113.46,7.66
ORD-10950,U1484,2026-04-06 00:00:00,Fashion,completed,57.01,0.0
ORD-10951,U1485,2026-03-24 00:00:00,Fashion,completed,133.43,28.53
ORD-10952,U1486,2026-01-16 00:00:00,Fashion,completed,142.89,0.0
ORD-10953,U1486,2026-01-23 00:00:00,Fashion,completed,68.64,5.42
ORD-10954,U1486,2026-01-24 00:00:00,Sports,completed,79.44,0.0
ORD-10955,U1487,2026-02-16 00:00:00,Home & Living,completed,288.24,36.48
ORD-10956,U1487,2026-03-02 00:00:00,Fashion,completed,151.29,0.0
ORD-10957,U1487,2026-03-03 00:00:00,Fashion,completed,143.13,0.0
ORD-10958,U1487,2026-03-06 00:00:00,Home & Living,refunded,144.12,31.95
ORD-10959,U1487,2026-03-18 00:00:00,Electronics,completed,202.99,22.55
ORD-10960,U1487,2026-04-24 00:00:00,Home & Living,completed,45.93,3.62
ORD-10961,U1487,2026-05-23 00:00:00,Fashion,completed,89.49,6.55
ORD-10962,U1487,2026-05-29 00:00:00,Sports,completed,32.25,4.85
ORD-10964,U1488,2026-04-12 00:00:00,Beauty,cancelled,92.07,9.86
ORD-10965,U1489,2026-03-25 00:00:00,Home & Living,completed,299.61,0.0
ORD-10966,U1491,2026-03-03 00:00:00,Fashion,completed,84.23,0.0
ORD-10967,U1492,2026-01-26 00:00:00,Beauty,completed,87.4,0.0
ORD-10968,U1493,2026-02-01 00:00:00,Sports,completed,95.65,19.19
ORD-10969,U1496,2026-03-15 00:00:00,Home & Living,completed,75.58,14.51
ORD-10970,U1497,2026-01-15 00:00:00,Beauty,completed,43.82,0.0
ORD-10971,U1497,2026-02-16 00:00:00,Home & Living,completed,255.2,0.0
ORD-10972,U1498,2026-04-01 00:00:00,Fashion,completed,34.39,0.0
ORD-10973,U1500,2026-03-15 00:00:00,Electronics,completed,369.5,0.0
ORD-10974,U1500,2026-04-13 00:00:00,Electronics,cancelled,374.85,79.96
ORD-10975,U1500,2026-04-26 00:00:00,Electronics,completed,441.41,26.68
ORD-10976,U1500,2026-04-27 00:00:00,Sports,completed,98.84,0.0
ORD-10977,U1502,2026-01-29 00:00:00,Sports,completed,105.09,0.0
ORD-10978,U1503,2026-03-31 00:00:00,Electronics,completed,133.97,0.0
ORD-10979,U1503,2026-04-13 00:00:00,Beauty,completed,59.42,0.0
ORD-10980,U1503,2026-04-29 00:00:00,Home & Living,completed,171.67,0.0
ORD-10981,U1504,2026-03-10 00:00:00,Electronics,cancelled,245.62,45.06
ORD-10982,U1505,2026-01-18 00:00:00,Beauty,completed,88.74,0.0
ORD-10983,U1505,2026-02-04 00:00:00,Beauty,completed,31.98,4.9
ORD-10984,U1507,2026-04-16 00:00:00,Home & Living,completed,162.18,0.0
ORD-10985,U1508,2026-04-29 00:00:00,Fashion,refunded,146.98,0.0
ORD-10986,U1509,2026-04-01 00:00:00,Sports,completed,96.73,8.18
ORD-10987,U1509,2026-04-12 00:00:00,Electronics,completed,639.76,147.53
ORD-10988,U1509,2026-04-17 00:00:00,Sports,completed,94.55,0.0
ORD-10989,U1509,2026-04-27 00:00:00,Beauty,completed,98.26,17.22
ORD-10990,U1510,2026-03-08 00:00:00,Home & Living,completed,62.76,11.03
ORD-10991,U1510,2026-04-30 00:00:00,Home & Living,completed,172.76,0.0
ORD-10992,U1513,2026-03-21 00:00:00,Beauty,completed,66.51,5.58
ORD-10993,U1514,2026-01-09 00:00:00,Beauty,completed,61.41,0.0
ORD-10994,U1515,2026-01-04 00:00:00,Electronics,cancelled,272.07,17.25
ORD-10995,U1515,2026-01-19 00:00:00,Fashion,completed,132.24,0.0
ORD-10996,U1517,2026-05-18 00:00:00,Beauty,completed,65.18,0.0
ORD-10998,U1518,2026-04-30 00:00:00,Fashion,completed,45.2,2.69
ORD-10999,U1520,2026-02-28 00:00:00,Beauty,completed,25.75,0.0
ORD-11000,U1520,2026-03-05 00:00:00,Fashion,completed,131.93,0.0
ORD-11001,U1520,2026-03-08 00:00:00,Home & Living,completed,91.97,0.0
ORD-11002,U1522,2026-03-31 00:00:00,Electronics,completed,228.93,0.0
ORD-11003,U1525,2026-02-15 00:00:00,Sports,completed,17.07,3.74
ORD-11004,U1526,2026-02-22 00:00:00,Fashion,completed,32.05,2.48
ORD-11005,U1527,2026-02-04 00:00:00,Beauty,completed,25.5,5.11
ORD-11006,U1527,2026-02-09 00:00:00,Electronics,completed,434.88,96.6
ORD-11007,U1527,2026-03-11 00:00:00,Sports,completed,99.79,0.0
ORD-11008,U1527,2026-03-13 00:00:00,Home & Living,completed,70.0,0.0
ORD-11009,U1528,2026-01-24 00:00:00,Beauty,completed,18.58,0.0
ORD-11010,U1529,2026-03-20 00:00:00,Fashion,completed,170.48,30.83
ORD-11011,U1529,2026-03-24 00:00:00,Fashion,completed,106.95,0.0
ORD-11012,U1530,2026-05-01 00:00:00,Home & Living,completed,299.74,0.0
ORD-11013,U1530,2026-05-26 00:00:00,Electronics,completed,435.85,94.73
ORD-11014,U1532,2026-04-24 00:00:00,Sports,completed,46.13,0.0
ORD-11015,U1532,2026-04-25 00:00:00,Home & Living,completed,234.85,56.73
ORD-11016,U1533,2026-02-20 00:00:00,Home & Living,completed,106.71,0.0
ORD-11017,U1535,2026-04-19 00:00:00,Home & Living,completed,46.76,0.0
ORD-11019,U1536,2026-03-20 00:00:00,Fashion,completed,106.09,0.0
ORD-11020,U1537,2026-01-30 00:00:00,Beauty,refunded,28.01,0.0
ORD-11021,U1537,2026-02-18 00:00:00,Fashion,completed,44.43,2.5
ORD-11022,U1538,2026-02-23 00:00:00,Fashion,completed,35.58,0.0
ORD-11023,U1538,2026-03-03 00:00:00,Beauty,completed,91.02,0.0
ORD-11024,U1539,2026-01-23 00:00:00,Electronics,completed,109.48,7.1
ORD-11025,U1540,2026-04-08 00:00:00,Sports,completed,43.67,3.38
ORD-11026,U1540,2026-04-20 00:00:00,Home & Living,completed,136.68,31.44
ORD-11027,U1541,2026-02-25 00:00:00,Fashion,completed,71.78,0.0
ORD-11028,U1542,2026-01-24 00:00:00,Beauty,completed,96.19,0.0
ORD-11029,U1542,2026-02-21 00:00:00,Fashion,completed,36.88,0.0
ORD-11030,U1543,2026-03-08 00:00:00,Sports,completed,77.47,0.0
ORD-11031,U1543,2026-04-08 00:00:00,Home & Living,completed,316.94,0.0
ORD-11032,U1543,2026-04-20 00:00:00,Beauty,completed,48.36,10.92
ORD-11033,U1543,2026-04-24 00:00:00,Beauty,completed,78.84,17.38
ORD-11034,U1544,2026-02-28 00:00:00,Electronics,completed,338.3,81.7
ORD-11035,U1544,2026-03-17 00:00:00,Electronics,completed,321.3,0.0
ORD-11036,U1544,2026-04-06 00:00:00,Electronics,completed,264.7,0.0
ORD-11037,U1545,2026-02-09 00:00:00,Home & Living,completed,109.03,0.0
ORD-11038,U1545,2026-02-15 00:00:00,Sports,completed,61.89,4.39
ORD-11039,U1545,2026-02-21 00:00:00,Electronics,completed,458.69,0.0
ORD-11040,U1546,2026-01-13 00:00:00,Beauty,completed,103.9,0.0
ORD-11041,U1546,2026-01-20 00:00:00,Home & Living,completed,239.95,0.0
ORD-11042,U1547,2026-03-13 00:00:00,Fashion,completed,64.76,15.74
ORD-11043,U1547,2026-04-12 00:00:00,Sports,completed,31.97,5.94
ORD-11044,U1548,2026-03-06 00:00:00,Electronics,completed,87.18,0.0
ORD-11045,U1549,2026-03-23 00:00:00,Fashion,completed,178.7,0.0
ORD-11046,U1550,2026-03-02 00:00:00,Electronics,completed,393.45,32.97
ORD-11047,U1550,2026-03-04 00:00:00,Home & Living,completed,146.18,0.0
ORD-11048,U1551,2026-03-24 00:00:00,Sports,completed,117.6,10.87
ORD-11049,U1551,2026-05-05 00:00:00,Sports,completed,50.04,0.0
ORD-11050,U1551,2026-05-06 00:00:00,Electronics,completed,156.04,0.0
ORD-11051,U1551,2026-05-08 00:00:00,Electronics,completed,85.19,0.0
ORD-11052,U1551,2026-05-11 00:00:00,Sports,completed,71.18,0.0
ORD-11053,U1552,2026-03-01 00:00:00,Beauty,completed,118.97,0.0
ORD-11054,U1552,2026-03-08 00:00:00,Beauty,completed,96.57,0.0
ORD-11055,U1553,2026-02-22 00:00:00,Fashion,completed,37.04,0.0
ORD-11056,U1553,2026-02-27 00:00:00,Electronics,cancelled,544.86,0.0
ORD-11057,U1553,2026-03-12 00:00:00,Fashion,completed,178.43,23.83
ORD-11058,U1554,2026-03-25 00:00:00,Home & Living,completed,288.61,0.0
ORD-11059,U1554,2026-04-21 00:00:00,Fashion,completed,64.74,0.0
ORD-11060,U1554,2026-05-02 00:00:00,Home & Living,completed,307.22,34.51
ORD-11061,U1554,2026-05-07 00:00:00,Beauty,refunded,43.77,0.0
ORD-11062,U1556,2026-01-27 00:00:00,Sports,completed,63.51,8.25
ORD-11063,U1556,2026-02-25 00:00:00,Fashion,completed,91.91,0.0
ORD-11064,U1556,2026-03-08 00:00:00,Beauty,completed,43.62,0.0
ORD-11065,U1557,2026-01-05 00:00:00,Fashion,completed,39.17,7.35
ORD-11066,U1558,2026-03-12 00:00:00,Sports,completed,84.27,9.96
ORD-11067,U1558,2026-03-20 00:00:00,Electronics,completed,168.87,0.0
ORD-11068,U1558,2026-03-23 00:00:00,Home & Living,completed,279.38,32.25
ORD-11069,U1560,2026-03-07 00:00:00,Fashion,completed,145.1,25.63
ORD-11070,U1560,2026-03-19 00:00:00,Fashion,completed,153.74,0.0
ORD-11071,U1560,2026-04-11 00:00:00,Sports,completed,104.2,0.0
ORD-11072,U1560,2026-04-14 00:00:00,Electronics,completed,508.03,98.02
ORD-11073,U1561,2026-01-31 00:00:00,Beauty,completed,42.27,0.0
ORD-11074,U1563,2026-01-16 00:00:00,Electronics,completed,469.16,0.0
ORD-11075,U1563,2026-02-10 00:00:00,Sports,completed,76.48,0.0
ORD-11076,U1563,2026-02-14 00:00:00,Sports,completed,70.95,0.0
ORD-11077,U1563,2026-02-24 00:00:00,Beauty,completed,34.62,0.0
ORD-11078,U1563,2026-02-26 00:00:00,Beauty,completed,83.77,0.0
ORD-11079,U1564,2026-02-03 00:00:00,Home & Living,completed,278.88,0.0
ORD-11080,U1565,2026-03-28 00:00:00,Sports,completed,42.83,0.0
ORD-11081,U1565,2026-04-07 00:00:00,Fashion,completed,158.11,0.0
ORD-11082,U1565,2026-04-08 00:00:00,Sports,completed,74.04,17.84
ORD-11083,U1566,2026-02-09 00:00:00,Fashion,completed,45.05,0.0
ORD-11084,U1567,2026-02-20 00:00:00,Beauty,completed,19.47,0.0
ORD-11085,U1568,2026-04-03 00:00:00,Fashion,completed,71.58,6.82
ORD-11086,U1568,2026-04-10 00:00:00,Home & Living,completed,311.62,0.0
ORD-11087,U1569,2026-02-08 00:00:00,Fashion,completed,58.74,9.41
ORD-11088,U1569,2026-02-23 00:00:00,Home & Living,completed,96.54,0.0
ORD-11089,U1569,2026-03-05 00:00:00,Electronics,completed,201.2,0.0
ORD-11090,U1569,2026-03-07 00:00:00,Fashion,completed,85.14,0.0
ORD-11091,U1570,2026-02-27 00:00:00,Fashion,completed,34.94,7.29
ORD-11092,U1572,2026-02-06 00:00:00,Fashion,completed,71.37,0.0
ORD-11093,U1573,2026-03-02 00:00:00,Beauty,completed,34.61,0.0
ORD-11094,U1573,2026-04-20 00:00:00,Home & Living,completed,307.83,68.58
ORD-11096,U1575,2026-04-03 00:00:00,Sports,completed,22.5,0.0
ORD-11097,U1575,2026-04-30 00:00:00,Sports,completed,103.43,0.0
ORD-11098,U1575,2026-05-01 00:00:00,Fashion,completed,153.42,0.0
ORD-11099,U1575,2026-05-05 00:00:00,Electronics,completed,189.38,0.0
ORD-11100,U1576,2026-01-25 00:00:00,Sports,completed,71.39,0.0
ORD-11101,U1577,2026-04-06 00:00:00,Beauty,completed,37.86,2.66
ORD-11102,U1577,2026-04-20 00:00:00,Beauty,completed,92.02,0.0
ORD-11103,U1577,2026-04-22 00:00:00,Beauty,completed,79.38,0.0
ORD-11104,U1578,2026-02-25 00:00:00,Fashion,completed,84.29,0.0
ORD-11105,U1578,2026-03-16 00:00:00,Beauty,completed,109.49,25.2
ORD-11106,U1578,2026-03-29 00:00:00,Home & Living,completed,267.19,19.87
ORD-11107,U1578,2026-04-04 00:00:00,Sports,completed,25.36,0.0
ORD-11108,U1578,2026-04-07 00:00:00,Electronics,cancelled,297.35,0.0
ORD-11109,U1580,2026-02-21 00:00:00,Sports,completed,90.27,0.0
ORD-11110,U1580,2026-02-27 00:00:00,Fashion,completed,121.96,0.0
ORD-11111,U1580,2026-03-07 00:00:00,Beauty,completed,83.2,0.0
ORD-11112,U1581,2026-04-05 00:00:00,Home & Living,cancelled,209.02,0.0
ORD-11113,U1582,2026-02-15 00:00:00,Electronics,completed,482.49,0.0
ORD-11114,U1583,2026-02-24 00:00:00,Beauty,cancelled,92.22,0.0
ORD-11115,U1583,2026-02-27 00:00:00,Fashion,completed,39.97,5.83
ORD-11116,U1585,2026-02-01 00:00:00,Beauty,completed,71.48,0.0
ORD-11117,U1586,2026-01-14 00:00:00,Electronics,completed,403.67,0.0
ORD-11118,U1586,2026-01-17 00:00:00,Electronics,completed,217.35,0.0
ORD-11119,U1586,2026-01-21 00:00:00,Fashion,completed,86.16,9.22
ORD-11120,U1586,2026-01-26 00:00:00,Home & Living,completed,276.58,0.0
ORD-11121,U1588,2026-02-07 00:00:00,Sports,completed,83.78,0.0
ORD-11122,U1588,2026-03-01 00:00:00,Electronics,completed,170.81,0.0
ORD-11123,U1588,2026-03-13 00:00:00,Electronics,completed,109.45,21.96
ORD-11124,U1589,2026-01-18 00:00:00,Sports,cancelled,28.45,0.0
ORD-11125,U1589,2026-01-22 00:00:00,Electronics,completed,605.2,0.0
ORD-11126,U1589,2026-02-05 00:00:00,Beauty,completed,90.23,22.33
ORD-11127,U1589,2026-02-20 00:00:00,Beauty,cancelled,79.58,17.28
ORD-11128,U1591,2026-03-16 00:00:00,Fashion,completed,56.31,0.0
ORD-11129,U1592,2026-01-29 00:00:00,Fashion,completed,92.68,21.61
ORD-11130,U1594,2026-04-13 00:00:00,Sports,cancelled,23.89,0.0
ORD-11131,U1595,2026-03-05 00:00:00,Fashion,completed,59.3,5.55
ORD-11132,U1595,2026-03-15 00:00:00,Fashion,completed,174.39,0.0
ORD-11133,U1595,2026-03-31 00:00:00,Sports,completed,111.93,0.0
ORD-11134,U1595,2026-04-11 00:00:00,Sports,completed,95.1,0.0
ORD-11135,U1595,2026-04-20 00:00:00,Beauty,completed,54.05,4.18
ORD-11136,U1595,2026-04-21 00:00:00,Sports,completed,98.3,0.0
ORD-11137,U1595,2026-05-05 00:00:00,Fashion,completed,75.44,13.13
ORD-11138,U1596,2026-03-12 00:00:00,Beauty,completed,42.17,3.47
ORD-11139,U1596,2026-03-23 00:00:00,Home & Living,completed,89.99,0.0
ORD-11140,U1596,2026-03-30 00:00:00,Fashion,completed,168.29,0.0
ORD-11141,U1596,2026-04-13 00:00:00,Sports,completed,29.3,4.65
ORD-11142,U1598,2026-01-24 00:00:00,Sports,refunded,33.31,0.0
ORD-11143,U1598,2026-01-31 00:00:00,Home & Living,completed,250.0,31.59
ORD-11144,U1600,2026-02-02 00:00:00,Fashion,completed,151.65,0.0
ORD-11145,U1600,2026-02-07 00:00:00,Home & Living,completed,207.07,34.89
ORD-11146,U1604,2026-01-18 00:00:00,Home & Living,completed,155.95,0.0
ORD-11147,U1604,2026-01-23 00:00:00,Beauty,completed,112.99,22.93
ORD-11148,U1604,2026-01-29 00:00:00,Fashion,completed,79.63,9.93
ORD-11149,U1604,2026-02-03 00:00:00,Home & Living,refunded,99.7,0.0
ORD-11150,U1604,2026-02-11 00:00:00,Fashion,refunded,62.17,0.0
ORD-11151,U1604,2026-03-02 00:00:00,Electronics,completed,625.37,91.12
ORD-11152,U1604,2026-03-11 00:00:00,Home & Living,completed,155.02,0.0
ORD-11153,U1604,2026-03-16 00:00:00,Home & Living,completed,72.84,0.0
ORD-11154,U1605,2026-03-02 00:00:00,Home & Living,completed,186.0,0.0
ORD-11155,U1605,2026-03-05 00:00:00,Home & Living,completed,272.01,0.0
ORD-11156,U1605,2026-03-15 00:00:00,Electronics,completed,122.95,0.0
ORD-11157,U1605,2026-03-27 00:00:00,Beauty,completed,80.58,8.8
ORD-11158,U1605,2026-04-21 00:00:00,Beauty,completed,116.09,12.03
ORD-11159,U1605,2026-05-08 00:00:00,Home & Living,completed,67.97,0.0
ORD-11160,U1605,2026-05-24 00:00:00,Beauty,cancelled,59.66,0.0
ORD-11161,U1605,2026-05-31 00:00:00,Beauty,completed,16.15,0.0
ORD-11163,U1606,2026-01-30 00:00:00,Fashion,cancelled,151.03,0.0
ORD-11164,U1606,2026-02-09 00:00:00,Beauty,completed,45.7,0.0
ORD-11165,U1606,2026-02-13 00:00:00,Home & Living,completed,148.52,0.0
ORD-11166,U1606,2026-02-22 00:00:00,Sports,cancelled,37.41,0.0
ORD-11167,U1606,2026-03-01 00:00:00,Beauty,completed,57.04,4.28
ORD-11168,U1607,2026-02-21 00:00:00,Beauty,completed,50.54,0.0
ORD-11169,U1607,2026-03-03 00:00:00,Beauty,completed,32.84,3.5
ORD-11170,U1607,2026-03-04 00:00:00,Beauty,completed,42.86,6.67
ORD-11171,U1607,2026-03-30 00:00:00,Home & Living,completed,208.94,15.41
ORD-11172,U1607,2026-04-07 00:00:00,Fashion,completed,43.59,0.0
ORD-11173,U1608,2026-04-02 00:00:00,Sports,completed,35.94,3.5
ORD-11174,U1608,2026-04-18 00:00:00,Sports,completed,107.76,0.0
ORD-11175,U1609,2026-03-17 00:00:00,Electronics,cancelled,440.62,47.87
ORD-11176,U1612,2026-02-27 00:00:00,Beauty,completed,109.48,12.28
ORD-11177,U1612,2026-03-09 00:00:00,Home & Living,completed,297.76,0.0
ORD-11178,U1612,2026-03-10 00:00:00,Beauty,completed,53.48,13.1
ORD-11179,U1612,2026-04-15 00:00:00,Fashion,completed,55.06,12.41
ORD-11180,U1612,2026-04-27 00:00:00,Electronics,completed,402.36,0.0
ORD-11181,U1614,2026-04-12 00:00:00,Beauty,cancelled,117.6,0.0
ORD-11182,U1614,2026-05-19 00:00:00,Beauty,completed,72.64,4.21
ORD-11183,U1614,2026-05-22 00:00:00,Electronics,completed,467.45,67.83
ORD-11184,U1615,2026-04-10 00:00:00,Sports,completed,61.64,0.0
ORD-11185,U1616,2026-02-12 00:00:00,Sports,completed,110.74,24.02
ORD-11186,U1616,2026-02-25 00:00:00,Sports,refunded,112.4,0.0
ORD-11187,U1616,2026-03-08 00:00:00,Fashion,completed,82.53,0.0
ORD-11188,U1618,2026-03-17 00:00:00,Sports,completed,35.4,0.0
ORD-11189,U1618,2026-03-29 00:00:00,Home & Living,completed,146.84,0.0
ORD-11190,U1619,2026-04-13 00:00:00,Fashion,completed,172.34,0.0
ORD-11191,U1619,2026-04-26 00:00:00,Beauty,cancelled,52.42,11.6
ORD-11192,U1619,2026-05-01 00:00:00,Sports,completed,15.43,3.76
ORD-11193,U1619,2026-05-08 00:00:00,Beauty,cancelled,41.56,0.0
ORD-11194,U1619,2026-05-28 00:00:00,Sports,completed,119.75,7.29
ORD-11195,U1620,2026-01-22 00:00:00,Sports,completed,96.3,0.0
ORD-11196,U1621,2026-03-02 00:00:00,Sports,completed,18.37,2.18
ORD-11197,U1621,2026-03-10 00:00:00,Fashion,refunded,105.92,16.79
ORD-11198,U1621,2026-03-13 00:00:00,Fashion,completed,132.31,0.0
ORD-11199,U1621,2026-03-19 00:00:00,Beauty,completed,33.01,0.0
ORD-11200,U1621,2026-03-22 00:00:00,Fashion,completed,113.96,11.7
ORD-11201,U1621,2026-04-05 00:00:00,Sports,completed,99.9,14.21
ORD-11202,U1622,2026-02-18 00:00:00,Beauty,completed,91.31,0.0
ORD-11203,U1622,2026-03-06 00:00:00,Electronics,completed,607.01,0.0
ORD-11204,U1622,2026-03-13 00:00:00,Fashion,completed,40.84,0.0
ORD-11205,U1622,2026-03-17 00:00:00,Beauty,completed,88.85,17.92
ORD-11206,U1622,2026-03-27 00:00:00,Sports,completed,71.39,0.0
ORD-11207,U1622,2026-04-07 00:00:00,Fashion,completed,107.48,0.0
ORD-11208,U1622,2026-04-30 00:00:00,Sports,completed,92.09,0.0
ORD-11209,U1622,2026-05-05 00:00:00,Beauty,completed,34.62,0.0
ORD-11210,U1623,2026-02-18 00:00:00,Electronics,refunded,613.04,0.0
ORD-11211,U1623,2026-03-12 00:00:00,Electronics,completed,288.27,0.0
ORD-11212,U1623,2026-03-14 00:00:00,Beauty,completed,116.46,23.12
ORD-11213,U1623,2026-03-25 00:00:00,Beauty,completed,73.33,0.0
ORD-11214,U1623,2026-04-24 00:00:00,Beauty,cancelled,38.07,0.0
ORD-11215,U1623,2026-04-26 00:00:00,Home & Living,completed,87.67,20.63
ORD-11216,U1623,2026-05-04 00:00:00,Beauty,completed,35.91,0.0
ORD-11217,U1624,2026-02-27 00:00:00,Fashion,completed,164.07,0.0
ORD-11218,U1625,2026-02-05 00:00:00,Beauty,completed,19.9,0.0
ORD-11219,U1625,2026-02-06 00:00:00,Fashion,completed,92.12,0.0
ORD-11220,U1625,2026-02-12 00:00:00,Beauty,completed,116.04,8.13
ORD-11221,U1626,2026-02-25 00:00:00,Sports,completed,32.83,0.0
ORD-11222,U1626,2026-03-13 00:00:00,Home & Living,completed,122.17,12.6
ORD-11223,U1626,2026-03-19 00:00:00,Beauty,completed,18.61,0.0
ORD-11224,U1626,2026-03-22 00:00:00,Beauty,completed,76.02,0.0
ORD-11225,U1627,2026-04-02 00:00:00,Beauty,completed,82.4,0.0
ORD-11226,U1627,2026-04-09 00:00:00,Home & Living,completed,128.78,0.0
ORD-11227,U1627,2026-04-16 00:00:00,Sports,completed,33.32,0.0
ORD-11228,U1627,2026-04-24 00:00:00,Beauty,cancelled,73.54,0.0
ORD-11229,U1627,2026-05-01 00:00:00,Home & Living,cancelled,249.3,0.0
ORD-11230,U1627,2026-05-22 00:00:00,Fashion,cancelled,34.68,0.0
ORD-11231,U1627,2026-05-28 00:00:00,Fashion,completed,39.39,0.0
ORD-11233,U1628,2026-01-17 00:00:00,Beauty,completed,33.61,0.0
ORD-11234,U1628,2026-01-19 00:00:00,Beauty,completed,63.26,11.21
ORD-11235,U1628,2026-01-21 00:00:00,Fashion,completed,44.55,0.0
ORD-11236,U1629,2026-02-06 00:00:00,Fashion,completed,94.34,0.0
ORD-11237,U1630,2026-03-11 00:00:00,Sports,cancelled,47.68,0.0
ORD-11238,U1631,2026-04-15 00:00:00,Sports,completed,111.73,11.12
ORD-11239,U1631,2026-04-16 00:00:00,Electronics,completed,467.26,0.0
ORD-11240,U1631,2026-04-26 00:00:00,Electronics,cancelled,325.51,0.0
ORD-11241,U1631,2026-04-30 00:00:00,Home & Living,completed,279.18,21.3
ORD-11242,U1633,2026-02-21 00:00:00,Fashion,completed,84.12,0.0
ORD-11243,U1633,2026-02-26 00:00:00,Sports,completed,83.47,0.0
ORD-11244,U1633,2026-03-10 00:00:00,Sports,completed,71.41,0.0
ORD-11245,U1634,2026-01-30 00:00:00,Fashion,completed,151.03,0.0
ORD-11246,U1635,2026-02-11 00:00:00,Home & Living,completed,164.87,28.27
ORD-11247,U1635,2026-02-23 00:00:00,Sports,completed,92.04,0.0
ORD-11248,U1635,2026-03-05 00:00:00,Beauty,completed,20.77,3.32
ORD-11249,U1638,2026-01-31 00:00:00,Electronics,cancelled,231.93,41.7
ORD-11250,U1638,2026-02-03 00:00:00,Electronics,completed,622.34,0.0
ORD-11251,U1638,2026-02-18 00:00:00,Sports,completed,111.32,0.0
ORD-11252,U1639,2026-02-20 00:00:00,Sports,completed,38.11,0.0
ORD-11253,U1639,2026-03-17 00:00:00,Sports,completed,95.94,8.73
ORD-11254,U1639,2026-03-27 00:00:00,Electronics,completed,594.61,79.81
ORD-11255,U1639,2026-04-02 00:00:00,Fashion,completed,70.76,0.0
ORD-11256,U1639,2026-04-18 00:00:00,Sports,completed,110.85,0.0
ORD-11257,U1640,2026-01-13 00:00:00,Fashion,completed,148.96,0.0
ORD-11258,U1640,2026-01-17 00:00:00,Home & Living,completed,88.15,0.0
ORD-11259,U1643,2026-03-16 00:00:00,Sports,completed,21.79,0.0
ORD-11260,U1644,2026-01-19 00:00:00,Beauty,completed,39.67,0.0
ORD-11261,U1645,2026-03-27 00:00:00,Electronics,completed,95.26,17.83
ORD-11262,U1646,2026-02-24 00:00:00,Fashion,completed,159.1,0.0
ORD-11263,U1646,2026-02-27 00:00:00,Home & Living,completed,106.45,0.0
ORD-11264,U1646,2026-03-02 00:00:00,Electronics,completed,333.9,0.0
ORD-11265,U1647,2026-03-09 00:00:00,Home & Living,completed,103.28,0.0
ORD-11266,U1650,2026-01-28 00:00:00,Beauty,completed,35.87,0.0
ORD-11267,U1650,2026-01-31 00:00:00,Electronics,cancelled,393.31,0.0
ORD-11268,U1651,2026-02-25 00:00:00,Home & Living,completed,319.28,0.0
ORD-11269,U1652,2026-03-19 00:00:00,Beauty,completed,48.36,0.0
ORD-11270,U1654,2026-02-11 00:00:00,Electronics,completed,293.67,0.0
ORD-11271,U1654,2026-02-16 00:00:00,Electronics,completed,232.77,54.67
ORD-11272,U1654,2026-03-15 00:00:00,Beauty,completed,76.17,0.0
ORD-11273,U1654,2026-03-17 00:00:00,Sports,completed,71.52,0.0
ORD-11274,U1654,2026-04-06 00:00:00,Sports,completed,34.84,0.0
ORD-11275,U1654,2026-04-15 00:00:00,Beauty,completed,76.34,0.0
ORD-11276,U1654,2026-04-23 00:00:00,Electronics,refunded,209.26,0.0
ORD-11277,U1654,2026-05-16 00:00:00,Fashion,completed,136.34,0.0
ORD-11278,U1654,2026-05-29 00:00:00,Beauty,refunded,96.98,14.2
ORD-11280,U1658,2026-03-01 00:00:00,Fashion,cancelled,165.36,9.21
ORD-11281,U1659,2026-02-22 00:00:00,Electronics,completed,340.43,0.0
ORD-11282,U1659,2026-02-26 00:00:00,Home & Living,completed,56.08,0.0
ORD-11283,U1659,2026-02-28 00:00:00,Electronics,cancelled,193.4,0.0
ORD-11284,U1659,2026-03-11 00:00:00,Fashion,completed,72.93,0.0
ORD-11285,U1659,2026-03-28 00:00:00,Fashion,completed,45.7,0.0
ORD-11286,U1659,2026-03-30 00:00:00,Electronics,completed,293.56,21.38
ORD-11287,U1659,2026-04-23 00:00:00,Beauty,completed,78.23,0.0
ORD-11288,U1659,2026-05-02 00:00:00,Beauty,completed,119.82,8.88
ORD-11289,U1659,2026-05-15 00:00:00,Beauty,completed,104.03,0.0
ORD-11290,U1660,2026-02-11 00:00:00,Home & Living,completed,146.77,17.77
ORD-11291,U1660,2026-02-20 00:00:00,Electronics,completed,468.62,0.0
ORD-11292,U1660,2026-02-21 00:00:00,Sports,completed,77.09,0.0
ORD-11293,U1661,2026-04-04 00:00:00,Home & Living,completed,101.63,5.4
ORD-11294,U1661,2026-04-13 00:00:00,Beauty,cancelled,61.6,14.12
ORD-11295,U1665,2026-01-24 00:00:00,Fashion,completed,121.46,27.58
ORD-11296,U1665,2026-02-08 00:00:00,Fashion,completed,155.77,0.0
ORD-11297,U1665,2026-02-11 00:00:00,Sports,cancelled,64.0,0.0
ORD-11298,U1665,2026-02-19 00:00:00,Electronics,completed,514.92,90.78
ORD-11299,U1665,2026-03-27 00:00:00,Electronics,completed,274.19,0.0
ORD-11300,U1665,2026-03-28 00:00:00,Beauty,completed,92.87,0.0
ORD-11301,U1665,2026-03-30 00:00:00,Electronics,completed,361.74,0.0
ORD-11302,U1665,2026-04-26 00:00:00,Sports,completed,47.71,5.41
ORD-11303,U1665,2026-05-25 00:00:00,Home & Living,completed,63.71,0.0
ORD-11304,U1668,2026-03-14 00:00:00,Electronics,completed,273.93,66.1
ORD-11305,U1668,2026-03-30 00:00:00,Sports,completed,59.59,7.94
ORD-11306,U1668,2026-04-12 00:00:00,Sports,cancelled,72.7,0.0
ORD-11307,U1668,2026-04-25 00:00:00,Beauty,completed,62.2,0.0
ORD-11308,U1668,2026-04-30 00:00:00,Fashion,completed,67.92,6.58
ORD-11309,U1668,2026-05-11 00:00:00,Beauty,completed,101.14,14.46
ORD-11310,U1668,2026-05-19 00:00:00,Electronics,completed,160.71,0.0
ORD-11312,U1669,2026-02-10 00:00:00,Sports,completed,74.66,0.0
ORD-11313,U1670,2026-02-19 00:00:00,Electronics,completed,141.19,0.0
ORD-11314,U1670,2026-03-23 00:00:00,Fashion,completed,64.62,13.16
ORD-11315,U1670,2026-04-13 00:00:00,Electronics,completed,128.31,0.0
ORD-11316,U1670,2026-04-17 00:00:00,Beauty,completed,113.5,0.0
ORD-11317,U1670,2026-04-29 00:00:00,Sports,cancelled,116.31,0.0
ORD-11318,U1671,2026-03-23 00:00:00,Beauty,completed,98.81,12.77
ORD-11319,U1671,2026-03-28 00:00:00,Fashion,completed,67.32,0.0
ORD-11320,U1671,2026-04-04 00:00:00,Electronics,completed,415.75,42.32
ORD-11321,U1671,2026-04-17 00:00:00,Beauty,completed,40.95,0.0
ORD-11322,U1671,2026-04-28 00:00:00,Fashion,completed,101.02,5.75
ORD-11323,U1671,2026-05-05 00:00:00,Electronics,completed,374.66,0.0
ORD-11324,U1672,2026-01-10 00:00:00,Home & Living,refunded,101.89,25.06
ORD-11325,U1673,2026-03-05 00:00:00,Sports,completed,88.39,0.0
ORD-11326,U1676,2026-01-13 00:00:00,Home & Living,completed,84.88,9.05
ORD-11327,U1676,2026-01-22 00:00:00,Home & Living,cancelled,126.71,14.09
ORD-11328,U1676,2026-02-07 00:00:00,Sports,completed,67.54,15.59
ORD-11329,U1676,2026-02-12 00:00:00,Sports,completed,82.53,0.0
ORD-11330,U1676,2026-02-13 00:00:00,Electronics,completed,597.13,63.41
ORD-11331,U1676,2026-02-15 00:00:00,Beauty,completed,84.83,0.0
ORD-11332,U1676,2026-02-17 00:00:00,Electronics,completed,87.66,16.35
ORD-11333,U1676,2026-03-11 00:00:00,Home & Living,completed,242.79,0.0
ORD-11334,U1676,2026-03-12 00:00:00,Home & Living,completed,74.37,0.0
ORD-11335,U1676,2026-03-16 00:00:00,Home & Living,completed,185.88,0.0
ORD-11336,U1677,2026-02-14 00:00:00,Home & Living,completed,279.72,61.47
ORD-11337,U1677,2026-02-25 00:00:00,Beauty,completed,26.4,0.0
ORD-11338,U1678,2026-05-01 00:00:00,Home & Living,completed,136.15,0.0
ORD-11339,U1678,2026-05-08 00:00:00,Sports,completed,19.09,4.13
ORD-11340,U1679,2026-03-20 00:00:00,Electronics,completed,431.29,80.14
ORD-11341,U1679,2026-03-27 00:00:00,Fashion,completed,146.05,35.02
ORD-11342,U1679,2026-04-09 00:00:00,Fashion,completed,167.23,22.66
ORD-11343,U1679,2026-05-07 00:00:00,Home & Living,completed,236.81,17.38
ORD-11344,U1679,2026-05-08 00:00:00,Electronics,completed,502.68,61.62
ORD-11345,U1679,2026-05-14 00:00:00,Beauty,completed,113.02,23.04
ORD-11346,U1680,2026-04-02 00:00:00,Sports,completed,17.83,0.0
ORD-11347,U1680,2026-04-19 00:00:00,Fashion,completed,147.41,25.05
ORD-11348,U1680,2026-04-20 00:00:00,Fashion,completed,86.5,18.81
ORD-11349,U1680,2026-05-05 00:00:00,Home & Living,completed,275.65,50.15
ORD-11350,U1680,2026-05-06 00:00:00,Home & Living,completed,114.92,13.9
ORD-11351,U1680,2026-05-16 00:00:00,Electronics,completed,307.34,0.0
ORD-11352,U1680,2026-05-18 00:00:00,Home & Living,completed,207.57,13.47
ORD-11353,U1681,2026-02-13 00:00:00,Fashion,completed,153.82,0.0
ORD-11354,U1681,2026-03-03 00:00:00,Fashion,completed,41.12,0.0
ORD-11355,U1681,2026-04-09 00:00:00,Fashion,completed,48.14,0.0
ORD-11356,U1682,2026-01-27 00:00:00,Sports,completed,68.91,9.83
ORD-11357,U1683,2026-03-03 00:00:00,Fashion,completed,74.75,0.0
ORD-11358,U1683,2026-03-27 00:00:00,Fashion,completed,27.34,0.0
ORD-11359,U1684,2026-04-14 00:00:00,Home & Living,cancelled,134.6,11.89
ORD-11360,U1684,2026-04-15 00:00:00,Electronics,completed,299.11,0.0
ORD-11361,U1684,2026-04-19 00:00:00,Sports,completed,74.03,0.0
ORD-11362,U1684,2026-04-21 00:00:00,Fashion,completed,174.72,0.0
ORD-11363,U1684,2026-05-08 00:00:00,Home & Living,completed,123.98,17.25
ORD-11364,U1685,2026-03-16 00:00:00,Sports,completed,15.03,0.0
ORD-11365,U1686,2026-03-05 00:00:00,Electronics,completed,536.36,0.0
ORD-11366,U1686,2026-03-08 00:00:00,Beauty,completed,91.04,0.0
ORD-11367,U1689,2026-01-22 00:00:00,Beauty,completed,65.82,0.0
ORD-11368,U1689,2026-03-06 00:00:00,Electronics,completed,590.17,0.0
ORD-11369,U1690,2026-02-18 00:00:00,Sports,completed,45.38,0.0
ORD-11370,U1691,2026-02-15 00:00:00,Electronics,completed,105.25,0.0
ORD-11371,U1691,2026-02-23 00:00:00,Fashion,completed,46.87,6.59
ORD-11372,U1693,2026-01-30 00:00:00,Sports,completed,66.86,0.0
ORD-11373,U1694,2026-01-29 00:00:00,Sports,completed,47.43,2.95
ORD-11374,U1695,2026-03-11 00:00:00,Fashion,completed,59.79,0.0
ORD-11375,U1696,2026-03-11 00:00:00,Electronics,completed,608.12,60.52
ORD-11376,U1697,2026-03-17 00:00:00,Home & Living,completed,226.98,0.0
ORD-11377,U1698,2026-01-28 00:00:00,Fashion,completed,101.94,0.0
ORD-11378,U1698,2026-02-22 00:00:00,Sports,cancelled,28.3,0.0
ORD-11379,U1699,2026-02-16 00:00:00,Sports,completed,69.67,0.0
ORD-11380,U1699,2026-04-23 00:00:00,Beauty,completed,48.09,0.0
ORD-11381,U1699,2026-05-03 00:00:00,Beauty,completed,63.19,0.0
ORD-11382,U1699,2026-05-15 00:00:00,Home & Living,completed,76.0,0.0
ORD-11383,U1699,2026-05-30 00:00:00,Home & Living,completed,59.49,12.07
ORD-11385,U1700,2026-03-07 00:00:00,Fashion,completed,80.08,8.27
ORD-11386,U1700,2026-03-22 00:00:00,Fashion,completed,173.61,39.01
ORD-11387,U1700,2026-03-24 00:00:00,Home & Living,completed,83.82,12.38
ORD-11388,U1700,2026-05-15 00:00:00,Electronics,cancelled,639.14,0.0
ORD-11389,U1700,2026-05-26 00:00:00,Fashion,completed,26.36,1.83
ORD-11391,U1702,2026-03-17 00:00:00,Beauty,completed,43.55,0.0
ORD-11392,U1702,2026-04-06 00:00:00,Beauty,completed,104.39,0.0
ORD-11393,U1702,2026-04-08 00:00:00,Fashion,completed,129.84,19.82
ORD-11394,U1702,2026-05-05 00:00:00,Fashion,completed,99.4,0.0
ORD-11396,U1703,2026-01-15 00:00:00,Sports,completed,25.03,5.76
ORD-11397,U1703,2026-01-31 00:00:00,Home & Living,completed,98.64,0.0
ORD-11398,U1703,2026-02-28 00:00:00,Fashion,completed,102.52,0.0
ORD-11399,U1703,2026-03-06 00:00:00,Electronics,completed,474.54,0.0
ORD-11400,U1703,2026-03-23 00:00:00,Fashion,completed,113.19,0.0
ORD-11401,U1703,2026-04-07 00:00:00,Sports,completed,74.88,0.0
ORD-11402,U1703,2026-04-13 00:00:00,Sports,completed,96.67,19.68
ORD-11403,U1706,2026-02-20 00:00:00,Sports,completed,88.05,0.0
ORD-11404,U1706,2026-02-27 00:00:00,Electronics,completed,127.94,18.57
ORD-11405,U1706,2026-03-01 00:00:00,Fashion,completed,162.24,0.0
ORD-11406,U1706,2026-03-11 00:00:00,Fashion,completed,92.89,0.0
ORD-11407,U1709,2026-03-05 00:00:00,Sports,refunded,80.98,0.0
ORD-11408,U1710,2026-03-16 00:00:00,Fashion,completed,46.4,3.38
ORD-11409,U1710,2026-03-21 00:00:00,Electronics,cancelled,101.42,0.0
ORD-11410,U1712,2026-02-27 00:00:00,Beauty,completed,19.72,2.66
ORD-11411,U1712,2026-03-05 00:00:00,Fashion,completed,95.76,11.53
ORD-11412,U1712,2026-03-12 00:00:00,Sports,completed,76.11,0.0
ORD-11413,U1712,2026-03-13 00:00:00,Electronics,completed,530.36,0.0
ORD-11414,U1714,2026-02-19 00:00:00,Beauty,cancelled,57.51,0.0
ORD-11415,U1714,2026-02-20 00:00:00,Sports,completed,69.93,0.0
ORD-11416,U1714,2026-03-15 00:00:00,Home & Living,completed,167.28,0.0
ORD-11417,U1714,2026-03-28 00:00:00,Sports,completed,30.66,0.0
ORD-11418,U1714,2026-04-18 00:00:00,Electronics,completed,244.11,0.0
ORD-11419,U1714,2026-05-08 00:00:00,Beauty,completed,81.23,0.0
ORD-11421,U1716,2026-03-17 00:00:00,Electronics,completed,592.27,0.0
ORD-11422,U1717,2026-03-30 00:00:00,Beauty,completed,86.41,0.0
ORD-11423,U1717,2026-04-01 00:00:00,Sports,completed,38.6,0.0
ORD-11424,U1718,2026-02-23 00:00:00,Fashion,completed,111.33,11.97
ORD-11425,U1718,2026-03-08 00:00:00,Sports,completed,15.93,2.33
ORD-11426,U1718,2026-03-17 00:00:00,Fashion,cancelled,164.08,36.38
ORD-11427,U1719,2026-03-15 00:00:00,Fashion,cancelled,85.7,0.0
ORD-11428,U1719,2026-03-19 00:00:00,Fashion,cancelled,79.05,0.0
ORD-11429,U1719,2026-03-28 00:00:00,Home & Living,completed,307.82,0.0
ORD-11430,U1720,2026-04-01 00:00:00,Sports,completed,58.15,0.0
ORD-11431,U1720,2026-04-02 00:00:00,Fashion,refunded,34.54,0.0
ORD-11432,U1720,2026-04-23 00:00:00,Sports,completed,47.76,0.0
ORD-11433,U1720,2026-04-26 00:00:00,Electronics,completed,462.3,73.41
ORD-11434,U1720,2026-05-11 00:00:00,Sports,completed,111.06,0.0
ORD-11435,U1720,2026-05-14 00:00:00,Electronics,completed,400.22,52.98
ORD-11436,U1720,2026-05-21 00:00:00,Sports,completed,90.32,8.84
ORD-11437,U1720,2026-05-27 00:00:00,Fashion,completed,36.14,0.0
ORD-11439,U1721,2026-01-25 00:00:00,Fashion,completed,164.84,25.52
ORD-11440,U1722,2026-01-12 00:00:00,Home & Living,completed,317.22,69.34
ORD-11441,U1722,2026-01-13 00:00:00,Beauty,completed,56.39,8.4
ORD-11442,U1722,2026-02-20 00:00:00,Beauty,completed,16.32,0.0
ORD-11443,U1722,2026-02-26 00:00:00,Electronics,completed,362.74,47.15
ORD-11444,U1722,2026-03-20 00:00:00,Home & Living,completed,241.21,0.0
ORD-11445,U1722,2026-04-02 00:00:00,Electronics,completed,443.72,0.0
ORD-11446,U1723,2026-04-08 00:00:00,Fashion,completed,79.81,0.0
ORD-11447,U1724,2026-02-26 00:00:00,Electronics,refunded,631.97,0.0
ORD-11448,U1724,2026-03-09 00:00:00,Beauty,completed,67.35,0.0
ORD-11449,U1724,2026-03-10 00:00:00,Sports,completed,104.11,0.0
ORD-11450,U1725,2026-03-23 00:00:00,Home & Living,completed,289.0,0.0
ORD-11451,U1727,2026-04-05 00:00:00,Beauty,completed,60.48,5.06
ORD-11452,U1727,2026-04-07 00:00:00,Fashion,completed,99.7,14.21
ORD-11453,U1728,2026-03-09 00:00:00,Fashion,completed,158.19,34.73
ORD-11454,U1728,2026-04-11 00:00:00,Beauty,completed,86.09,0.0
ORD-11455,U1730,2026-01-17 00:00:00,Electronics,completed,224.52,23.43
ORD-11456,U1731,2026-03-27 00:00:00,Fashion,completed,155.4,0.0
ORD-11457,U1731,2026-04-06 00:00:00,Sports,completed,17.16,0.0
ORD-11458,U1731,2026-05-04 00:00:00,Sports,cancelled,108.37,13.42
ORD-11459,U1731,2026-05-12 00:00:00,Electronics,completed,112.26,0.0
ORD-11460,U1732,2026-03-04 00:00:00,Sports,completed,48.1,0.0
ORD-11461,U1733,2026-02-21 00:00:00,Electronics,completed,383.37,0.0
ORD-11462,U1734,2026-02-07 00:00:00,Sports,completed,66.72,0.0
ORD-11463,U1734,2026-02-12 00:00:00,Electronics,completed,291.53,0.0
ORD-11464,U1734,2026-03-06 00:00:00,Home & Living,completed,231.67,57.19
ORD-11465,U1734,2026-03-25 00:00:00,Beauty,completed,43.56,0.0
ORD-11466,U1737,2026-03-18 00:00:00,Fashion,completed,160.73,33.49
ORD-11467,U1737,2026-03-19 00:00:00,Fashion,completed,111.02,0.0
ORD-11468,U1737,2026-03-26 00:00:00,Home & Living,completed,46.23,0.0
ORD-11469,U1737,2026-04-14 00:00:00,Home & Living,completed,53.62,0.0
ORD-11470,U1737,2026-05-23 00:00:00,Home & Living,completed,149.8,0.0
ORD-11471,U1738,2026-02-14 00:00:00,Fashion,completed,167.89,27.63
ORD-11472,U1739,2026-02-17 00:00:00,Electronics,completed,389.91,0.0
ORD-11473,U1739,2026-02-18 00:00:00,Home & Living,completed,54.73,0.0
ORD-11474,U1740,2026-03-16 00:00:00,Home & Living,completed,93.2,16.1
ORD-11475,U1741,2026-02-27 00:00:00,Sports,completed,88.35,6.33
ORD-11476,U1742,2026-04-18 00:00:00,Electronics,completed,465.74,0.0
ORD-11477,U1744,2026-01-27 00:00:00,Electronics,cancelled,272.33,0.0
ORD-11478,U1744,2026-01-31 00:00:00,Home & Living,completed,161.44,0.0
ORD-11479,U1744,2026-02-02 00:00:00,Home & Living,cancelled,154.76,0.0
ORD-11480,U1744,2026-02-07 00:00:00,Beauty,completed,96.05,0.0
ORD-11481,U1744,2026-02-23 00:00:00,Sports,completed,74.92,0.0
ORD-11482,U1745,2026-03-28 00:00:00,Sports,completed,72.99,0.0
ORD-11483,U1745,2026-04-01 00:00:00,Sports,completed,106.19,0.0
ORD-11484,U1745,2026-04-23 00:00:00,Electronics,completed,231.13,33.73
ORD-11485,U1745,2026-05-21 00:00:00,Home & Living,completed,215.18,0.0
ORD-11486,U1745,2026-05-27 00:00:00,Beauty,completed,92.68,0.0
ORD-11488,U1746,2026-02-16 00:00:00,Home & Living,completed,191.44,46.88
ORD-11489,U1746,2026-03-17 00:00:00,Electronics,completed,187.85,0.0
ORD-11490,U1747,2026-02-19 00:00:00,Sports,completed,28.76,5.33
ORD-11491,U1750,2026-02-09 00:00:00,Fashion,completed,27.62,0.0
ORD-11492,U1750,2026-02-10 00:00:00,Sports,completed,44.26,0.0
ORD-11493,U1751,2026-04-07 00:00:00,Sports,completed,112.81,0.0
ORD-11494,U1751,2026-04-11 00:00:00,Beauty,completed,88.67,0.0
ORD-11495,U1751,2026-04-29 00:00:00,Home & Living,completed,198.03,0.0
ORD-11496,U1752,2026-03-05 00:00:00,Electronics,refunded,528.37,0.0
ORD-11497,U1753,2026-02-22 00:00:00,Home & Living,cancelled,236.88,0.0
ORD-11498,U1753,2026-03-03 00:00:00,Sports,completed,67.92,0.0
ORD-11499,U1754,2026-01-24 00:00:00,Sports,completed,87.47,0.0
ORD-11500,U1755,2026-03-15 00:00:00,Beauty,completed,17.32,0.0
ORD-11501,U1755,2026-03-17 00:00:00,Electronics,completed,193.62,0.0
ORD-11502,U1757,2026-02-24 00:00:00,Sports,completed,75.82,0.0
ORD-11503,U1757,2026-03-23 00:00:00,Beauty,completed,106.21,9.64
ORD-11504,U1757,2026-04-02 00:00:00,Beauty,completed,65.58,0.0
ORD-11505,U1758,2026-04-02 00:00:00,Beauty,completed,29.41,1.92
ORD-11506,U1758,2026-04-18 00:00:00,Fashion,completed,70.25,0.0
ORD-11507,U1759,2026-04-16 00:00:00,Fashion,completed,118.78,0.0
ORD-11508,U1760,2026-01-30 00:00:00,Sports,completed,85.75,0.0
ORD-11509,U1760,2026-01-31 00:00:00,Beauty,completed,42.9,0.0
ORD-11510,U1762,2026-02-01 00:00:00,Fashion,cancelled,168.62,0.0
ORD-11511,U1763,2026-03-14 00:00:00,Beauty,completed,65.96,4.94
ORD-11512,U1763,2026-03-16 00:00:00,Electronics,completed,108.04,0.0
ORD-11513,U1763,2026-03-21 00:00:00,Beauty,completed,19.04,0.0
ORD-11514,U1764,2026-01-09 00:00:00,Home & Living,completed,267.24,0.0
ORD-11515,U1764,2026-01-19 00:00:00,Home & Living,completed,69.06,0.0
ORD-11516,U1764,2026-01-26 00:00:00,Sports,completed,85.51,0.0
ORD-11517,U1764,2026-02-22 00:00:00,Electronics,completed,198.84,11.63
ORD-11518,U1764,2026-03-04 00:00:00,Sports,completed,52.9,6.16
ORD-11519,U1765,2026-03-03 00:00:00,Beauty,completed,32.86,7.48
ORD-11520,U1765,2026-03-14 00:00:00,Home & Living,completed,202.4,26.26
ORD-11521,U1766,2026-03-11 00:00:00,Fashion,completed,63.92,0.0
ORD-11522,U1767,2026-03-23 00:00:00,Home & Living,refunded,111.86,0.0
ORD-11523,U1768,2026-03-29 00:00:00,Beauty,completed,21.55,4.14
ORD-11524,U1768,2026-04-11 00:00:00,Electronics,completed,472.39,102.23
ORD-11525,U1768,2026-04-29 00:00:00,Beauty,completed,107.52,19.45
ORD-11526,U1769,2026-04-20 00:00:00,Home & Living,cancelled,243.77,0.0
ORD-11527,U1769,2026-04-24 00:00:00,Electronics,completed,348.95,0.0
ORD-11528,U1769,2026-05-04 00:00:00,Home & Living,completed,234.18,20.54
ORD-11529,U1771,2026-04-05 00:00:00,Beauty,completed,96.47,22.0
ORD-11530,U1771,2026-04-22 00:00:00,Home & Living,completed,166.33,0.0
ORD-11531,U1771,2026-04-23 00:00:00,Home & Living,completed,141.82,0.0
ORD-11532,U1772,2026-01-27 00:00:00,Electronics,cancelled,160.2,0.0
ORD-11533,U1772,2026-01-31 00:00:00,Beauty,completed,17.94,0.0
ORD-11534,U1772,2026-02-01 00:00:00,Fashion,completed,36.91,0.0
ORD-11535,U1772,2026-02-09 00:00:00,Beauty,completed,27.51,1.93
ORD-11536,U1774,2026-03-17 00:00:00,Home & Living,completed,61.37,0.0
ORD-11537,U1776,2026-02-14 00:00:00,Home & Living,completed,318.16,0.0
ORD-11538,U1776,2026-03-07 00:00:00,Fashion,completed,161.83,21.66
ORD-11539,U1776,2026-03-09 00:00:00,Fashion,completed,100.17,0.0
ORD-11540,U1776,2026-04-09 00:00:00,Sports,completed,105.73,12.03
ORD-11541,U1776,2026-04-16 00:00:00,Home & Living,completed,183.79,0.0
ORD-11542,U1776,2026-04-20 00:00:00,Fashion,completed,172.39,33.16
ORD-11543,U1776,2026-04-29 00:00:00,Fashion,completed,29.49,0.0
ORD-11544,U1776,2026-04-30 00:00:00,Home & Living,completed,115.42,0.0
ORD-11545,U1777,2026-03-14 00:00:00,Home & Living,completed,232.76,13.28
ORD-11546,U1777,2026-03-20 00:00:00,Sports,refunded,89.0,0.0
ORD-11547,U1777,2026-03-23 00:00:00,Beauty,completed,66.45,0.0
ORD-11548,U1778,2026-03-20 00:00:00,Sports,completed,49.68,7.21
ORD-11549,U1778,2026-03-26 00:00:00,Home & Living,completed,202.94,0.0
ORD-11550,U1778,2026-03-28 00:00:00,Fashion,completed,135.72,14.65
ORD-11551,U1778,2026-03-29 00:00:00,Electronics,completed,180.24,0.0
ORD-11552,U1778,2026-03-30 00:00:00,Fashion,completed,38.6,7.87
ORD-11553,U1778,2026-03-31 00:00:00,Sports,completed,22.71,2.24
ORD-11554,U1778,2026-04-06 00:00:00,Sports,completed,36.23,0.0
ORD-11555,U1778,2026-04-15 00:00:00,Home & Living,completed,93.75,0.0
ORD-11556,U1779,2026-03-01 00:00:00,Electronics,completed,148.24,0.0
ORD-11557,U1779,2026-03-27 00:00:00,Fashion,cancelled,106.61,0.0
ORD-11558,U1779,2026-03-29 00:00:00,Beauty,completed,42.75,0.0
ORD-11559,U1779,2026-04-05 00:00:00,Electronics,completed,626.74,37.32
ORD-11560,U1780,2026-03-31 00:00:00,Home & Living,completed,187.02,0.0
ORD-11562,U1781,2026-04-06 00:00:00,Sports,completed,108.7,0.0
ORD-11563,U1781,2026-05-06 00:00:00,Sports,completed,99.84,20.95
ORD-11564,U1781,2026-05-07 00:00:00,Sports,completed,35.65,0.0
ORD-11566,U1782,2026-02-12 00:00:00,Home & Living,completed,75.94,0.0
ORD-11567,U1783,2026-02-06 00:00:00,Electronics,completed,184.08,0.0
ORD-11568,U1783,2026-02-07 00:00:00,Fashion,cancelled,86.37,0.0
ORD-11569,U1783,2026-02-11 00:00:00,Electronics,completed,312.04,0.0
ORD-11570,U1783,2026-03-23 00:00:00,Fashion,completed,120.37,0.0
ORD-11571,U1783,2026-04-02 00:00:00,Sports,completed,92.57,0.0
ORD-11572,U1783,2026-05-16 00:00:00,Electronics,cancelled,449.48,0.0
ORD-11574,U1785,2026-05-02 00:00:00,Home & Living,completed,317.07,0.0
ORD-11575,U1786,2026-02-23 00:00:00,Sports,completed,51.6,0.0
ORD-11576,U1786,2026-02-28 00:00:00,Electronics,completed,478.27,25.1
ORD-11577,U1786,2026-03-22 00:00:00,Home & Living,completed,48.29,0.0
ORD-11578,U1787,2026-02-12 00:00:00,Beauty,completed,108.71,17.47
ORD-11579,U1787,2026-02-15 00:00:00,Electronics,completed,237.88,42.29
ORD-11580,U1787,2026-03-17 00:00:00,Fashion,completed,154.38,16.01
ORD-11581,U1789,2026-03-31 00:00:00,Home & Living,completed,79.73,0.0
ORD-11582,U1789,2026-04-03 00:00:00,Fashion,completed,60.29,0.0
ORD-11583,U1790,2026-02-14 00:00:00,Electronics,completed,202.03,0.0
ORD-11584,U1790,2026-02-24 00:00:00,Beauty,completed,29.32,6.41
ORD-11585,U1790,2026-03-20 00:00:00,Sports,completed,15.42,0.0
ORD-11586,U1791,2026-03-03 00:00:00,Electronics,cancelled,306.59,0.0
ORD-11587,U1791,2026-03-06 00:00:00,Home & Living,completed,288.89,15.22
ORD-11588,U1791,2026-04-10 00:00:00,Home & Living,completed,272.16,0.0
ORD-11589,U1792,2026-02-24 00:00:00,Sports,cancelled,45.59,0.0
ORD-11590,U1792,2026-03-03 00:00:00,Fashion,completed,149.34,0.0
ORD-11591,U1792,2026-03-15 00:00:00,Electronics,completed,364.42,0.0
ORD-11592,U1794,2026-01-05 00:00:00,Home & Living,completed,139.74,8.38
ORD-11593,U1794,2026-01-06 00:00:00,Home & Living,completed,137.32,17.86
ORD-11594,U1794,2026-01-12 00:00:00,Home & Living,completed,215.38,0.0
ORD-11595,U1794,2026-01-24 00:00:00,Home & Living,completed,211.2,47.08
ORD-11596,U1794,2026-02-05 00:00:00,Home & Living,completed,286.48,64.03
ORD-11597,U1795,2026-04-27 00:00:00,Electronics,completed,348.09,0.0
ORD-11598,U1795,2026-05-12 00:00:00,Sports,completed,63.04,9.05
ORD-11599,U1796,2026-04-05 00:00:00,Fashion,completed,101.39,0.0
ORD-11600,U1796,2026-05-02 00:00:00,Fashion,completed,159.29,29.61
ORD-11601,U1798,2026-03-09 00:00:00,Sports,completed,82.05,0.0
ORD-11602,U1798,2026-03-26 00:00:00,Sports,completed,20.75,0.0
ORD-11603,U1800,2026-03-21 00:00:00,Beauty,completed,55.69,0.0
ORD-11604,U1802,2026-02-24 00:00:00,Fashion,cancelled,53.1,8.37
ORD-11605,U1803,2026-03-02 00:00:00,Beauty,completed,57.78,0.0
ORD-11606,U1803,2026-03-09 00:00:00,Sports,refunded,21.1,0.0
ORD-11607,U1803,2026-03-23 00:00:00,Home & Living,completed,205.02,0.0
ORD-11608,U1804,2026-02-18 00:00:00,Home & Living,cancelled,92.12,18.94
ORD-11609,U1805,2026-03-10 00:00:00,Fashion,completed,83.02,0.0
ORD-11610,U1805,2026-03-11 00:00:00,Beauty,completed,89.34,20.63
ORD-11611,U1807,2026-05-14 00:00:00,Beauty,completed,97.82,0.0
ORD-11612,U1810,2026-05-27 00:00:00,Fashion,completed,89.45,5.34
ORD-11614,U1811,2026-03-21 00:00:00,Fashion,completed,62.58,8.06
ORD-11615,U1811,2026-04-24 00:00:00,Fashion,cancelled,79.07,0.0
ORD-11616,U1811,2026-05-22 00:00:00,Beauty,completed,36.3,5.41
ORD-11617,U1812,2026-01-14 00:00:00,Home & Living,cancelled,130.11,18.3
ORD-11618,U1812,2026-01-25 00:00:00,Sports,refunded,61.59,0.0
ORD-11619,U1812,2026-01-27 00:00:00,Home & Living,completed,224.85,0.0
ORD-11620,U1813,2026-03-27 00:00:00,Electronics,completed,570.36,0.0
ORD-11621,U1813,2026-04-04 00:00:00,Beauty,completed,26.68,4.84
ORD-11622,U1814,2026-03-22 00:00:00,Home & Living,completed,76.27,0.0
ORD-11623,U1814,2026-03-25 00:00:00,Home & Living,completed,310.65,0.0
ORD-11624,U1814,2026-03-29 00:00:00,Fashion,completed,131.31,0.0
ORD-11625,U1815,2026-02-20 00:00:00,Electronics,completed,648.5,0.0
ORD-11626,U1815,2026-02-28 00:00:00,Fashion,completed,91.39,0.0
ORD-11627,U1815,2026-04-01 00:00:00,Home & Living,completed,244.7,0.0
ORD-11628,U1815,2026-04-13 00:00:00,Sports,completed,80.6,0.0
ORD-11629,U1816,2026-03-04 00:00:00,Sports,completed,57.76,9.42
ORD-11630,U1817,2026-02-13 00:00:00,Beauty,cancelled,109.22,10.9
ORD-11631,U1817,2026-03-05 00:00:00,Fashion,completed,124.22,16.18
ORD-11632,U1817,2026-03-23 00:00:00,Home & Living,refunded,244.15,31.51
ORD-11633,U1817,2026-03-27 00:00:00,Sports,completed,45.66,0.0
ORD-11634,U1818,2026-01-14 00:00:00,Fashion,cancelled,121.46,0.0
ORD-11635,U1818,2026-01-20 00:00:00,Electronics,cancelled,192.73,0.0
ORD-11636,U1818,2026-02-10 00:00:00,Home & Living,completed,124.61,27.77
ORD-11637,U1818,2026-02-13 00:00:00,Home & Living,completed,41.02,0.0
ORD-11638,U1818,2026-03-04 00:00:00,Home & Living,completed,84.9,14.68
ORD-11639,U1819,2026-02-13 00:00:00,Fashion,completed,69.22,0.0
ORD-11640,U1820,2026-03-23 00:00:00,Home & Living,completed,235.31,55.94
ORD-11641,U1820,2026-04-26 00:00:00,Electronics,cancelled,621.44,88.43
ORD-11642,U1820,2026-04-30 00:00:00,Sports,completed,98.28,0.0
ORD-11643,U1822,2026-03-05 00:00:00,Home & Living,completed,152.49,31.03
ORD-11644,U1823,2026-02-13 00:00:00,Electronics,completed,407.5,53.41
ORD-11645,U1824,2026-02-26 00:00:00,Fashion,completed,81.28,16.27
ORD-11646,U1824,2026-03-05 00:00:00,Fashion,completed,108.7,0.0
ORD-11647,U1825,2026-04-15 00:00:00,Home & Living,completed,66.79,9.44
ORD-11648,U1826,2026-03-02 00:00:00,Home & Living,completed,316.02,0.0
ORD-11649,U1826,2026-03-29 00:00:00,Electronics,completed,246.78,0.0
ORD-11650,U1829,2026-02-20 00:00:00,Beauty,completed,23.76,0.0
ORD-11651,U1829,2026-03-08 00:00:00,Electronics,cancelled,138.18,22.45
ORD-11652,U1829,2026-03-17 00:00:00,Fashion,completed,64.19,0.0
ORD-11653,U1830,2026-01-26 00:00:00,Fashion,completed,64.7,0.0
ORD-11654,U1831,2026-02-25 00:00:00,Sports,cancelled,37.1,0.0
ORD-11655,U1831,2026-02-27 00:00:00,Sports,completed,83.13,0.0
ORD-11656,U1831,2026-03-02 00:00:00,Home & Living,completed,161.79,12.65
ORD-11657,U1831,2026-03-29 00:00:00,Home & Living,completed,203.2,0.0
ORD-11658,U1831,2026-04-12 00:00:00,Beauty,completed,54.15,0.0
ORD-11659,U1831,2026-05-15 00:00:00,Home & Living,completed,117.65,14.45
ORD-11661,U1833,2026-01-27 00:00:00,Sports,completed,42.09,8.26
ORD-11662,U1833,2026-02-04 00:00:00,Sports,completed,108.65,0.0
ORD-11663,U1833,2026-02-12 00:00:00,Home & Living,completed,58.9,8.39
ORD-11664,U1833,2026-02-17 00:00:00,Electronics,completed,415.84,0.0
ORD-11665,U1835,2026-02-21 00:00:00,Electronics,completed,595.37,64.47
ORD-11666,U1836,2026-04-02 00:00:00,Fashion,completed,85.8,0.0
ORD-11667,U1839,2026-02-27 00:00:00,Home & Living,completed,131.22,23.66
ORD-11668,U1839,2026-03-07 00:00:00,Fashion,completed,51.02,3.3
ORD-11669,U1841,2026-03-04 00:00:00,Sports,completed,51.6,0.0
ORD-11670,U1844,2026-01-25 00:00:00,Sports,completed,92.57,0.0
ORD-11671,U1844,2026-01-27 00:00:00,Beauty,completed,19.31,2.22
ORD-11672,U1845,2026-02-10 00:00:00,Sports,completed,113.07,10.28
ORD-11673,U1846,2026-01-27 00:00:00,Electronics,completed,413.16,22.88
ORD-11674,U1846,2026-01-29 00:00:00,Beauty,cancelled,96.76,0.0
ORD-11675,U1846,2026-02-02 00:00:00,Sports,completed,16.54,0.0
ORD-11676,U1846,2026-02-26 00:00:00,Electronics,cancelled,289.84,33.44
ORD-11677,U1848,2026-02-21 00:00:00,Beauty,completed,74.43,0.0
ORD-11678,U1849,2026-02-25 00:00:00,Fashion,completed,109.67,20.38
ORD-11679,U1850,2026-01-09 00:00:00,Sports,completed,44.53,10.65
ORD-11680,U1850,2026-01-12 00:00:00,Beauty,completed,71.47,11.51
ORD-11681,U1850,2026-01-23 00:00:00,Sports,completed,85.09,0.0
ORD-11682,U1850,2026-02-01 00:00:00,Home & Living,completed,207.98,34.7
ORD-11683,U1850,2026-02-02 00:00:00,Beauty,completed,88.58,0.0
ORD-11684,U1850,2026-02-24 00:00:00,Electronics,cancelled,454.76,0.0
ORD-11685,U1850,2026-03-09 00:00:00,Sports,completed,74.55,7.02
ORD-11686,U1851,2026-03-10 00:00:00,Sports,cancelled,116.31,0.0
ORD-11687,U1851,2026-03-11 00:00:00,Home & Living,completed,199.14,0.0
ORD-11688,U1852,2026-01-23 00:00:00,Fashion,completed,29.54,0.0
ORD-11689,U1852,2026-01-31 00:00:00,Home & Living,completed,186.17,0.0
ORD-11690,U1852,2026-02-05 00:00:00,Fashion,completed,70.21,0.0
ORD-11691,U1852,2026-02-09 00:00:00,Electronics,refunded,531.45,0.0
ORD-11692,U1852,2026-02-18 00:00:00,Fashion,completed,113.54,20.5
ORD-11693,U1852,2026-03-03 00:00:00,Home & Living,completed,110.97,0.0
ORD-11694,U1852,2026-03-06 00:00:00,Beauty,completed,93.78,0.0
ORD-11695,U1852,2026-03-26 00:00:00,Fashion,completed,85.54,19.6
ORD-11696,U1853,2026-04-04 00:00:00,Home & Living,refunded,234.73,45.95
ORD-11697,U1853,2026-04-24 00:00:00,Electronics,completed,436.1,0.0
ORD-11698,U1854,2026-03-29 00:00:00,Fashion,completed,80.94,0.0
ORD-11699,U1854,2026-04-20 00:00:00,Fashion,completed,68.64,12.88
ORD-11700,U1858,2026-04-02 00:00:00,Fashion,completed,161.72,0.0
ORD-11701,U1858,2026-04-15 00:00:00,Electronics,completed,523.73,84.5
ORD-11702,U1860,2026-04-02 00:00:00,Sports,completed,65.63,0.0
ORD-11703,U1860,2026-05-09 00:00:00,Home & Living,completed,131.64,0.0
ORD-11704,U1860,2026-05-14 00:00:00,Beauty,completed,70.43,0.0
ORD-11705,U1860,2026-05-16 00:00:00,Electronics,completed,176.0,0.0
ORD-11706,U1861,2026-02-26 00:00:00,Home & Living,refunded,151.43,17.81
ORD-11707,U1861,2026-03-19 00:00:00,Sports,completed,54.8,0.0
ORD-11708,U1861,2026-03-24 00:00:00,Beauty,completed,100.07,23.14
ORD-11709,U1861,2026-04-08 00:00:00,Beauty,completed,71.37,0.0
ORD-11710,U1863,2026-03-25 00:00:00,Fashion,completed,56.88,0.0
ORD-11711,U1864,2026-02-08 00:00:00,Sports,completed,58.2,8.08
ORD-11712,U1864,2026-02-10 00:00:00,Fashion,completed,146.72,0.0
ORD-11713,U1864,2026-03-09 00:00:00,Electronics,completed,169.25,39.84
ORD-11714,U1864,2026-03-11 00:00:00,Home & Living,completed,124.61,12.53
ORD-11715,U1864,2026-03-21 00:00:00,Beauty,completed,49.32,2.6
ORD-11716,U1864,2026-04-03 00:00:00,Sports,completed,118.72,0.0
ORD-11717,U1864,2026-04-04 00:00:00,Sports,completed,43.05,9.24
ORD-11718,U1865,2026-04-13 00:00:00,Electronics,cancelled,169.75,0.0
ORD-11719,U1865,2026-04-21 00:00:00,Beauty,completed,29.79,0.0
ORD-11720,U1865,2026-05-20 00:00:00,Electronics,completed,448.04,0.0
ORD-11722,U1866,2026-01-24 00:00:00,Sports,completed,71.67,8.58
ORD-11723,U1866,2026-02-18 00:00:00,Fashion,refunded,60.07,0.0
ORD-11724,U1866,2026-02-19 00:00:00,Sports,completed,42.67,5.54
ORD-11725,U1866,2026-03-01 00:00:00,Home & Living,completed,159.85,28.63
ORD-11726,U1866,2026-03-17 00:00:00,Electronics,completed,538.6,0.0
ORD-11727,U1866,2026-03-22 00:00:00,Sports,completed,114.26,26.35
ORD-11728,U1866,2026-04-12 00:00:00,Fashion,completed,174.5,0.0
ORD-11729,U1866,2026-05-04 00:00:00,Electronics,completed,396.4,93.72
ORD-11730,U1866,2026-05-20 00:00:00,Fashion,completed,157.87,28.87
ORD-11732,U1867,2026-02-10 00:00:00,Sports,completed,19.82,2.62
ORD-11733,U1870,2026-02-05 00:00:00,Home & Living,completed,249.67,44.11
ORD-11734,U1870,2026-02-18 00:00:00,Fashion,completed,146.24,0.0
ORD-11735,U1870,2026-03-04 00:00:00,Fashion,cancelled,152.92,24.98
ORD-11736,U1870,2026-03-08 00:00:00,Fashion,cancelled,37.82,0.0
ORD-11737,U1871,2026-02-23 00:00:00,Home & Living,completed,266.27,0.0
ORD-11738,U1871,2026-03-08 00:00:00,Electronics,completed,638.16,0.0
ORD-11739,U1871,2026-03-10 00:00:00,Fashion,completed,55.35,0.0
ORD-11740,U1872,2026-03-03 00:00:00,Home & Living,completed,225.65,0.0
ORD-11741,U1873,2026-02-07 00:00:00,Electronics,completed,441.65,0.0
ORD-11742,U1873,2026-02-09 00:00:00,Fashion,cancelled,89.36,0.0
ORD-11743,U1877,2026-03-17 00:00:00,Fashion,completed,26.99,0.0
ORD-11744,U1877,2026-03-20 00:00:00,Beauty,completed,96.19,0.0
ORD-11745,U1880,2026-01-24 00:00:00,Electronics,completed,398.06,0.0
ORD-11746,U1880,2026-02-05 00:00:00,Beauty,completed,51.19,8.12
ORD-11747,U1880,2026-02-06 00:00:00,Electronics,completed,434.05,0.0
ORD-11748,U1880,2026-03-29 00:00:00,Fashion,completed,141.23,7.44
ORD-11749,U1880,2026-04-12 00:00:00,Sports,completed,108.5,0.0
ORD-11750,U1880,2026-05-12 00:00:00,Fashion,completed,115.45,25.25
ORD-11751,U1880,2026-05-16 00:00:00,Beauty,cancelled,52.66,0.0
ORD-11752,U1881,2026-03-09 00:00:00,Home & Living,completed,55.88,0.0
ORD-11753,U1881,2026-03-16 00:00:00,Sports,completed,24.27,1.96
ORD-11754,U1881,2026-03-26 00:00:00,Sports,completed,60.04,8.49
ORD-11755,U1881,2026-04-04 00:00:00,Beauty,completed,36.58,6.75
ORD-11756,U1881,2026-04-05 00:00:00,Fashion,completed,72.95,0.0
ORD-11757,U1882,2026-01-10 00:00:00,Sports,completed,110.4,0.0
ORD-11758,U1882,2026-01-25 00:00:00,Sports,completed,50.5,11.29
ORD-11759,U1883,2026-01-21 00:00:00,Electronics,completed,263.74,0.0
ORD-11760,U1884,2026-03-20 00:00:00,Electronics,completed,625.07,0.0
ORD-11761,U1884,2026-04-06 00:00:00,Electronics,completed,219.71,0.0
ORD-11762,U1885,2026-01-28 00:00:00,Home & Living,completed,276.85,0.0
ORD-11763,U1886,2026-03-11 00:00:00,Sports,completed,84.42,0.0
ORD-11764,U1886,2026-03-25 00:00:00,Sports,completed,56.46,4.59
ORD-11765,U1888,2026-02-02 00:00:00,Beauty,completed,51.34,0.0
ORD-11766,U1888,2026-02-14 00:00:00,Beauty,completed,90.45,21.17
ORD-11767,U1888,2026-02-18 00:00:00,Home & Living,completed,81.92,0.0
ORD-11768,U1888,2026-02-24 00:00:00,Beauty,completed,38.57,5.64
ORD-11769,U1888,2026-03-12 00:00:00,Beauty,completed,57.03,11.62
ORD-11770,U1890,2026-04-03 00:00:00,Fashion,completed,168.6,0.0
ORD-11771,U1890,2026-04-08 00:00:00,Beauty,refunded,55.14,0.0
ORD-11772,U1890,2026-04-17 00:00:00,Beauty,refunded,37.29,6.47
ORD-11773,U1891,2026-04-25 00:00:00,Beauty,cancelled,50.5,5.52
ORD-11774,U1891,2026-04-30 00:00:00,Home & Living,completed,264.23,0.0
ORD-11775,U1891,2026-05-29 00:00:00,Beauty,completed,112.07,0.0
ORD-11776,U1892,2026-03-19 00:00:00,Home & Living,completed,214.41,35.67
ORD-11777,U1892,2026-03-27 00:00:00,Sports,completed,33.66,0.0
ORD-11778,U1893,2026-02-17 00:00:00,Beauty,cancelled,73.08,0.0
ORD-11779,U1893,2026-03-15 00:00:00,Beauty,completed,81.27,6.68
ORD-11780,U1894,2026-03-08 00:00:00,Home & Living,completed,150.21,0.0
ORD-11781,U1894,2026-03-12 00:00:00,Beauty,refunded,83.4,0.0
ORD-11782,U1894,2026-03-13 00:00:00,Sports,completed,49.07,0.0
ORD-11783,U1896,2026-02-12 00:00:00,Fashion,completed,124.16,0.0
ORD-11784,U1896,2026-02-24 00:00:00,Home & Living,completed,283.08,14.24
ORD-11785,U1896,2026-02-27 00:00:00,Fashion,refunded,106.21,0.0
ORD-11786,U1896,2026-03-04 00:00:00,Electronics,completed,590.64,0.0
ORD-11787,U1896,2026-04-22 00:00:00,Sports,completed,104.3,15.75
ORD-11788,U1896,2026-05-02 00:00:00,Fashion,completed,59.58,0.0
ORD-11789,U1897,2026-04-14 00:00:00,Electronics,refunded,444.63,0.0
ORD-11790,U1897,2026-04-27 00:00:00,Beauty,completed,83.47,7.18
ORD-11791,U1898,2026-01-09 00:00:00,Home & Living,completed,156.21,27.52
ORD-11792,U1898,2026-01-12 00:00:00,Fashion,completed,106.1,16.46
ORD-11793,U1898,2026-01-13 00:00:00,Fashion,completed,77.06,8.85
ORD-11794,U1898,2026-02-19 00:00:00,Sports,cancelled,100.55,0.0
ORD-11795,U1899,2026-01-17 00:00:00,Electronics,completed,571.95,80.1
ORD-11796,U1899,2026-01-23 00:00:00,Fashion,completed,39.88,0.0
ORD-11797,U1900,2026-01-25 00:00:00,Home & Living,completed,221.56,48.54
ORD-11798,U1901,2026-02-08 00:00:00,Beauty,cancelled,33.44,7.63
ORD-11799,U1901,2026-02-19 00:00:00,Home & Living,completed,209.51,0.0
ORD-11800,U1901,2026-03-05 00:00:00,Home & Living,completed,100.34,20.16
ORD-11801,U1901,2026-03-30 00:00:00,Home & Living,completed,186.36,0.0
ORD-11802,U1901,2026-04-18 00:00:00,Beauty,completed,76.68,19.16
ORD-11803,U1901,2026-04-30 00:00:00,Fashion,cancelled,77.95,10.06
ORD-11804,U1901,2026-05-12 00:00:00,Beauty,completed,90.48,11.67
ORD-11806,U1902,2026-01-30 00:00:00,Fashion,completed,74.06,0.0
ORD-11807,U1902,2026-02-18 00:00:00,Electronics,completed,113.17,0.0
ORD-11808,U1903,2026-03-02 00:00:00,Home & Living,completed,201.5,0.0
ORD-11809,U1904,2026-02-19 00:00:00,Sports,completed,91.65,0.0
ORD-11810,U1904,2026-02-24 00:00:00,Electronics,completed,608.43,58.71
ORD-11811,U1904,2026-03-03 00:00:00,Beauty,completed,54.29,0.0
ORD-11812,U1904,2026-03-19 00:00:00,Sports,completed,99.32,0.0
ORD-11813,U1904,2026-03-28 00:00:00,Electronics,completed,409.54,41.39
ORD-11814,U1904,2026-04-21 00:00:00,Sports,completed,34.26,0.0
ORD-11815,U1904,2026-05-10 00:00:00,Fashion,completed,105.11,0.0
ORD-11817,U1906,2026-03-17 00:00:00,Electronics,completed,579.84,0.0
ORD-11818,U1906,2026-03-23 00:00:00,Home & Living,completed,172.54,0.0
ORD-11819,U1906,2026-03-30 00:00:00,Sports,completed,91.24,0.0
ORD-11820,U1906,2026-04-12 00:00:00,Sports,completed,70.48,0.0
ORD-11821,U1906,2026-04-21 00:00:00,Fashion,completed,130.38,0.0
ORD-11822,U1908,2026-03-08 00:00:00,Home & Living,completed,221.47,0.0
ORD-11823,U1909,2026-02-11 00:00:00,Fashion,completed,102.26,0.0
ORD-11824,U1909,2026-02-17 00:00:00,Electronics,completed,392.76,0.0
ORD-11825,U1910,2026-03-03 00:00:00,Fashion,completed,77.07,6.06
ORD-11826,U1912,2026-03-13 00:00:00,Electronics,completed,451.33,0.0
ORD-11827,U1912,2026-04-04 00:00:00,Electronics,cancelled,179.21,0.0
ORD-11828,U1913,2026-02-23 00:00:00,Beauty,completed,76.42,8.9
ORD-11829,U1913,2026-03-04 00:00:00,Electronics,completed,197.67,0.0
ORD-11830,U1913,2026-03-06 00:00:00,Beauty,completed,23.31,0.0
ORD-11831,U1913,2026-03-08 00:00:00,Beauty,completed,110.32,25.35
ORD-11832,U1913,2026-04-02 00:00:00,Electronics,completed,154.78,0.0
ORD-11833,U1915,2026-03-04 00:00:00,Sports,completed,22.43,0.0
ORD-11834,U1915,2026-03-22 00:00:00,Electronics,completed,294.3,0.0
ORD-11835,U1915,2026-04-06 00:00:00,Electronics,cancelled,554.19,0.0
ORD-11836,U1915,2026-04-08 00:00:00,Electronics,completed,551.4,76.76
ORD-11837,U1915,2026-04-12 00:00:00,Fashion,completed,85.88,0.0
ORD-11838,U1915,2026-04-28 00:00:00,Sports,cancelled,85.02,0.0
ORD-11839,U1917,2026-04-08 00:00:00,Electronics,completed,326.59,32.93
ORD-11840,U1917,2026-04-29 00:00:00,Beauty,completed,75.25,0.0
ORD-11841,U1918,2026-04-04 00:00:00,Beauty,completed,50.84,0.0
ORD-11842,U1918,2026-04-16 00:00:00,Electronics,completed,481.35,0.0
ORD-11843,U1918,2026-04-22 00:00:00,Sports,completed,105.57,8.59
ORD-11844,U1919,2026-02-23 00:00:00,Sports,completed,107.12,22.94
ORD-11845,U1919,2026-02-24 00:00:00,Home & Living,completed,50.98,0.0
ORD-11846,U1919,2026-02-25 00:00:00,Sports,completed,115.55,0.0
ORD-11847,U1921,2026-02-20 00:00:00,Beauty,completed,87.26,0.0
ORD-11848,U1921,2026-02-23 00:00:00,Fashion,completed,50.48,10.03
ORD-11849,U1921,2026-03-01 00:00:00,Electronics,completed,220.89,49.73
ORD-11850,U1921,2026-03-17 00:00:00,Beauty,completed,61.54,0.0
ORD-11851,U1922,2026-04-12 00:00:00,Electronics,completed,628.82,0.0
ORD-11852,U1922,2026-05-08 00:00:00,Fashion,completed,175.69,0.0
ORD-11853,U1922,2026-05-11 00:00:00,Home & Living,completed,179.26,0.0
ORD-11854,U1923,2026-03-18 00:00:00,Beauty,completed,71.07,14.13
ORD-11855,U1924,2026-02-23 00:00:00,Sports,completed,32.37,0.0
ORD-11856,U1924,2026-03-24 00:00:00,Home & Living,completed,129.28,0.0
ORD-11857,U1924,2026-03-27 00:00:00,Fashion,completed,156.86,8.08
ORD-11858,U1924,2026-03-31 00:00:00,Fashion,completed,120.97,27.27
ORD-11859,U1927,2026-03-28 00:00:00,Beauty,completed,37.33,0.0
ORD-11860,U1927,2026-04-08 00:00:00,Electronics,cancelled,336.12,0.0
ORD-11861,U1927,2026-04-15 00:00:00,Sports,completed,101.21,21.57
ORD-11862,U1929,2026-02-05 00:00:00,Beauty,completed,93.49,0.0
ORD-11863,U1929,2026-02-18 00:00:00,Sports,completed,64.23,13.35
ORD-11864,U1930,2026-01-26 00:00:00,Fashion,completed,109.69,0.0
ORD-11865,U1930,2026-02-17 00:00:00,Sports,completed,65.77,0.0
ORD-11866,U1930,2026-02-19 00:00:00,Home & Living,completed,286.55,0.0
ORD-11867,U1930,2026-02-22 00:00:00,Sports,completed,36.71,0.0
ORD-11868,U1932,2026-04-12 00:00:00,Beauty,completed,18.27,0.0
ORD-11869,U1933,2026-03-05 00:00:00,Sports,cancelled,38.54,0.0
ORD-11870,U1933,2026-03-06 00:00:00,Home & Living,refunded,42.96,0.0
ORD-11871,U1933,2026-03-10 00:00:00,Beauty,completed,15.04,0.89
ORD-11872,U1933,2026-04-01 00:00:00,Sports,completed,39.85,4.97
ORD-11873,U1933,2026-05-01 00:00:00,Electronics,completed,618.6,0.0
ORD-11874,U1933,2026-05-15 00:00:00,Electronics,completed,89.84,0.0
ORD-11875,U1933,2026-05-16 00:00:00,Sports,completed,86.72,0.0
ORD-11876,U1934,2026-02-02 00:00:00,Sports,completed,67.49,0.0
ORD-11877,U1934,2026-02-03 00:00:00,Sports,completed,81.43,0.0
ORD-11878,U1934,2026-02-20 00:00:00,Home & Living,completed,50.87,3.47
ORD-11879,U1934,2026-02-21 00:00:00,Home & Living,completed,140.99,0.0
ORD-11880,U1934,2026-02-25 00:00:00,Fashion,completed,109.28,10.3
ORD-11881,U1934,2026-02-28 00:00:00,Electronics,completed,175.66,0.0
ORD-11882,U1934,2026-03-05 00:00:00,Home & Living,completed,154.83,0.0
ORD-11883,U1936,2026-02-25 00:00:00,Electronics,completed,477.45,51.85
ORD-11884,U1937,2026-03-26 00:00:00,Beauty,completed,81.81,0.0
ORD-11885,U1937,2026-04-11 00:00:00,Electronics,completed,97.13,23.37
ORD-11886,U1937,2026-04-16 00:00:00,Home & Living,completed,211.14,0.0
ORD-11887,U1937,2026-05-08 00:00:00,Beauty,completed,88.18,14.08
ORD-11888,U1937,2026-05-19 00:00:00,Electronics,completed,167.04,27.39
ORD-11890,U1938,2026-02-20 00:00:00,Sports,completed,84.91,0.0
ORD-11891,U1938,2026-03-07 00:00:00,Electronics,completed,554.52,0.0
ORD-11892,U1939,2026-02-25 00:00:00,Home & Living,completed,125.68,13.02
ORD-11893,U1940,2026-01-26 00:00:00,Beauty,completed,63.01,8.25
ORD-11894,U1941,2026-03-10 00:00:00,Fashion,completed,57.42,9.16
ORD-11895,U1942,2026-03-12 00:00:00,Electronics,completed,502.1,0.0
ORD-11896,U1942,2026-03-14 00:00:00,Beauty,completed,16.75,0.0
ORD-11897,U1944,2026-01-23 00:00:00,Beauty,completed,40.26,8.79
ORD-11898,U1944,2026-02-02 00:00:00,Fashion,completed,113.09,0.0
ORD-11899,U1946,2026-01-29 00:00:00,Electronics,completed,519.34,0.0
ORD-11900,U1946,2026-02-05 00:00:00,Home & Living,completed,195.96,0.0
ORD-11901,U1946,2026-02-08 00:00:00,Fashion,completed,139.72,26.51
ORD-11902,U1947,2026-03-31 00:00:00,Fashion,completed,138.57,12.97
ORD-11903,U1948,2026-04-11 00:00:00,Beauty,cancelled,93.92,0.0
ORD-11904,U1948,2026-04-14 00:00:00,Electronics,completed,275.04,0.0
ORD-11905,U1949,2026-03-06 00:00:00,Fashion,completed,63.4,0.0
ORD-11906,U1949,2026-03-23 00:00:00,Sports,completed,90.08,0.0
ORD-11907,U1949,2026-03-25 00:00:00,Beauty,completed,49.04,0.0
ORD-11908,U1949,2026-03-29 00:00:00,Fashion,completed,120.37,17.25
ORD-11909,U1949,2026-04-08 00:00:00,Sports,completed,106.88,0.0
ORD-11910,U1950,2026-03-06 00:00:00,Fashion,completed,38.93,0.0
ORD-11911,U1950,2026-03-09 00:00:00,Fashion,completed,25.18,4.2
ORD-11912,U1951,2026-03-10 00:00:00,Electronics,completed,413.35,78.41
ORD-11913,U1951,2026-03-11 00:00:00,Home & Living,completed,211.76,31.94
ORD-11914,U1952,2026-02-04 00:00:00,Fashion,completed,101.09,12.1
ORD-11915,U1954,2026-02-10 00:00:00,Home & Living,completed,95.96,18.85
ORD-11916,U1954,2026-03-01 00:00:00,Electronics,completed,471.8,0.0
ORD-11917,U1954,2026-03-08 00:00:00,Home & Living,completed,217.51,44.85
ORD-11918,U1954,2026-03-21 00:00:00,Home & Living,completed,115.04,0.0
ORD-11919,U1956,2026-02-27 00:00:00,Sports,completed,66.05,5.15
ORD-11920,U1956,2026-02-28 00:00:00,Sports,completed,119.25,0.0
ORD-11921,U1956,2026-03-03 00:00:00,Electronics,completed,548.95,119.19
ORD-11922,U1957,2026-01-07 00:00:00,Fashion,completed,62.54,0.0
ORD-11923,U1959,2026-03-26 00:00:00,Beauty,completed,98.79,19.19
ORD-11924,U1959,2026-04-06 00:00:00,Fashion,completed,161.19,0.0
ORD-11925,U1960,2026-01-21 00:00:00,Beauty,completed,117.95,0.0
ORD-11926,U1960,2026-01-22 00:00:00,Home & Living,completed,256.92,0.0
ORD-11927,U1961,2026-03-04 00:00:00,Beauty,completed,70.46,0.0
ORD-11928,U1962,2026-01-29 00:00:00,Sports,completed,56.66,0.0
ORD-11929,U1963,2026-02-10 00:00:00,Home & Living,completed,244.61,36.92
ORD-11930,U1964,2026-02-12 00:00:00,Fashion,refunded,68.22,0.0
ORD-11931,U1965,2026-02-19 00:00:00,Home & Living,completed,301.54,0.0
ORD-11932,U1965,2026-03-19 00:00:00,Electronics,completed,354.42,73.07
ORD-11933,U1965,2026-03-27 00:00:00,Electronics,completed,121.38,18.91
ORD-11934,U1965,2026-04-16 00:00:00,Fashion,completed,170.19,42.21
ORD-11935,U1966,2026-03-12 00:00:00,Electronics,completed,118.43,0.0
ORD-11936,U1966,2026-03-19 00:00:00,Home & Living,completed,315.39,22.25
ORD-11937,U1967,2026-01-29 00:00:00,Beauty,completed,52.8,0.0
ORD-11938,U1967,2026-01-31 00:00:00,Home & Living,completed,289.82,0.0
ORD-11939,U1968,2026-02-28 00:00:00,Electronics,cancelled,564.79,0.0
ORD-11940,U1970,2026-03-05 00:00:00,Electronics,cancelled,424.68,0.0
ORD-11941,U1972,2026-03-08 00:00:00,Fashion,completed,103.36,0.0
ORD-11942,U1972,2026-03-31 00:00:00,Sports,completed,22.9,0.0
ORD-11943,U1972,2026-05-05 00:00:00,Sports,completed,61.34,4.77
ORD-11944,U1972,2026-05-20 00:00:00,Fashion,completed,88.55,0.0
ORD-11945,U1972,2026-05-30 00:00:00,Electronics,cancelled,496.95,0.0
ORD-11947,U1973,2026-02-02 00:00:00,Beauty,cancelled,109.02,23.99
ORD-11948,U1974,2026-01-22 00:00:00,Home & Living,completed,64.88,0.0
ORD-11949,U1974,2026-01-23 00:00:00,Electronics,completed,568.48,0.0
ORD-11950,U1976,2026-03-26 00:00:00,Beauty,completed,95.91,20.7
ORD-11951,U1976,2026-04-05 00:00:00,Electronics,completed,569.95,0.0
ORD-11952,U1976,2026-04-07 00:00:00,Beauty,completed,109.38,0.0
ORD-11953,U1976,2026-05-09 00:00:00,Beauty,completed,20.58,0.0
ORD-11954,U1978,2026-03-02 00:00:00,Electronics,completed,496.69,0.0
ORD-11955,U1980,2026-02-04 00:00:00,Beauty,cancelled,32.15,0.0
ORD-11956,U1981,2026-04-04 00:00:00,Fashion,completed,49.62,0.0
ORD-11957,U1984,2026-03-12 00:00:00,Electronics,completed,482.36,99.86
ORD-11958,U1984,2026-03-29 00:00:00,Electronics,completed,350.83,0.0
ORD-11959,U1984,2026-03-30 00:00:00,Home & Living,completed,251.82,0.0
ORD-11960,U1984,2026-04-05 00:00:00,Home & Living,completed,306.19,17.33
ORD-11961,U1985,2026-02-22 00:00:00,Electronics,completed,447.63,0.0
ORD-11962,U1985,2026-03-19 00:00:00,Sports,completed,67.17,0.0
ORD-11963,U1985,2026-03-27 00:00:00,Fashion,completed,95.09,5.69
ORD-11964,U1985,2026-03-30 00:00:00,Sports,refunded,69.88,4.96
ORD-11965,U1985,2026-04-23 00:00:00,Home & Living,completed,285.6,17.78
ORD-11966,U1985,2026-04-27 00:00:00,Electronics,completed,403.7,0.0
ORD-11967,U1985,2026-05-12 00:00:00,Beauty,completed,23.51,0.0
ORD-11968,U1985,2026-05-20 00:00:00,Electronics,completed,644.52,0.0
ORD-11969,U1985,2026-05-29 00:00:00,Electronics,completed,166.47,0.0
ORD-11971,U1986,2026-03-29 00:00:00,Beauty,completed,76.94,0.0
ORD-11972,U1986,2026-04-06 00:00:00,Home & Living,completed,181.96,0.0
ORD-11973,U1986,2026-04-08 00:00:00,Fashion,completed,173.01,0.0
ORD-11974,U1987,2026-02-11 00:00:00,Electronics,completed,90.1,0.0
ORD-11975,U1988,2026-03-01 00:00:00,Electronics,completed,445.8,0.0
ORD-11976,U1988,2026-03-03 00:00:00,Fashion,completed,86.76,0.0
ORD-11977,U1988,2026-03-05 00:00:00,Sports,completed,107.4,8.39
ORD-11978,U1988,2026-03-30 00:00:00,Fashion,completed,69.8,0.0
ORD-11979,U1988,2026-04-04 00:00:00,Home & Living,completed,113.12,8.75
ORD-11980,U1988,2026-04-11 00:00:00,Sports,completed,92.89,0.0
ORD-11981,U1988,2026-04-13 00:00:00,Sports,completed,33.48,4.43
ORD-11982,U1988,2026-04-30 00:00:00,Electronics,completed,455.11,0.0
ORD-11983,U1988,2026-05-08 00:00:00,Beauty,completed,99.25,0.0
ORD-11984,U1988,2026-05-23 00:00:00,Home & Living,completed,139.3,34.46
ORD-11985,U1990,2026-03-18 00:00:00,Sports,completed,46.96,6.89
ORD-11986,U1990,2026-03-24 00:00:00,Sports,completed,27.58,4.91
ORD-11987,U1990,2026-03-30 00:00:00,Fashion,completed,112.79,0.0
ORD-11988,U1990,2026-05-06 00:00:00,Home & Living,completed,112.39,15.49
ORD-11989,U1992,2026-01-29 00:00:00,Home & Living,completed,139.25,0.0
ORD-11990,U1992,2026-02-09 00:00:00,Fashion,completed,179.14,0.0
ORD-11991,U1992,2026-02-25 00:00:00,Home & Living,completed,107.87,24.77
ORD-11992,U1992,2026-03-03 00:00:00,Home & Living,completed,47.01,0.0
ORD-11993,U1993,2026-04-07 00:00:00,Fashion,completed,122.83,18.21
ORD-11994,U1993,2026-04-18 00:00:00,Fashion,completed,50.01,0.0
ORD-11995,U1993,2026-05-17 00:00:00,Electronics,completed,116.7,20.0
ORD-11996,U1993,2026-05-25 00:00:00,Beauty,completed,83.39,0.0
ORD-11997,U1994,2026-02-12 00:00:00,Home & Living,refunded,262.96,60.74
ORD-11998,U1994,2026-02-18 00:00:00,Home & Living,completed,167.76,39.25
ORD-11999,U1994,2026-02-21 00:00:00,Electronics,completed,324.68,0.0
ORD-12000,U1995,2026-02-19 00:00:00,Fashion,completed,158.15,9.51
ORD-12001,U1996,2026-04-05 00:00:00,Beauty,cancelled,64.19,0.0
ORD-12002,U1996,2026-04-09 00:00:00,Electronics,cancelled,311.84,0.0
ORD-12003,U1996,2026-04-12 00:00:00,Home & Living,cancelled,319.52,60.33
ORD-12004,U1996,2026-04-23 00:00:00,Sports,completed,68.99,0.0
ORD-12005,U1996,2026-05-31 00:00:00,Electronics,completed,138.66,8.46
ORD-12006,U1997,2026-01-16 00:00:00,Electronics,cancelled,147.87,17.26
ORD-12007,U1998,2026-03-29 00:00:00,Home & Living,cancelled,111.91,0.0
ORD-12008,U1999,2026-02-16 00:00:00,Fashion,completed,105.08,0.0
ORD-12009,U1999,2026-02-22 00:00:00,Home & Living,cancelled,64.69,8.38
ORD-12010,U1999,2026-04-01 00:00:00,Electronics,completed,343.87,18.47
ORD-12011,U1999,2026-05-02 00:00:00,Beauty,completed,37.15,0.0
ORD-12012,U1999,2026-05-06 00:00:00,Home & Living,completed,72.11,15.89
ORD-12013,U1999,2026-05-10 00:00:00,Electronics,completed,525.74,31.43
ORD-12014,U2000,2026-01-26 00:00:00,Fashion,completed,106.77,6.58
ORD-12015,U2000,2026-02-13 00:00:00,Beauty,completed,116.27,0.0
ORD-12016,U2000,2026-02-19 00:00:00,Sports,cancelled,25.29,0.0
ORD-12017,U2000,2026-03-07 00:00:00,Electronics,completed,644.92,156.74
ORD-12018,U2001,2026-03-01 00:00:00,Electronics,completed,510.48,121.31
ORD-12019,U2001,2026-04-10 00:00:00,Sports,completed,43.49,2.61
ORD-12020,U2001,2026-04-18 00:00:00,Electronics,completed,229.25,0.0
ORD-12021,U2002,2026-03-22 00:00:00,Electronics,completed,498.28,0.0
ORD-12022,U2003,2026-03-14 00:00:00,Fashion,completed,31.97,5.8
ORD-12023,U2004,2026-03-17 00:00:00,Home & Living,completed,129.83,16.72
ORD-12024,U2005,2026-03-18 00:00:00,Sports,completed,80.29,0.0
ORD-12025,U2005,2026-04-02 00:00:00,Fashion,completed,117.21,0.0
ORD-12026,U2005,2026-04-12 00:00:00,Beauty,cancelled,107.01,12.67
ORD-12027,U2006,2026-03-18 00:00:00,Home & Living,completed,190.28,19.17
ORD-12028,U2007,2026-04-15 00:00:00,Electronics,refunded,351.31,67.82
ORD-12029,U2008,2026-01-31 00:00:00,Fashion,completed,114.68,0.0
ORD-12030,U2008,2026-02-14 00:00:00,Electronics,completed,312.63,0.0
ORD-12031,U2008,2026-02-22 00:00:00,Beauty,completed,66.7,0.0
ORD-12032,U2008,2026-03-13 00:00:00,Beauty,cancelled,115.44,0.0
ORD-12033,U2008,2026-03-15 00:00:00,Beauty,completed,29.55,7.0
ORD-12034,U2008,2026-04-04 00:00:00,Beauty,completed,85.08,0.0
ORD-12035,U2009,2026-02-16 00:00:00,Electronics,completed,190.07,44.5
ORD-12036,U2009,2026-03-05 00:00:00,Sports,cancelled,85.09,0.0
ORD-12037,U2010,2026-02-14 00:00:00,Electronics,completed,116.32,0.0
ORD-12038,U2010,2026-02-20 00:00:00,Home & Living,completed,175.56,0.0
ORD-12039,U2010,2026-03-01 00:00:00,Electronics,completed,599.71,0.0
ORD-12040,U2010,2026-03-07 00:00:00,Beauty,completed,95.65,0.0
ORD-12041,U2010,2026-04-24 00:00:00,Beauty,completed,52.04,0.0
ORD-12042,U2010,2026-04-25 00:00:00,Sports,completed,46.86,6.96
ORD-12043,U2010,2026-05-10 00:00:00,Beauty,completed,19.38,0.0
ORD-12044,U2012,2026-03-29 00:00:00,Sports,cancelled,104.49,23.81
ORD-12045,U2012,2026-04-06 00:00:00,Home & Living,completed,158.7,0.0
ORD-12046,U2013,2026-02-17 00:00:00,Electronics,completed,80.49,0.0
ORD-12047,U2013,2026-02-26 00:00:00,Fashion,completed,119.69,0.0
ORD-12048,U2013,2026-03-17 00:00:00,Home & Living,completed,154.89,0.0
ORD-12049,U2013,2026-04-03 00:00:00,Fashion,refunded,34.78,0.0
ORD-12050,U2013,2026-04-05 00:00:00,Beauty,completed,102.59,0.0
ORD-12051,U2014,2026-03-10 00:00:00,Home & Living,cancelled,44.93,0.0
ORD-12052,U2014,2026-03-15 00:00:00,Sports,completed,60.38,0.0
ORD-12053,U2014,2026-03-20 00:00:00,Beauty,completed,59.32,0.0
ORD-12054,U2016,2026-02-26 00:00:00,Sports,completed,74.75,8.12
ORD-12055,U2016,2026-03-30 00:00:00,Beauty,completed,87.44,0.0
ORD-12056,U2016,2026-04-20 00:00:00,Electronics,completed,295.05,0.0
ORD-12057,U2017,2026-02-22 00:00:00,Electronics,completed,643.36,0.0
ORD-12058,U2019,2026-01-06 00:00:00,Beauty,completed,85.41,8.38
ORD-12059,U2019,2026-01-16 00:00:00,Electronics,completed,325.66,79.5
ORD-12060,U2021,2026-02-02 00:00:00,Electronics,completed,262.74,0.0
ORD-12061,U2021,2026-02-12 00:00:00,Sports,completed,37.53,0.0
ORD-12062,U2021,2026-03-04 00:00:00,Electronics,completed,175.16,16.75
ORD-12063,U2022,2026-04-05 00:00:00,Electronics,completed,133.34,0.0
ORD-12064,U2023,2026-03-31 00:00:00,Beauty,completed,38.96,6.55
ORD-12065,U2023,2026-04-05 00:00:00,Beauty,cancelled,42.72,2.26
ORD-12066,U2024,2026-04-03 00:00:00,Sports,completed,25.18,4.58
ORD-12067,U2024,2026-04-13 00:00:00,Home & Living,refunded,96.36,0.0
ORD-12068,U2024,2026-04-29 00:00:00,Home & Living,completed,169.75,0.0
ORD-12069,U2024,2026-05-01 00:00:00,Beauty,completed,60.14,0.0
ORD-12071,U2025,2026-02-20 00:00:00,Sports,completed,97.72,0.0
ORD-12072,U2027,2026-03-25 00:00:00,Sports,completed,96.15,5.98
ORD-12073,U2028,2026-02-15 00:00:00,Fashion,completed,172.65,11.66
ORD-12074,U2029,2026-03-17 00:00:00,Sports,completed,102.01,23.91
ORD-12075,U2029,2026-03-23 00:00:00,Sports,completed,109.89,20.19
ORD-12076,U2030,2026-01-25 00:00:00,Beauty,completed,32.93,0.0
ORD-12077,U2030,2026-02-07 00:00:00,Fashion,completed,162.69,0.0
ORD-12078,U2031,2026-02-28 00:00:00,Fashion,completed,58.08,0.0
ORD-12079,U2031,2026-03-01 00:00:00,Electronics,completed,512.41,107.35
ORD-12080,U2032,2026-01-24 00:00:00,Home & Living,completed,288.5,19.34
ORD-12081,U2033,2026-01-21 00:00:00,Electronics,completed,301.39,0.0
ORD-12082,U2033,2026-01-24 00:00:00,Home & Living,completed,71.06,0.0
ORD-12083,U2034,2026-02-09 00:00:00,Electronics,completed,97.26,20.37
ORD-12084,U2035,2026-03-05 00:00:00,Sports,completed,63.3,0.0
ORD-12085,U2036,2026-02-05 00:00:00,Electronics,completed,86.94,0.0
ORD-12086,U2038,2026-02-10 00:00:00,Electronics,completed,488.0,30.15
ORD-12087,U2039,2026-02-06 00:00:00,Home & Living,completed,316.93,0.0
ORD-12088,U2040,2026-02-19 00:00:00,Electronics,completed,136.7,0.0
ORD-12089,U2040,2026-02-20 00:00:00,Beauty,completed,16.38,0.0
ORD-12090,U2040,2026-02-23 00:00:00,Sports,completed,71.34,0.0
ORD-12091,U2042,2026-02-12 00:00:00,Fashion,completed,26.48,0.0
ORD-12092,U2043,2026-02-27 00:00:00,Beauty,completed,83.16,10.34
ORD-12093,U2043,2026-03-23 00:00:00,Fashion,refunded,174.91,0.0
ORD-12094,U2043,2026-04-17 00:00:00,Electronics,completed,87.19,7.34
ORD-12095,U2044,2026-04-02 00:00:00,Beauty,completed,38.13,0.0
ORD-12096,U2044,2026-04-08 00:00:00,Beauty,completed,91.29,19.08
ORD-12097,U2044,2026-04-18 00:00:00,Sports,completed,92.68,11.48
ORD-12098,U2045,2026-03-04 00:00:00,Electronics,completed,636.56,123.2
ORD-12099,U2045,2026-03-09 00:00:00,Sports,completed,48.26,0.0
ORD-12100,U2045,2026-03-10 00:00:00,Beauty,completed,84.69,18.99
ORD-12101,U2045,2026-03-14 00:00:00,Home & Living,completed,305.75,57.72
ORD-12102,U2046,2026-01-25 00:00:00,Home & Living,completed,297.69,0.0
ORD-12103,U2046,2026-01-27 00:00:00,Electronics,completed,374.96,0.0
ORD-12104,U2046,2026-02-03 00:00:00,Fashion,completed,48.73,0.0
ORD-12105,U2046,2026-02-15 00:00:00,Beauty,refunded,75.47,0.0
ORD-12106,U2046,2026-03-13 00:00:00,Sports,completed,98.38,20.86
ORD-12107,U2046,2026-03-15 00:00:00,Beauty,completed,107.64,16.33
ORD-12108,U2046,2026-03-24 00:00:00,Sports,completed,118.9,9.04
ORD-12109,U2046,2026-04-07 00:00:00,Home & Living,completed,268.86,0.0
ORD-12110,U2048,2026-03-23 00:00:00,Electronics,completed,314.15,0.0
ORD-12111,U2048,2026-04-20 00:00:00,Home & Living,refunded,265.53,0.0
ORD-12112,U2048,2026-04-27 00:00:00,Beauty,completed,57.2,0.0
ORD-12113,U2048,2026-05-05 00:00:00,Home & Living,completed,307.53,70.88
ORD-12114,U2048,2026-05-08 00:00:00,Home & Living,completed,228.3,21.51
ORD-12115,U2048,2026-05-13 00:00:00,Beauty,completed,35.48,0.0
ORD-12117,U2049,2026-01-30 00:00:00,Electronics,completed,364.15,0.0
ORD-12118,U2050,2026-03-27 00:00:00,Sports,completed,20.27,0.0
ORD-12119,U2050,2026-04-05 00:00:00,Home & Living,completed,295.19,0.0
ORD-12120,U2051,2026-03-18 00:00:00,Home & Living,completed,72.71,0.0
ORD-12121,U2052,2026-04-13 00:00:00,Fashion,completed,103.59,12.01
ORD-12122,U2052,2026-04-29 00:00:00,Beauty,completed,88.72,0.0
ORD-12123,U2052,2026-05-01 00:00:00,Electronics,completed,454.05,0.0
ORD-12124,U2052,2026-05-14 00:00:00,Beauty,completed,94.91,18.4
ORD-12125,U2053,2026-03-16 00:00:00,Beauty,completed,46.39,0.0
ORD-12126,U2054,2026-04-03 00:00:00,Fashion,completed,133.37,15.58
ORD-12127,U2056,2026-03-24 00:00:00,Electronics,completed,85.13,0.0
ORD-12128,U2057,2026-02-20 00:00:00,Sports,completed,57.41,0.0
ORD-12129,U2057,2026-03-01 00:00:00,Home & Living,completed,305.53,0.0
ORD-12130,U2057,2026-03-16 00:00:00,Home & Living,completed,176.25,0.0
ORD-12131,U2057,2026-03-18 00:00:00,Fashion,completed,166.83,33.09
ORD-12132,U2058,2026-02-25 00:00:00,Fashion,completed,105.26,0.0
ORD-12133,U2058,2026-02-26 00:00:00,Home & Living,completed,146.8,0.0
ORD-12134,U2060,2026-04-04 00:00:00,Sports,completed,115.43,0.0
ORD-12135,U2061,2026-04-17 00:00:00,Home & Living,completed,309.11,73.78
ORD-12136,U2061,2026-04-27 00:00:00,Home & Living,completed,209.54,34.48
ORD-12137,U2061,2026-05-15 00:00:00,Sports,completed,108.37,19.74
ORD-12139,U2063,2026-03-03 00:00:00,Sports,completed,33.52,0.0
ORD-12140,U2063,2026-03-05 00:00:00,Sports,completed,95.56,0.0
ORD-12141,U2064,2026-03-10 00:00:00,Home & Living,completed,237.81,0.0
ORD-12142,U2064,2026-03-18 00:00:00,Electronics,completed,273.96,44.09
ORD-12143,U2064,2026-04-04 00:00:00,Fashion,completed,156.28,29.75
ORD-12144,U2064,2026-04-10 00:00:00,Beauty,completed,100.75,0.0
ORD-12145,U2065,2026-04-19 00:00:00,Sports,completed,23.14,0.0
ORD-12146,U2065,2026-04-20 00:00:00,Fashion,completed,77.25,0.0
ORD-12147,U2065,2026-05-09 00:00:00,Sports,completed,99.69,10.72
ORD-12148,U2068,2026-02-25 00:00:00,Fashion,completed,93.97,0.0
ORD-12149,U2068,2026-04-03 00:00:00,Sports,completed,55.73,0.0
ORD-12150,U2068,2026-04-17 00:00:00,Beauty,cancelled,47.48,0.0
ORD-12151,U2068,2026-04-25 00:00:00,Fashion,completed,51.13,0.0
ORD-12152,U2068,2026-05-05 00:00:00,Home & Living,completed,211.51,46.85
ORD-12153,U2069,2026-02-24 00:00:00,Sports,completed,40.4,0.0
ORD-12154,U2070,2026-02-08 00:00:00,Sports,completed,19.49,2.29
ORD-12155,U2070,2026-02-27 00:00:00,Beauty,completed,111.26,24.03
ORD-12156,U2070,2026-03-24 00:00:00,Beauty,completed,101.33,0.0
ORD-12157,U2070,2026-03-26 00:00:00,Home & Living,completed,288.15,0.0
ORD-12158,U2071,2026-01-29 00:00:00,Fashion,completed,161.91,25.68
ORD-12159,U2071,2026-02-06 00:00:00,Fashion,cancelled,132.25,0.0
ORD-12160,U2071,2026-03-24 00:00:00,Home & Living,completed,272.61,0.0
ORD-12161,U2071,2026-03-28 00:00:00,Fashion,completed,122.43,0.0
ORD-12162,U2071,2026-03-31 00:00:00,Fashion,completed,121.14,0.0
ORD-12163,U2071,2026-04-01 00:00:00,Home & Living,completed,158.91,0.0
ORD-12164,U2071,2026-04-05 00:00:00,Electronics,completed,140.5,0.0
ORD-12165,U2071,2026-04-13 00:00:00,Home & Living,completed,88.9,0.0
ORD-12166,U2071,2026-04-19 00:00:00,Electronics,cancelled,580.27,0.0
ORD-12167,U2071,2026-04-29 00:00:00,Home & Living,completed,242.59,44.59
ORD-12168,U2072,2026-01-06 00:00:00,Home & Living,completed,307.09,0.0
ORD-12169,U2073,2026-01-20 00:00:00,Beauty,completed,109.57,11.43
ORD-12170,U2073,2026-02-03 00:00:00,Fashion,completed,94.98,0.0
ORD-12171,U2073,2026-02-06 00:00:00,Home & Living,completed,110.59,0.0
ORD-12172,U2073,2026-02-07 00:00:00,Fashion,completed,48.2,0.0
ORD-12173,U2073,2026-02-11 00:00:00,Home & Living,completed,66.12,0.0
ORD-12174,U2074,2026-04-01 00:00:00,Beauty,completed,47.55,8.19
ORD-12175,U2074,2026-04-15 00:00:00,Home & Living,completed,41.42,0.0
ORD-12176,U2074,2026-04-20 00:00:00,Fashion,completed,144.68,14.58
ORD-12177,U2075,2026-02-09 00:00:00,Electronics,completed,372.79,0.0
ORD-12178,U2075,2026-02-23 00:00:00,Fashion,completed,114.56,16.66
ORD-12179,U2076,2026-02-12 00:00:00,Electronics,completed,146.31,0.0
ORD-12180,U2076,2026-03-05 00:00:00,Sports,completed,60.23,0.0
ORD-12181,U2076,2026-03-22 00:00:00,Sports,completed,72.02,0.0
ORD-12182,U2076,2026-03-29 00:00:00,Home & Living,completed,126.2,0.0
ORD-12183,U2076,2026-04-15 00:00:00,Sports,completed,52.14,0.0
ORD-12184,U2076,2026-04-16 00:00:00,Electronics,completed,396.57,61.05
ORD-12185,U2077,2026-03-31 00:00:00,Fashion,cancelled,156.25,0.0
ORD-12186,U2077,2026-04-02 00:00:00,Beauty,completed,58.11,0.0
ORD-12187,U2077,2026-05-23 00:00:00,Beauty,completed,82.18,0.0
ORD-12188,U2077,2026-05-27 00:00:00,Sports,completed,76.42,0.0
ORD-12189,U2079,2026-04-22 00:00:00,Sports,completed,81.85,14.73
ORD-12190,U2080,2026-03-13 00:00:00,Home & Living,refunded,297.25,0.0
ORD-12191,U2081,2026-01-22 00:00:00,Home & Living,completed,140.23,0.0
ORD-12192,U2082,2026-02-08 00:00:00,Beauty,completed,69.91,0.0
ORD-12193,U2084,2026-03-31 00:00:00,Sports,completed,28.08,0.0
ORD-12194,U2084,2026-04-01 00:00:00,Sports,completed,70.34,0.0
ORD-12195,U2084,2026-04-05 00:00:00,Beauty,completed,82.96,0.0
ORD-12196,U2085,2026-02-14 00:00:00,Home & Living,completed,252.81,0.0
ORD-12197,U2085,2026-02-28 00:00:00,Home & Living,completed,251.5,0.0
ORD-12198,U2085,2026-03-01 00:00:00,Sports,completed,118.49,20.33
ORD-12199,U2085,2026-03-05 00:00:00,Home & Living,completed,69.2,0.0
ORD-12200,U2086,2026-03-11 00:00:00,Sports,completed,68.37,0.0
ORD-12201,U2087,2026-01-24 00:00:00,Beauty,completed,50.05,6.51
ORD-12202,U2087,2026-02-04 00:00:00,Beauty,completed,38.57,0.0
ORD-12203,U2087,2026-03-16 00:00:00,Beauty,completed,68.59,0.0
ORD-12204,U2087,2026-03-19 00:00:00,Sports,completed,117.16,0.0
ORD-12205,U2087,2026-04-05 00:00:00,Sports,completed,116.87,0.0
ORD-12207,U2088,2026-04-02 00:00:00,Home & Living,completed,56.9,10.32
ORD-12208,U2090,2026-04-04 00:00:00,Beauty,completed,58.11,4.84
ORD-12209,U2090,2026-04-09 00:00:00,Home & Living,completed,294.59,0.0
ORD-12210,U2090,2026-05-17 00:00:00,Electronics,completed,136.58,0.0
ORD-12211,U2091,2026-03-22 00:00:00,Fashion,completed,167.54,0.0
ORD-12212,U2092,2026-02-27 00:00:00,Home & Living,completed,263.71,24.91
ORD-12213,U2093,2026-02-28 00:00:00,Beauty,completed,83.88,0.0
ORD-12214,U2093,2026-03-11 00:00:00,Beauty,completed,67.84,16.57
ORD-12215,U2093,2026-03-15 00:00:00,Beauty,completed,119.49,0.0
ORD-12216,U2094,2026-01-26 00:00:00,Fashion,completed,67.78,10.93
ORD-12217,U2094,2026-01-28 00:00:00,Fashion,completed,130.13,0.0
ORD-12218,U2095,2026-01-22 00:00:00,Fashion,cancelled,71.14,0.0
ORD-12219,U2096,2026-01-29 00:00:00,Beauty,cancelled,43.95,10.22
ORD-12220,U2096,2026-03-13 00:00:00,Beauty,refunded,82.48,4.3
ORD-12221,U2096,2026-03-22 00:00:00,Sports,completed,33.16,0.0
ORD-12222,U2096,2026-04-07 00:00:00,Electronics,completed,463.31,0.0
ORD-12223,U2096,2026-04-19 00:00:00,Sports,completed,28.55,5.1
ORD-12224,U2096,2026-04-29 00:00:00,Home & Living,completed,264.59,0.0
ORD-12225,U2096,2026-05-05 00:00:00,Electronics,completed,621.36,129.54
ORD-12226,U2097,2026-02-02 00:00:00,Sports,completed,69.84,13.48
ORD-12227,U2097,2026-02-24 00:00:00,Fashion,completed,84.61,0.0
ORD-12228,U2097,2026-03-13 00:00:00,Home & Living,completed,267.46,0.0
ORD-12229,U2097,2026-03-27 00:00:00,Sports,completed,73.97,0.0
ORD-12230,U2098,2026-03-18 00:00:00,Home & Living,completed,131.28,0.0
ORD-12231,U2098,2026-03-19 00:00:00,Sports,completed,105.86,14.37
ORD-12232,U2099,2026-02-08 00:00:00,Home & Living,completed,49.92,0.0
ORD-12233,U2099,2026-02-12 00:00:00,Home & Living,cancelled,189.4,22.05
ORD-12234,U2099,2026-02-20 00:00:00,Sports,completed,36.65,0.0
ORD-12235,U2099,2026-04-01 00:00:00,Beauty,completed,38.2,0.0
ORD-12236,U2099,2026-05-09 00:00:00,Beauty,completed,91.99,0.0
ORD-12237,U2099,2026-05-14 00:00:00,Sports,completed,91.28,0.0
ORD-12238,U2099,2026-05-16 00:00:00,Home & Living,completed,262.07,47.1
ORD-12240,U2100,2026-01-15 00:00:00,Sports,completed,115.09,0.0
ORD-12241,U2100,2026-01-22 00:00:00,Electronics,completed,159.84,0.0
ORD-12242,U2100,2026-02-18 00:00:00,Sports,completed,18.98,1.42
ORD-12243,U2101,2026-03-31 00:00:00,Beauty,completed,19.61,0.0
ORD-12244,U2105,2026-01-20 00:00:00,Sports,completed,61.58,0.0
ORD-12245,U2106,2026-02-08 00:00:00,Electronics,completed,442.32,0.0
ORD-12246,U2106,2026-02-21 00:00:00,Home & Living,completed,261.36,64.29
ORD-12247,U2106,2026-02-24 00:00:00,Home & Living,completed,306.39,45.82
ORD-12248,U2106,2026-03-01 00:00:00,Electronics,completed,475.08,0.0
ORD-12249,U2106,2026-03-05 00:00:00,Electronics,refunded,285.77,0.0
ORD-12250,U2107,2026-03-11 00:00:00,Sports,completed,91.53,0.0
ORD-12251,U2108,2026-03-25 00:00:00,Fashion,completed,176.97,0.0
ORD-12252,U2109,2026-01-15 00:00:00,Fashion,completed,123.89,27.65
ORD-12253,U2109,2026-01-24 00:00:00,Electronics,completed,130.21,0.0
ORD-12254,U2110,2026-04-27 00:00:00,Sports,completed,54.89,7.49
ORD-12255,U2110,2026-04-28 00:00:00,Sports,completed,83.27,13.88
ORD-12257,U2114,2026-03-18 00:00:00,Electronics,completed,591.22,39.98
ORD-12258,U2114,2026-04-10 00:00:00,Sports,completed,107.07,14.24
ORD-12259,U2114,2026-04-11 00:00:00,Beauty,completed,96.24,5.56
ORD-12260,U2114,2026-04-16 00:00:00,Home & Living,completed,238.14,0.0
ORD-12261,U2114,2026-04-27 00:00:00,Electronics,completed,165.71,0.0
ORD-12262,U2115,2026-03-11 00:00:00,Beauty,completed,114.76,0.0
ORD-12263,U2116,2026-02-06 00:00:00,Electronics,completed,540.98,0.0
ORD-12264,U2116,2026-02-07 00:00:00,Beauty,completed,95.75,0.0
ORD-12265,U2116,2026-02-23 00:00:00,Fashion,completed,125.66,17.86
ORD-12266,U2116,2026-02-26 00:00:00,Home & Living,completed,187.23,0.0
ORD-12267,U2116,2026-03-01 00:00:00,Home & Living,cancelled,66.28,4.36
ORD-12268,U2117,2026-04-28 00:00:00,Electronics,cancelled,607.05,0.0
ORD-12269,U2117,2026-04-30 00:00:00,Fashion,completed,146.63,0.0
ORD-12270,U2117,2026-05-08 00:00:00,Home & Living,completed,302.73,34.96
ORD-12271,U2117,2026-05-16 00:00:00,Fashion,completed,81.38,0.0
ORD-12272,U2117,2026-05-19 00:00:00,Beauty,completed,76.02,7.16
ORD-12273,U2117,2026-05-26 00:00:00,Beauty,completed,69.79,7.2
ORD-12275,U2118,2026-02-03 00:00:00,Beauty,cancelled,75.24,0.0
ORD-12276,U2118,2026-02-04 00:00:00,Fashion,completed,77.13,0.0
ORD-12277,U2119,2026-01-16 00:00:00,Electronics,completed,587.05,70.23
ORD-12278,U2119,2026-02-26 00:00:00,Home & Living,completed,49.04,0.0
ORD-12279,U2119,2026-03-18 00:00:00,Fashion,completed,31.95,7.14
ORD-12280,U2119,2026-03-20 00:00:00,Fashion,completed,179.69,15.86
ORD-12281,U2119,2026-03-31 00:00:00,Beauty,refunded,68.68,16.24
ORD-12282,U2120,2026-03-28 00:00:00,Sports,completed,108.53,0.0
ORD-12283,U2121,2026-04-04 00:00:00,Fashion,cancelled,76.42,0.0
ORD-12284,U2122,2026-04-03 00:00:00,Fashion,completed,136.49,0.0
ORD-12286,U2123,2026-03-28 00:00:00,Beauty,completed,79.52,18.98
ORD-12287,U2123,2026-03-29 00:00:00,Beauty,completed,87.67,5.33
ORD-12288,U2123,2026-04-07 00:00:00,Home & Living,completed,299.04,0.0
ORD-12289,U2125,2026-02-20 00:00:00,Home & Living,completed,67.01,5.5
ORD-12290,U2125,2026-02-22 00:00:00,Beauty,refunded,75.03,6.65
ORD-12291,U2125,2026-02-25 00:00:00,Fashion,completed,60.93,0.0
ORD-12292,U2125,2026-02-27 00:00:00,Sports,completed,104.78,0.0
ORD-12293,U2125,2026-03-06 00:00:00,Home & Living,completed,248.64,29.9
ORD-12294,U2128,2026-02-09 00:00:00,Home & Living,cancelled,242.4,0.0
ORD-12295,U2128,2026-02-12 00:00:00,Beauty,completed,103.85,0.0
ORD-12296,U2128,2026-02-15 00:00:00,Fashion,completed,61.33,3.69
ORD-12297,U2128,2026-02-16 00:00:00,Home & Living,completed,250.3,0.0
ORD-12298,U2128,2026-03-04 00:00:00,Beauty,completed,48.5,9.59
ORD-12299,U2128,2026-04-01 00:00:00,Sports,refunded,22.44,3.25
ORD-12300,U2129,2026-02-08 00:00:00,Home & Living,completed,258.3,0.0
ORD-12301,U2129,2026-02-17 00:00:00,Sports,completed,52.65,0.0
ORD-12302,U2129,2026-03-04 00:00:00,Home & Living,cancelled,68.94,11.3
ORD-12303,U2129,2026-03-09 00:00:00,Electronics,completed,354.27,0.0
ORD-12304,U2132,2026-01-13 00:00:00,Home & Living,completed,92.11,7.99
ORD-12305,U2132,2026-01-27 00:00:00,Beauty,completed,58.64,13.62
ORD-12306,U2132,2026-02-03 00:00:00,Home & Living,cancelled,141.26,34.77
ORD-12307,U2132,2026-02-08 00:00:00,Sports,completed,25.87,0.0
ORD-12308,U2133,2026-01-27 00:00:00,Beauty,completed,76.32,8.35
ORD-12309,U2133,2026-02-11 00:00:00,Sports,completed,71.16,0.0
ORD-12310,U2133,2026-03-07 00:00:00,Sports,completed,54.08,0.0
ORD-12311,U2133,2026-03-13 00:00:00,Fashion,completed,84.0,0.0
ORD-12312,U2133,2026-03-21 00:00:00,Beauty,completed,74.67,8.4
ORD-12313,U2133,2026-04-03 00:00:00,Sports,completed,77.76,10.55
ORD-12314,U2134,2026-04-09 00:00:00,Beauty,completed,31.19,0.0
ORD-12315,U2135,2026-01-08 00:00:00,Beauty,completed,58.07,0.0
ORD-12316,U2135,2026-01-09 00:00:00,Beauty,cancelled,32.84,0.0
ORD-12317,U2135,2026-01-15 00:00:00,Electronics,completed,448.49,0.0
ORD-12318,U2135,2026-01-27 00:00:00,Home & Living,completed,125.78,0.0
ORD-12319,U2135,2026-02-02 00:00:00,Electronics,completed,303.29,0.0
ORD-12320,U2135,2026-02-12 00:00:00,Beauty,completed,27.75,0.0
ORD-12321,U2136,2026-03-19 00:00:00,Fashion,completed,57.19,0.0
ORD-12322,U2137,2026-02-18 00:00:00,Beauty,completed,116.27,11.43
ORD-12323,U2137,2026-03-10 00:00:00,Electronics,completed,179.45,29.62
ORD-12324,U2138,2026-02-24 00:00:00,Electronics,completed,295.25,0.0
ORD-12325,U2138,2026-03-06 00:00:00,Sports,completed,103.16,7.48
ORD-12326,U2139,2026-04-14 00:00:00,Electronics,completed,267.39,44.69
ORD-12327,U2140,2026-03-22 00:00:00,Sports,completed,59.75,11.06
ORD-12328,U2141,2026-02-02 00:00:00,Fashion,cancelled,143.1,0.0
ORD-12329,U2141,2026-03-06 00:00:00,Sports,completed,32.51,0.0
ORD-12330,U2142,2026-04-01 00:00:00,Home & Living,completed,66.03,0.0
ORD-12331,U2142,2026-04-02 00:00:00,Electronics,completed,186.52,0.0
ORD-12332,U2142,2026-04-30 00:00:00,Home & Living,completed,211.2,32.14
ORD-12333,U2144,2026-02-11 00:00:00,Home & Living,completed,214.33,20.1
ORD-12334,U2144,2026-02-28 00:00:00,Electronics,completed,420.36,85.87
ORD-12335,U2144,2026-03-01 00:00:00,Electronics,completed,96.99,0.0
ORD-12336,U2144,2026-03-16 00:00:00,Sports,completed,45.71,0.0
ORD-12337,U2145,2026-03-27 00:00:00,Sports,cancelled,67.33,0.0
ORD-12338,U2145,2026-04-05 00:00:00,Beauty,cancelled,55.73,0.0
ORD-12339,U2145,2026-04-08 00:00:00,Beauty,completed,86.25,0.0
ORD-12340,U2145,2026-04-18 00:00:00,Home & Living,completed,129.24,19.67
ORD-12341,U2145,2026-04-21 00:00:00,Home & Living,completed,137.94,0.0
ORD-12342,U2145,2026-04-25 00:00:00,Sports,cancelled,76.87,0.0
ORD-12343,U2145,2026-05-01 00:00:00,Sports,completed,56.2,3.54
ORD-12344,U2146,2026-03-14 00:00:00,Fashion,completed,118.37,0.0
ORD-12345,U2146,2026-03-26 00:00:00,Beauty,completed,36.95,0.0
ORD-12346,U2146,2026-04-11 00:00:00,Fashion,completed,42.82,9.34
ORD-12347,U2146,2026-04-19 00:00:00,Sports,completed,52.34,0.0
ORD-12348,U2149,2026-03-21 00:00:00,Electronics,cancelled,138.8,20.87
ORD-12349,U2149,2026-03-25 00:00:00,Electronics,completed,258.0,59.41
ORD-12350,U2150,2026-03-25 00:00:00,Electronics,completed,589.21,44.13
ORD-12351,U2151,2026-03-26 00:00:00,Home & Living,completed,76.53,5.17
ORD-12352,U2151,2026-03-31 00:00:00,Sports,refunded,35.19,4.02
ORD-12353,U2151,2026-04-02 00:00:00,Electronics,completed,286.81,62.67
ORD-12354,U2153,2026-03-08 00:00:00,Electronics,completed,300.66,70.37
ORD-12355,U2153,2026-03-19 00:00:00,Beauty,refunded,42.52,0.0
ORD-12356,U2153,2026-03-23 00:00:00,Electronics,cancelled,148.3,31.39
ORD-12357,U2153,2026-04-06 00:00:00,Fashion,completed,113.76,28.24
ORD-12358,U2153,2026-04-09 00:00:00,Beauty,completed,54.74,0.0
ORD-12359,U2153,2026-04-27 00:00:00,Fashion,completed,105.9,0.0
ORD-12360,U2154,2026-05-04 00:00:00,Beauty,refunded,68.7,0.0
ORD-12361,U2156,2026-01-16 00:00:00,Beauty,completed,32.19,6.36
ORD-12362,U2157,2026-03-26 00:00:00,Fashion,completed,157.98,0.0
ORD-12363,U2157,2026-04-02 00:00:00,Beauty,completed,17.12,1.16
ORD-12364,U2157,2026-04-29 00:00:00,Beauty,completed,93.75,18.9
ORD-12365,U2158,2026-03-27 00:00:00,Sports,completed,114.62,0.0
ORD-12366,U2158,2026-03-29 00:00:00,Electronics,completed,593.59,0.0
ORD-12367,U2158,2026-04-03 00:00:00,Beauty,completed,19.89,0.0
ORD-12368,U2158,2026-04-25 00:00:00,Home & Living,refunded,174.99,0.0
ORD-12369,U2158,2026-04-27 00:00:00,Sports,completed,38.84,0.0
ORD-12370,U2158,2026-04-28 00:00:00,Sports,completed,50.91,0.0
ORD-12372,U2159,2026-01-08 00:00:00,Fashion,completed,75.61,0.0
ORD-12373,U2160,2026-03-17 00:00:00,Electronics,completed,213.06,0.0
ORD-12374,U2161,2026-01-14 00:00:00,Electronics,completed,543.26,0.0
ORD-12375,U2161,2026-02-11 00:00:00,Beauty,completed,36.19,0.0
ORD-12376,U2162,2026-02-24 00:00:00,Electronics,completed,374.16,0.0
ORD-12377,U2163,2026-03-15 00:00:00,Beauty,cancelled,83.99,0.0
ORD-12378,U2163,2026-04-28 00:00:00,Sports,completed,89.53,10.17
ORD-12379,U2164,2026-01-30 00:00:00,Sports,completed,58.65,0.0
ORD-12380,U2166,2026-04-05 00:00:00,Beauty,completed,18.6,1.74
ORD-12381,U2166,2026-04-10 00:00:00,Electronics,completed,630.25,0.0
ORD-12382,U2166,2026-04-18 00:00:00,Fashion,completed,57.38,8.64
ORD-12383,U2167,2026-03-03 00:00:00,Beauty,completed,79.54,14.29
ORD-12384,U2167,2026-04-08 00:00:00,Electronics,completed,189.95,0.0
ORD-12385,U2167,2026-04-13 00:00:00,Fashion,cancelled,118.41,0.0
ORD-12386,U2167,2026-05-01 00:00:00,Beauty,cancelled,83.47,0.0
ORD-12387,U2168,2026-01-16 00:00:00,Beauty,completed,76.73,10.93
ORD-12388,U2168,2026-01-22 00:00:00,Beauty,completed,58.0,0.0
ORD-12389,U2169,2026-02-05 00:00:00,Home & Living,refunded,212.47,0.0
ORD-12390,U2169,2026-02-27 00:00:00,Electronics,completed,554.17,34.7
ORD-12391,U2170,2026-03-15 00:00:00,Sports,completed,99.49,14.78
ORD-12392,U2171,2026-05-01 00:00:00,Fashion,completed,101.53,0.0
ORD-12393,U2171,2026-05-02 00:00:00,Sports,completed,117.19,0.0
ORD-12395,U2172,2026-03-13 00:00:00,Home & Living,completed,220.19,0.0
ORD-12396,U2172,2026-03-23 00:00:00,Sports,completed,99.75,0.0
ORD-12397,U2172,2026-05-16 00:00:00,Sports,completed,19.77,2.51
ORD-12398,U2173,2026-01-29 00:00:00,Home & Living,completed,192.46,0.0
ORD-12399,U2174,2026-03-23 00:00:00,Home & Living,completed,94.24,18.07
ORD-12400,U2174,2026-03-24 00:00:00,Electronics,completed,94.76,0.0
ORD-12401,U2175,2026-03-08 00:00:00,Fashion,completed,148.55,0.0
ORD-12402,U2175,2026-03-14 00:00:00,Beauty,completed,30.38,0.0
ORD-12403,U2175,2026-04-02 00:00:00,Home & Living,completed,285.95,0.0
ORD-12404,U2175,2026-04-04 00:00:00,Fashion,completed,62.31,13.5
ORD-12405,U2175,2026-04-21 00:00:00,Fashion,cancelled,120.33,6.08
ORD-12406,U2177,2026-01-23 00:00:00,Electronics,refunded,119.92,0.0
ORD-12407,U2177,2026-02-09 00:00:00,Electronics,completed,551.51,0.0
ORD-12408,U2180,2026-04-02 00:00:00,Electronics,completed,166.58,30.65
ORD-12409,U2180,2026-04-05 00:00:00,Sports,completed,39.52,0.0
ORD-12410,U2180,2026-04-27 00:00:00,Beauty,completed,38.26,0.0
ORD-12411,U2180,2026-05-10 00:00:00,Sports,completed,22.38,0.0
ORD-12412,U2180,2026-05-19 00:00:00,Fashion,cancelled,159.19,0.0
ORD-12413,U2183,2026-04-02 00:00:00,Beauty,completed,95.45,0.0
ORD-12414,U2183,2026-04-09 00:00:00,Beauty,completed,43.73,5.12
ORD-12415,U2186,2026-03-07 00:00:00,Sports,completed,92.57,0.0
ORD-12416,U2186,2026-03-09 00:00:00,Beauty,completed,102.63,0.0
ORD-12417,U2186,2026-03-18 00:00:00,Beauty,cancelled,38.53,0.0
ORD-12418,U2187,2026-01-11 00:00:00,Home & Living,completed,276.23,49.99
ORD-12419,U2188,2026-02-03 00:00:00,Fashion,completed,94.31,0.0
ORD-12420,U2188,2026-02-08 00:00:00,Beauty,completed,114.66,0.0
ORD-12421,U2188,2026-02-27 00:00:00,Electronics,completed,641.4,0.0
ORD-12422,U2189,2026-03-09 00:00:00,Sports,completed,69.66,0.0
ORD-12423,U2189,2026-03-14 00:00:00,Home & Living,completed,222.33,0.0
ORD-12424,U2189,2026-04-03 00:00:00,Electronics,completed,274.11,0.0
ORD-12425,U2189,2026-04-13 00:00:00,Fashion,completed,166.96,0.0
ORD-12426,U2189,2026-04-29 00:00:00,Fashion,completed,84.69,20.27
ORD-12427,U2189,2026-05-03 00:00:00,Beauty,completed,23.13,0.0
ORD-12428,U2190,2026-01-09 00:00:00,Beauty,completed,59.43,14.66
ORD-12429,U2190,2026-01-14 00:00:00,Home & Living,cancelled,76.99,0.0
ORD-12430,U2190,2026-01-18 00:00:00,Beauty,completed,28.26,5.22
ORD-12431,U2190,2026-01-19 00:00:00,Fashion,completed,91.95,0.0
ORD-12432,U2190,2026-02-12 00:00:00,Electronics,completed,347.76,83.32
ORD-12433,U2193,2026-03-10 00:00:00,Home & Living,completed,297.6,35.27
ORD-12434,U2194,2026-01-06 00:00:00,Beauty,completed,38.51,0.0
ORD-12435,U2194,2026-01-24 00:00:00,Fashion,completed,171.38,0.0
ORD-12436,U2194,2026-01-31 00:00:00,Sports,completed,26.88,0.0
ORD-12437,U2194,2026-02-05 00:00:00,Electronics,completed,492.43,0.0
ORD-12438,U2194,2026-02-17 00:00:00,Home & Living,completed,78.27,0.0
ORD-12439,U2195,2026-03-28 00:00:00,Fashion,cancelled,117.24,0.0
ORD-12440,U2195,2026-04-07 00:00:00,Home & Living,completed,217.39,0.0
ORD-12441,U2196,2026-04-11 00:00:00,Home & Living,completed,210.59,0.0
ORD-12442,U2197,2026-03-30 00:00:00,Sports,completed,48.95,10.03
ORD-12443,U2199,2026-02-07 00:00:00,Fashion,refunded,167.89,0.0
ORD-12444,U2200,2026-03-22 00:00:00,Fashion,completed,146.12,0.0
ORD-12445,U2200,2026-04-17 00:00:00,Electronics,cancelled,248.44,0.0
ORD-12446,U2200,2026-05-16 00:00:00,Home & Living,completed,112.39,0.0
ORD-12447,U2202,2026-01-05 00:00:00,Beauty,completed,61.01,0.0
ORD-12448,U2203,2026-02-05 00:00:00,Sports,completed,97.68,0.0
ORD-12449,U2204,2026-02-15 00:00:00,Beauty,completed,93.92,0.0
ORD-12450,U2205,2026-03-12 00:00:00,Sports,completed,97.96,0.0
ORD-12451,U2206,2026-03-31 00:00:00,Beauty,completed,60.46,0.0
ORD-12452,U2206,2026-04-08 00:00:00,Fashion,completed,125.08,11.41
ORD-12453,U2208,2026-02-07 00:00:00,Electronics,refunded,258.17,0.0
ORD-12454,U2208,2026-02-16 00:00:00,Beauty,completed,32.99,0.0
ORD-12455,U2208,2026-03-10 00:00:00,Home & Living,completed,226.51,0.0
ORD-12456,U2208,2026-03-15 00:00:00,Sports,completed,46.07,0.0
ORD-12457,U2208,2026-03-18 00:00:00,Sports,completed,84.71,9.88
ORD-12458,U2208,2026-04-04 00:00:00,Home & Living,completed,120.91,0.0
ORD-12459,U2208,2026-04-05 00:00:00,Fashion,completed,151.45,7.68
ORD-12460,U2208,2026-04-19 00:00:00,Electronics,completed,354.79,57.61
ORD-12461,U2208,2026-05-07 00:00:00,Home & Living,refunded,242.72,0.0
ORD-12462,U2208,2026-05-23 00:00:00,Fashion,completed,48.12,0.0
ORD-12463,U2209,2026-04-05 00:00:00,Sports,completed,53.01,10.2
ORD-12464,U2209,2026-04-06 00:00:00,Beauty,completed,69.68,0.0
ORD-12465,U2210,2026-02-16 00:00:00,Sports,completed,29.62,0.0
ORD-12466,U2210,2026-02-25 00:00:00,Home & Living,cancelled,287.82,35.95
ORD-12467,U2211,2026-03-06 00:00:00,Beauty,completed,32.52,0.0
ORD-12468,U2211,2026-03-20 00:00:00,Electronics,refunded,362.06,0.0
ORD-12469,U2212,2026-02-24 00:00:00,Electronics,completed,464.41,37.36
ORD-12470,U2213,2026-04-02 00:00:00,Fashion,cancelled,170.09,0.0
ORD-12471,U2214,2026-03-09 00:00:00,Fashion,completed,92.79,0.0
ORD-12472,U2214,2026-04-04 00:00:00,Electronics,cancelled,196.93,0.0
ORD-12473,U2216,2026-01-14 00:00:00,Sports,completed,25.57,0.0
ORD-12474,U2216,2026-02-01 00:00:00,Sports,completed,56.08,0.0
ORD-12475,U2216,2026-02-26 00:00:00,Beauty,completed,102.25,23.09
ORD-12476,U2216,2026-03-05 00:00:00,Home & Living,completed,274.59,30.13
ORD-12477,U2216,2026-03-20 00:00:00,Sports,completed,54.31,10.54
ORD-12478,U2216,2026-03-22 00:00:00,Fashion,completed,63.55,12.51
ORD-12479,U2218,2026-03-23 00:00:00,Electronics,completed,342.21,0.0
ORD-12480,U2218,2026-03-24 00:00:00,Home & Living,completed,221.13,38.95
ORD-12481,U2218,2026-03-25 00:00:00,Electronics,completed,151.2,0.0
ORD-12482,U2218,2026-03-29 00:00:00,Fashion,refunded,97.98,0.0
ORD-12483,U2218,2026-04-11 00:00:00,Home & Living,completed,182.52,39.43
ORD-12484,U2218,2026-04-16 00:00:00,Beauty,completed,92.53,0.0
ORD-12485,U2218,2026-05-14 00:00:00,Beauty,completed,74.45,0.0
ORD-12486,U2218,2026-05-17 00:00:00,Electronics,completed,531.57,90.4
ORD-12487,U2219,2026-01-28 00:00:00,Electronics,completed,323.51,0.0
ORD-12488,U2219,2026-02-07 00:00:00,Fashion,completed,39.99,0.0
ORD-12489,U2219,2026-02-14 00:00:00,Beauty,completed,64.09,0.0
ORD-12490,U2219,2026-03-24 00:00:00,Sports,completed,19.02,0.0
ORD-12491,U2219,2026-03-28 00:00:00,Home & Living,completed,89.55,0.0
ORD-12492,U2219,2026-04-01 00:00:00,Home & Living,completed,165.76,25.98
ORD-12493,U2219,2026-04-02 00:00:00,Fashion,completed,58.03,0.0
ORD-12494,U2219,2026-04-20 00:00:00,Home & Living,completed,220.33,0.0
ORD-12495,U2221,2026-02-11 00:00:00,Home & Living,completed,191.99,0.0
ORD-12496,U2221,2026-02-17 00:00:00,Electronics,cancelled,103.88,11.32
ORD-12497,U2222,2026-02-14 00:00:00,Fashion,completed,61.49,0.0
ORD-12498,U2222,2026-02-27 00:00:00,Fashion,completed,125.63,7.54
ORD-12499,U2223,2026-04-05 00:00:00,Beauty,cancelled,62.64,0.0
ORD-12500,U2224,2026-02-10 00:00:00,Sports,completed,87.33,13.14
ORD-12501,U2226,2026-02-24 00:00:00,Electronics,completed,415.88,77.33
ORD-12502,U2228,2026-04-09 00:00:00,Home & Living,completed,238.11,0.0
ORD-12503,U2228,2026-04-18 00:00:00,Beauty,completed,83.0,0.0
ORD-12504,U2228,2026-04-26 00:00:00,Beauty,completed,15.17,0.0
ORD-12505,U2229,2026-02-08 00:00:00,Sports,completed,85.92,4.56
ORD-12506,U2229,2026-02-12 00:00:00,Sports,completed,79.99,19.46
ORD-12507,U2229,2026-02-23 00:00:00,Home & Living,completed,72.68,12.48
ORD-12508,U2229,2026-02-28 00:00:00,Electronics,completed,311.19,36.97
ORD-12509,U2230,2026-04-17 00:00:00,Electronics,cancelled,453.02,0.0
ORD-12510,U2231,2026-01-23 00:00:00,Electronics,completed,625.42,0.0
ORD-12511,U2232,2026-04-05 00:00:00,Beauty,cancelled,69.12,0.0
ORD-12512,U2233,2026-01-11 00:00:00,Beauty,completed,82.83,0.0
ORD-12513,U2234,2026-03-04 00:00:00,Electronics,completed,371.26,0.0
ORD-12514,U2234,2026-03-05 00:00:00,Sports,completed,28.14,0.0
ORD-12515,U2234,2026-03-11 00:00:00,Home & Living,completed,303.15,34.23
ORD-12516,U2234,2026-03-29 00:00:00,Electronics,completed,582.81,136.63
ORD-12517,U2234,2026-04-24 00:00:00,Beauty,completed,16.57,1.4
ORD-12518,U2234,2026-04-29 00:00:00,Beauty,cancelled,87.68,0.0
ORD-12519,U2235,2026-02-04 00:00:00,Electronics,completed,613.27,0.0
ORD-12520,U2235,2026-02-11 00:00:00,Home & Living,completed,90.65,0.0
ORD-12521,U2235,2026-02-13 00:00:00,Fashion,completed,101.92,0.0
ORD-12522,U2235,2026-03-01 00:00:00,Home & Living,completed,308.16,0.0
ORD-12523,U2235,2026-03-09 00:00:00,Sports,cancelled,48.84,0.0
ORD-12524,U2235,2026-03-16 00:00:00,Beauty,completed,20.09,3.53
ORD-12525,U2235,2026-03-29 00:00:00,Fashion,completed,153.0,0.0
ORD-12526,U2238,2026-04-08 00:00:00,Sports,completed,95.91,0.0
ORD-12527,U2238,2026-04-19 00:00:00,Sports,completed,66.5,0.0
ORD-12528,U2238,2026-04-20 00:00:00,Fashion,refunded,122.5,0.0
ORD-12529,U2238,2026-05-05 00:00:00,Electronics,completed,306.33,32.6
ORD-12531,U2239,2026-03-01 00:00:00,Fashion,completed,95.52,0.0
ORD-12532,U2239,2026-03-03 00:00:00,Home & Living,completed,233.79,54.22
ORD-12533,U2239,2026-03-09 00:00:00,Beauty,completed,90.94,0.0
ORD-12534,U2239,2026-03-16 00:00:00,Electronics,cancelled,539.15,109.91
ORD-12535,U2239,2026-03-17 00:00:00,Beauty,completed,72.48,0.0
ORD-12536,U2239,2026-04-01 00:00:00,Electronics,completed,377.86,0.0
ORD-12537,U2241,2026-03-22 00:00:00,Beauty,completed,54.41,0.0
ORD-12538,U2243,2026-04-15 00:00:00,Sports,completed,22.85,1.86
ORD-12539,U2244,2026-03-11 00:00:00,Electronics,completed,353.29,0.0
ORD-12540,U2244,2026-03-30 00:00:00,Electronics,completed,488.45,0.0
ORD-12541,U2244,2026-03-31 00:00:00,Beauty,completed,109.27,13.28
ORD-12542,U2244,2026-04-02 00:00:00,Sports,completed,47.45,0.0
ORD-12543,U2244,2026-04-03 00:00:00,Electronics,completed,275.32,0.0
ORD-12544,U2245,2026-03-11 00:00:00,Electronics,refunded,409.73,0.0
ORD-12545,U2245,2026-04-05 00:00:00,Fashion,cancelled,47.48,0.0
ORD-12546,U2248,2026-04-05 00:00:00,Fashion,completed,159.81,0.0
ORD-12547,U2249,2026-03-01 00:00:00,Electronics,completed,348.14,43.85
ORD-12548,U2250,2026-03-19 00:00:00,Home & Living,completed,211.25,21.25
ORD-12549,U2250,2026-03-20 00:00:00,Beauty,completed,96.43,0.0
ORD-12550,U2250,2026-05-04 00:00:00,Sports,completed,60.86,0.0
ORD-12551,U2251,2026-02-18 00:00:00,Home & Living,completed,85.7,19.85
ORD-12552,U2251,2026-02-19 00:00:00,Fashion,cancelled,55.14,7.94
ORD-12553,U2251,2026-02-20 00:00:00,Home & Living,completed,209.21,41.38
ORD-12554,U2251,2026-03-01 00:00:00,Fashion,completed,115.49,8.89
ORD-12555,U2251,2026-03-10 00:00:00,Fashion,completed,107.96,0.0
ORD-12556,U2251,2026-03-23 00:00:00,Sports,completed,119.89,0.0
ORD-12557,U2251,2026-03-28 00:00:00,Sports,completed,44.59,0.0
ORD-12558,U2253,2026-02-03 00:00:00,Fashion,completed,67.81,0.0
ORD-12559,U2253,2026-02-06 00:00:00,Home & Living,completed,305.55,42.19
ORD-12560,U2253,2026-02-21 00:00:00,Sports,completed,103.57,0.0
ORD-12561,U2253,2026-02-23 00:00:00,Fashion,completed,146.41,11.45
ORD-12562,U2254,2026-03-10 00:00:00,Beauty,completed,20.35,0.0
ORD-12563,U2254,2026-03-22 00:00:00,Beauty,completed,86.52,13.59
ORD-12564,U2254,2026-04-06 00:00:00,Electronics,completed,99.18,6.51
ORD-12565,U2256,2026-01-27 00:00:00,Fashion,completed,75.22,0.0
ORD-12566,U2259,2026-03-27 00:00:00,Beauty,cancelled,106.1,0.0
ORD-12567,U2259,2026-04-11 00:00:00,Beauty,completed,103.19,11.14
ORD-12568,U2261,2026-03-18 00:00:00,Home & Living,completed,256.17,62.7
ORD-12569,U2262,2026-01-31 00:00:00,Electronics,completed,511.8,0.0
ORD-12570,U2262,2026-02-01 00:00:00,Home & Living,completed,73.33,0.0
ORD-12571,U2262,2026-02-04 00:00:00,Home & Living,completed,235.89,0.0
ORD-12572,U2262,2026-02-05 00:00:00,Fashion,completed,115.32,0.0
ORD-12573,U2262,2026-02-17 00:00:00,Home & Living,cancelled,231.12,0.0
ORD-12574,U2262,2026-03-14 00:00:00,Beauty,completed,104.37,0.0
ORD-12575,U2263,2026-02-12 00:00:00,Sports,completed,84.22,8.69
ORD-12576,U2263,2026-03-02 00:00:00,Beauty,completed,91.17,17.14
ORD-12577,U2264,2026-01-24 00:00:00,Electronics,completed,86.42,0.0
ORD-12578,U2264,2026-03-01 00:00:00,Home & Living,completed,102.91,0.0
ORD-12579,U2265,2026-01-18 00:00:00,Electronics,completed,386.64,26.47
ORD-12580,U2266,2026-03-24 00:00:00,Beauty,cancelled,54.14,0.0
ORD-12581,U2266,2026-03-31 00:00:00,Home & Living,refunded,64.6,0.0
ORD-12582,U2267,2026-02-16 00:00:00,Home & Living,completed,205.32,0.0
ORD-12583,U2267,2026-02-26 00:00:00,Fashion,completed,25.35,5.32
ORD-12584,U2269,2026-02-14 00:00:00,Fashion,completed,140.27,0.0
ORD-12585,U2269,2026-02-18 00:00:00,Home & Living,completed,126.9,11.16
ORD-12586,U2269,2026-02-22 00:00:00,Home & Living,completed,156.02,0.0
ORD-12587,U2269,2026-03-03 00:00:00,Electronics,completed,535.04,112.32
ORD-12588,U2271,2026-03-29 00:00:00,Fashion,completed,100.46,0.0
ORD-12589,U2271,2026-04-18 00:00:00,Fashion,completed,142.74,10.99
ORD-12590,U2271,2026-04-24 00:00:00,Sports,completed,63.47,0.0
ORD-12591,U2271,2026-05-01 00:00:00,Electronics,completed,484.02,0.0
ORD-12592,U2274,2026-02-23 00:00:00,Sports,completed,17.34,2.71
ORD-12593,U2275,2026-01-21 00:00:00,Sports,completed,109.74,0.0
ORD-12594,U2275,2026-01-22 00:00:00,Fashion,cancelled,111.41,20.75
ORD-12595,U2277,2026-04-16 00:00:00,Sports,completed,44.59,10.89
ORD-12596,U2278,2026-01-18 00:00:00,Beauty,completed,50.39,0.0
ORD-12597,U2278,2026-02-01 00:00:00,Beauty,cancelled,29.64,3.95
ORD-12598,U2279,2026-02-22 00:00:00,Electronics,cancelled,504.78,0.0
ORD-12599,U2279,2026-02-25 00:00:00,Beauty,completed,74.36,0.0
ORD-12600,U2279,2026-03-20 00:00:00,Fashion,completed,27.03,0.0
ORD-12601,U2279,2026-03-27 00:00:00,Sports,cancelled,115.33,0.0
ORD-12602,U2279,2026-03-28 00:00:00,Fashion,completed,27.23,0.0
ORD-12603,U2279,2026-04-07 00:00:00,Fashion,completed,39.62,0.0
ORD-12604,U2280,2026-03-13 00:00:00,Sports,completed,51.42,0.0
ORD-12605,U2280,2026-03-29 00:00:00,Electronics,completed,90.46,0.0
ORD-12607,U2282,2026-02-23 00:00:00,Electronics,refunded,121.1,9.68
ORD-12608,U2282,2026-02-26 00:00:00,Sports,cancelled,73.62,0.0
ORD-12609,U2282,2026-03-24 00:00:00,Fashion,completed,80.69,8.35
ORD-12610,U2282,2026-04-13 00:00:00,Beauty,cancelled,101.54,16.78
ORD-12611,U2283,2026-01-05 00:00:00,Sports,completed,68.26,8.79
ORD-12612,U2283,2026-01-08 00:00:00,Electronics,completed,151.16,0.0
ORD-12613,U2283,2026-01-11 00:00:00,Home & Living,completed,225.53,0.0
ORD-12614,U2283,2026-01-24 00:00:00,Fashion,completed,102.13,0.0
ORD-12615,U2283,2026-01-27 00:00:00,Sports,completed,53.49,0.0
ORD-12616,U2283,2026-01-28 00:00:00,Electronics,completed,597.36,0.0
ORD-12617,U2283,2026-02-03 00:00:00,Sports,completed,48.42,2.62
ORD-12618,U2283,2026-02-11 00:00:00,Electronics,completed,159.19,0.0
ORD-12619,U2284,2026-02-03 00:00:00,Electronics,completed,623.54,0.0
ORD-12620,U2284,2026-02-20 00:00:00,Fashion,completed,172.54,0.0
ORD-12621,U2284,2026-02-24 00:00:00,Fashion,completed,52.83,0.0
ORD-12622,U2284,2026-02-26 00:00:00,Sports,completed,88.13,13.12
ORD-12623,U2284,2026-02-28 00:00:00,Fashion,completed,128.26,0.0
ORD-12624,U2285,2026-02-22 00:00:00,Electronics,cancelled,583.41,40.34
ORD-12625,U2286,2026-02-20 00:00:00,Sports,completed,95.47,16.7
ORD-12626,U2288,2026-01-23 00:00:00,Beauty,completed,31.75,7.42
ORD-12627,U2288,2026-02-17 00:00:00,Fashion,refunded,103.22,0.0
ORD-12628,U2288,2026-02-28 00:00:00,Fashion,completed,100.76,0.0
ORD-12629,U2289,2026-01-23 00:00:00,Fashion,completed,145.84,18.13
ORD-12630,U2289,2026-02-10 00:00:00,Fashion,completed,68.52,7.84
ORD-12631,U2289,2026-02-16 00:00:00,Fashion,completed,52.16,0.0
ORD-12632,U2289,2026-02-18 00:00:00,Home & Living,completed,66.15,11.57
ORD-12633,U2289,2026-02-23 00:00:00,Fashion,completed,27.98,0.0
ORD-12634,U2290,2026-02-13 00:00:00,Sports,completed,75.17,17.74
ORD-12635,U2290,2026-02-16 00:00:00,Fashion,cancelled,157.08,0.0
ORD-12636,U2290,2026-02-19 00:00:00,Beauty,completed,100.61,0.0
ORD-12637,U2291,2026-01-25 00:00:00,Home & Living,refunded,278.1,0.0
ORD-12638,U2291,2026-02-12 00:00:00,Fashion,completed,134.01,0.0
ORD-12639,U2291,2026-02-18 00:00:00,Beauty,completed,102.95,0.0
ORD-12640,U2292,2026-03-08 00:00:00,Electronics,completed,130.02,0.0
ORD-12641,U2292,2026-03-13 00:00:00,Beauty,completed,19.88,2.89
ORD-12642,U2294,2026-03-27 00:00:00,Electronics,completed,552.34,0.0
ORD-12643,U2294,2026-04-26 00:00:00,Fashion,completed,116.57,0.0
ORD-12644,U2295,2026-03-01 00:00:00,Electronics,completed,170.24,0.0
ORD-12645,U2295,2026-04-13 00:00:00,Fashion,completed,166.97,40.49
ORD-12646,U2295,2026-04-19 00:00:00,Sports,completed,17.76,0.0
ORD-12647,U2297,2026-01-13 00:00:00,Fashion,completed,74.58,0.0
ORD-12648,U2297,2026-01-30 00:00:00,Sports,cancelled,72.93,18.03
ORD-12649,U2297,2026-03-03 00:00:00,Electronics,completed,385.18,0.0
ORD-12650,U2298,2026-03-03 00:00:00,Electronics,completed,126.39,0.0
ORD-12651,U2298,2026-03-04 00:00:00,Beauty,completed,65.36,9.94
ORD-12652,U2298,2026-03-17 00:00:00,Sports,completed,83.42,19.68
ORD-12653,U2298,2026-03-22 00:00:00,Beauty,completed,59.75,12.15
ORD-12654,U2298,2026-04-08 00:00:00,Sports,completed,29.24,0.0
ORD-12655,U2298,2026-04-20 00:00:00,Beauty,cancelled,96.35,0.0
ORD-12656,U2299,2026-03-30 00:00:00,Beauty,completed,57.16,5.99
ORD-12657,U2299,2026-05-14 00:00:00,Home & Living,completed,178.1,0.0
ORD-12658,U2300,2026-01-06 00:00:00,Sports,completed,78.59,0.0
ORD-12659,U2301,2026-04-02 00:00:00,Home & Living,refunded,317.02,0.0
ORD-12660,U2302,2026-01-10 00:00:00,Beauty,completed,64.32,0.0
ORD-12661,U2302,2026-01-11 00:00:00,Sports,completed,56.56,0.0
ORD-12662,U2303,2026-02-25 00:00:00,Home & Living,refunded,122.39,0.0
ORD-12663,U2304,2026-03-17 00:00:00,Electronics,completed,193.57,0.0
ORD-12664,U2304,2026-03-22 00:00:00,Home & Living,completed,149.77,0.0
ORD-12665,U2305,2026-05-31 00:00:00,Beauty,completed,35.6,0.0
ORD-12667,U2306,2026-03-19 00:00:00,Sports,completed,69.65,0.0
ORD-12668,U2309,2026-05-23 00:00:00,Home & Living,completed,236.9,55.01
ORD-12670,U2310,2026-01-10 00:00:00,Beauty,cancelled,42.9,0.0
ORD-12671,U2310,2026-01-20 00:00:00,Fashion,completed,168.68,0.0
ORD-12672,U2310,2026-01-31 00:00:00,Sports,completed,63.86,0.0
ORD-12673,U2310,2026-02-02 00:00:00,Fashion,completed,162.77,34.62
ORD-12674,U2311,2026-04-03 00:00:00,Sports,completed,78.83,0.0
ORD-12675,U2311,2026-04-14 00:00:00,Beauty,completed,16.47,3.0
ORD-12676,U2312,2026-02-27 00:00:00,Home & Living,completed,186.51,0.0
ORD-12677,U2314,2026-02-16 00:00:00,Home & Living,completed,213.13,38.96
ORD-12678,U2315,2026-03-02 00:00:00,Beauty,completed,63.83,13.08
ORD-12679,U2316,2026-02-18 00:00:00,Beauty,completed,19.72,3.4
ORD-12680,U2316,2026-03-07 00:00:00,Beauty,completed,29.64,0.0
ORD-12681,U2316,2026-03-09 00:00:00,Home & Living,cancelled,102.56,0.0
ORD-12682,U2318,2026-01-15 00:00:00,Sports,completed,57.9,10.98
ORD-12683,U2319,2026-01-24 00:00:00,Sports,refunded,86.62,0.0
ORD-12684,U2321,2026-02-15 00:00:00,Beauty,refunded,70.48,7.92
ORD-12685,U2321,2026-02-22 00:00:00,Sports,completed,33.95,0.0
ORD-12686,U2322,2026-04-02 00:00:00,Sports,refunded,29.25,0.0
ORD-12687,U2322,2026-04-03 00:00:00,Sports,completed,72.48,16.09
ORD-12688,U2322,2026-04-18 00:00:00,Fashion,cancelled,52.75,8.46
ORD-12689,U2322,2026-04-29 00:00:00,Sports,completed,61.25,0.0
ORD-12690,U2322,2026-05-08 00:00:00,Fashion,completed,168.76,0.0
ORD-12691,U2324,2026-03-30 00:00:00,Electronics,completed,533.58,0.0
ORD-12692,U2324,2026-04-02 00:00:00,Electronics,cancelled,201.62,24.69
ORD-12693,U2325,2026-02-05 00:00:00,Sports,completed,24.38,0.0
ORD-12694,U2325,2026-02-07 00:00:00,Sports,completed,37.9,7.0
ORD-12695,U2325,2026-02-08 00:00:00,Fashion,completed,82.72,0.0
ORD-12696,U2325,2026-02-09 00:00:00,Home & Living,completed,210.72,0.0
ORD-12697,U2325,2026-02-12 00:00:00,Fashion,completed,122.75,10.12
ORD-12698,U2325,2026-02-25 00:00:00,Beauty,completed,40.11,0.0
ORD-12699,U2326,2026-02-05 00:00:00,Electronics,completed,161.19,30.67
ORD-12700,U2326,2026-02-07 00:00:00,Fashion,completed,124.57,0.0
ORD-12701,U2328,2026-03-04 00:00:00,Beauty,completed,42.01,0.0
ORD-12702,U2329,2026-02-25 00:00:00,Home & Living,completed,225.64,0.0
ORD-12703,U2330,2026-02-27 00:00:00,Fashion,completed,118.87,0.0
ORD-12704,U2331,2026-03-08 00:00:00,Electronics,completed,532.53,0.0
ORD-12705,U2331,2026-03-21 00:00:00,Beauty,completed,115.94,0.0
ORD-12706,U2331,2026-03-26 00:00:00,Home & Living,completed,200.53,25.05
ORD-12707,U2331,2026-04-15 00:00:00,Fashion,refunded,101.32,0.0
ORD-12708,U2331,2026-04-20 00:00:00,Electronics,completed,357.01,0.0
ORD-12709,U2331,2026-04-22 00:00:00,Electronics,completed,391.29,0.0
ORD-12710,U2332,2026-02-13 00:00:00,Home & Living,completed,316.02,0.0
ORD-12711,U2332,2026-02-22 00:00:00,Electronics,refunded,302.53,49.96
ORD-12712,U2333,2026-04-18 00:00:00,Fashion,completed,50.2,11.45
ORD-12713,U2334,2026-04-06 00:00:00,Home & Living,completed,93.21,0.0
ORD-12714,U2335,2026-03-03 00:00:00,Beauty,completed,54.74,10.25
ORD-12715,U2335,2026-03-07 00:00:00,Sports,cancelled,23.45,0.0
ORD-12716,U2335,2026-03-12 00:00:00,Fashion,completed,25.54,0.0
ORD-12717,U2336,2026-02-10 00:00:00,Electronics,completed,625.14,84.15
ORD-12718,U2336,2026-02-16 00:00:00,Sports,cancelled,80.53,0.0
ORD-12719,U2337,2026-03-10 00:00:00,Fashion,completed,63.85,0.0
ORD-12720,U2337,2026-03-17 00:00:00,Fashion,completed,116.68,0.0
ORD-12721,U2338,2026-01-27 00:00:00,Home & Living,completed,168.72,19.09
ORD-12722,U2339,2026-01-12 00:00:00,Fashion,completed,82.6,0.0
ORD-12723,U2339,2026-02-01 00:00:00,Fashion,completed,167.33,0.0
ORD-12724,U2339,2026-02-03 00:00:00,Electronics,completed,543.07,0.0
ORD-12725,U2340,2026-02-11 00:00:00,Home & Living,completed,85.09,11.68
ORD-12726,U2340,2026-02-15 00:00:00,Fashion,completed,38.54,0.0
ORD-12727,U2340,2026-02-21 00:00:00,Home & Living,cancelled,98.82,17.6
ORD-12728,U2340,2026-03-02 00:00:00,Sports,completed,58.87,7.32
ORD-12729,U2341,2026-02-21 00:00:00,Fashion,completed,95.59,0.0
ORD-12730,U2342,2026-05-31 00:00:00,Home & Living,completed,120.24,12.89
ORD-12731,U2343,2026-03-10 00:00:00,Sports,completed,69.8,16.55
ORD-12732,U2343,2026-03-17 00:00:00,Sports,completed,69.73,0.0
ORD-12733,U2343,2026-03-20 00:00:00,Sports,completed,96.82,0.0
ORD-12734,U2345,2026-03-13 00:00:00,Electronics,cancelled,561.83,0.0
ORD-12735,U2346,2026-02-02 00:00:00,Fashion,completed,92.53,6.1
ORD-12736,U2346,2026-02-08 00:00:00,Electronics,completed,455.35,58.04
ORD-12737,U2346,2026-02-13 00:00:00,Electronics,completed,428.42,65.9
ORD-12738,U2346,2026-02-14 00:00:00,Sports,completed,56.06,9.28
ORD-12739,U2346,2026-02-22 00:00:00,Beauty,completed,96.83,13.17
ORD-12740,U2346,2026-03-26 00:00:00,Electronics,cancelled,501.75,0.0
ORD-12741,U2346,2026-03-30 00:00:00,Electronics,completed,244.84,0.0
ORD-12742,U2347,2026-03-03 00:00:00,Beauty,completed,70.19,9.36
ORD-12743,U2349,2026-01-17 00:00:00,Beauty,completed,36.4,0.0
ORD-12744,U2350,2026-04-07 00:00:00,Fashion,completed,134.91,0.0
ORD-12745,U2350,2026-04-18 00:00:00,Home & Living,completed,212.44,0.0
ORD-12746,U2351,2026-03-05 00:00:00,Sports,completed,20.04,0.0
ORD-12747,U2351,2026-03-07 00:00:00,Sports,completed,104.16,0.0
ORD-12748,U2351,2026-03-08 00:00:00,Fashion,cancelled,151.65,30.35
ORD-12749,U2351,2026-03-22 00:00:00,Fashion,completed,170.7,0.0
ORD-12750,U2351,2026-04-24 00:00:00,Sports,completed,75.07,18.72
ORD-12751,U2351,2026-05-01 00:00:00,Electronics,completed,317.03,0.0
ORD-12752,U2351,2026-05-22 00:00:00,Home & Living,completed,267.71,0.0
ORD-12754,U2352,2026-02-13 00:00:00,Electronics,completed,152.6,12.49
ORD-12755,U2353,2026-03-30 00:00:00,Home & Living,completed,132.2,0.0
ORD-12756,U2354,2026-03-05 00:00:00,Electronics,completed,635.6,0.0
ORD-12757,U2355,2026-03-29 00:00:00,Home & Living,completed,105.88,0.0
ORD-12758,U2356,2026-03-31 00:00:00,Electronics,completed,191.31,0.0
ORD-12759,U2357,2026-02-16 00:00:00,Sports,completed,102.46,11.87
ORD-12760,U2357,2026-03-18 00:00:00,Sports,cancelled,117.91,0.0
ORD-12761,U2357,2026-03-21 00:00:00,Fashion,completed,31.37,0.0
ORD-12762,U2358,2026-01-31 00:00:00,Beauty,completed,29.83,0.0
ORD-12763,U2358,2026-02-18 00:00:00,Electronics,cancelled,602.96,0.0
ORD-12764,U2358,2026-03-07 00:00:00,Fashion,completed,94.86,0.0
ORD-12765,U2359,2026-02-26 00:00:00,Electronics,completed,486.65,71.33
ORD-12766,U2359,2026-03-03 00:00:00,Electronics,completed,102.88,0.0
ORD-12767,U2359,2026-03-28 00:00:00,Beauty,completed,53.22,0.0
ORD-12768,U2359,2026-04-18 00:00:00,Electronics,completed,592.42,0.0
ORD-12769,U2359,2026-04-21 00:00:00,Home & Living,completed,295.38,0.0
ORD-12770,U2359,2026-05-03 00:00:00,Beauty,completed,16.15,2.44
ORD-12771,U2359,2026-05-06 00:00:00,Home & Living,completed,155.27,0.0
ORD-12773,U2360,2026-03-25 00:00:00,Home & Living,completed,105.77,10.47
ORD-12774,U2361,2026-01-28 00:00:00,Electronics,completed,126.28,0.0
ORD-12775,U2362,2026-04-28 00:00:00,Electronics,completed,241.02,32.92
ORD-12776,U2363,2026-03-09 00:00:00,Sports,completed,20.33,0.0
ORD-12777,U2363,2026-03-18 00:00:00,Home & Living,completed,173.31,21.15
ORD-12778,U2363,2026-03-23 00:00:00,Electronics,completed,195.14,0.0
ORD-12779,U2363,2026-04-03 00:00:00,Electronics,cancelled,338.28,66.87
ORD-12780,U2363,2026-04-07 00:00:00,Electronics,completed,476.85,0.0
ORD-12781,U2363,2026-04-12 00:00:00,Beauty,completed,55.35,0.0
ORD-12782,U2363,2026-04-23 00:00:00,Home & Living,completed,65.3,5.05
ORD-12783,U2363,2026-04-25 00:00:00,Home & Living,completed,134.45,0.0
ORD-12784,U2363,2026-05-13 00:00:00,Home & Living,completed,134.89,0.0
ORD-12785,U2363,2026-05-31 00:00:00,Sports,completed,87.13,0.0
ORD-12786,U2364,2026-03-28 00:00:00,Electronics,completed,115.05,0.0
ORD-12787,U2364,2026-04-13 00:00:00,Fashion,completed,178.9,0.0
ORD-12788,U2364,2026-04-17 00:00:00,Home & Living,completed,296.77,0.0
ORD-12789,U2365,2026-02-08 00:00:00,Sports,refunded,106.11,0.0
ORD-12790,U2365,2026-02-13 00:00:00,Fashion,completed,50.91,10.52
ORD-12791,U2365,2026-02-17 00:00:00,Electronics,completed,459.6,0.0
ORD-12792,U2366,2026-03-12 00:00:00,Sports,completed,35.34,0.0
ORD-12793,U2366,2026-03-17 00:00:00,Fashion,completed,146.8,30.02
ORD-12794,U2368,2026-02-03 00:00:00,Electronics,completed,188.62,30.63
ORD-12795,U2368,2026-02-26 00:00:00,Home & Living,completed,211.02,0.0
ORD-12796,U2369,2026-02-21 00:00:00,Home & Living,completed,217.79,0.0
ORD-12797,U2369,2026-03-27 00:00:00,Electronics,completed,546.76,0.0
ORD-12798,U2369,2026-04-16 00:00:00,Beauty,completed,56.0,0.0
ORD-12799,U2370,2026-04-19 00:00:00,Fashion,completed,160.3,0.0
ORD-12800,U2370,2026-04-23 00:00:00,Sports,completed,114.42,0.0
ORD-12801,U2372,2026-03-26 00:00:00,Beauty,completed,45.41,0.0
ORD-12802,U2372,2026-04-10 00:00:00,Sports,completed,44.28,5.18
ORD-12803,U2372,2026-04-18 00:00:00,Home & Living,completed,105.7,0.0
ORD-12804,U2372,2026-04-25 00:00:00,Electronics,completed,461.38,60.85
ORD-12806,U2373,2026-02-23 00:00:00,Home & Living,completed,182.09,42.05
ORD-12807,U2373,2026-03-11 00:00:00,Sports,completed,38.14,0.0
ORD-12808,U2373,2026-04-30 00:00:00,Electronics,completed,254.67,0.0
ORD-12809,U2373,2026-05-01 00:00:00,Beauty,completed,42.07,0.0
ORD-12810,U2373,2026-05-15 00:00:00,Home & Living,completed,181.41,40.81
ORD-12811,U2373,2026-05-29 00:00:00,Beauty,completed,87.67,0.0
ORD-12812,U2373,2026-05-31 00:00:00,Home & Living,completed,205.77,19.71
ORD-12814,U2375,2026-04-09 00:00:00,Home & Living,completed,151.8,0.0
ORD-12815,U2375,2026-04-14 00:00:00,Sports,completed,39.77,0.0
ORD-12816,U2376,2026-02-16 00:00:00,Sports,completed,117.21,21.42
ORD-12817,U2376,2026-02-17 00:00:00,Fashion,completed,161.61,19.39
ORD-12818,U2377,2026-02-22 00:00:00,Fashion,completed,95.82,0.0
ORD-12819,U2378,2026-02-25 00:00:00,Fashion,completed,48.43,0.0
ORD-12820,U2378,2026-02-26 00:00:00,Home & Living,completed,246.48,0.0
ORD-12821,U2378,2026-03-09 00:00:00,Home & Living,completed,139.45,25.79
ORD-12822,U2379,2026-03-16 00:00:00,Electronics,completed,276.91,0.0
ORD-12823,U2380,2026-01-25 00:00:00,Fashion,cancelled,179.57,0.0
ORD-12824,U2380,2026-02-11 00:00:00,Fashion,cancelled,169.14,0.0
ORD-12825,U2380,2026-02-12 00:00:00,Electronics,completed,499.34,0.0
ORD-12826,U2381,2026-02-11 00:00:00,Beauty,completed,37.94,0.0
ORD-12827,U2381,2026-02-26 00:00:00,Home & Living,completed,295.56,19.5
ORD-12828,U2382,2026-04-04 00:00:00,Sports,completed,75.71,0.0
ORD-12829,U2383,2026-01-30 00:00:00,Fashion,completed,116.27,22.45
ORD-12830,U2383,2026-02-15 00:00:00,Beauty,completed,92.57,14.9
ORD-12831,U2383,2026-02-16 00:00:00,Fashion,completed,179.61,0.0
ORD-12832,U2383,2026-02-23 00:00:00,Fashion,cancelled,98.37,0.0
ORD-12833,U2383,2026-02-27 00:00:00,Beauty,cancelled,108.65,0.0
ORD-12834,U2385,2026-02-08 00:00:00,Fashion,completed,141.41,0.0
ORD-12835,U2386,2026-04-10 00:00:00,Fashion,completed,89.07,0.0
ORD-12836,U2386,2026-04-24 00:00:00,Fashion,completed,121.89,0.0
ORD-12837,U2386,2026-04-26 00:00:00,Home & Living,cancelled,140.57,0.0
ORD-12838,U2386,2026-05-05 00:00:00,Beauty,completed,112.85,0.0
ORD-12839,U2387,2026-01-19 00:00:00,Fashion,refunded,65.58,0.0
ORD-12840,U2387,2026-02-02 00:00:00,Electronics,cancelled,195.69,37.04
ORD-12841,U2390,2026-01-30 00:00:00,Home & Living,completed,119.82,25.28
ORD-12842,U2390,2026-02-13 00:00:00,Home & Living,completed,213.25,0.0
ORD-12843,U2390,2026-02-23 00:00:00,Beauty,cancelled,52.69,4.61
ORD-12844,U2391,2026-01-15 00:00:00,Sports,cancelled,30.06,0.0
ORD-12845,U2391,2026-01-18 00:00:00,Sports,completed,97.9,13.75
ORD-12846,U2391,2026-03-18 00:00:00,Electronics,completed,562.83,111.37
ORD-12847,U2391,2026-03-25 00:00:00,Sports,completed,33.76,0.0
ORD-12848,U2391,2026-04-02 00:00:00,Beauty,cancelled,84.74,20.71
ORD-12849,U2391,2026-04-14 00:00:00,Sports,completed,99.15,0.0
ORD-12850,U2392,2026-01-27 00:00:00,Sports,completed,25.87,3.08
ORD-12851,U2395,2026-03-18 00:00:00,Home & Living,completed,166.13,19.15
ORD-12852,U2395,2026-03-20 00:00:00,Beauty,completed,118.79,0.0
ORD-12853,U2396,2026-03-03 00:00:00,Beauty,completed,81.58,10.86
ORD-12854,U2396,2026-03-04 00:00:00,Sports,completed,91.1,0.0
ORD-12855,U2397,2026-02-17 00:00:00,Electronics,completed,616.85,0.0
ORD-12856,U2397,2026-02-25 00:00:00,Fashion,completed,134.83,0.0
ORD-12857,U2398,2026-03-15 00:00:00,Home & Living,completed,231.51,11.99
ORD-12858,U2400,2026-02-27 00:00:00,Beauty,completed,95.21,0.0
ORD-12859,U2400,2026-03-07 00:00:00,Beauty,completed,22.76,0.0
ORD-12860,U2400,2026-03-26 00:00:00,Home & Living,completed,296.13,30.94
ORD-12861,U2400,2026-03-30 00:00:00,Beauty,cancelled,90.98,0.0
ORD-12862,U2400,2026-03-31 00:00:00,Beauty,completed,27.12,0.0
ORD-12863,U2400,2026-04-04 00:00:00,Electronics,completed,458.03,0.0
ORD-12864,U2400,2026-04-05 00:00:00,Sports,completed,58.95,0.0
ORD-12865,U2401,2026-01-20 00:00:00,Beauty,completed,43.6,0.0
ORD-12866,U2401,2026-02-15 00:00:00,Electronics,completed,289.41,0.0
ORD-12867,U2401,2026-02-18 00:00:00,Sports,completed,50.55,12.25
ORD-12868,U2403,2026-03-12 00:00:00,Home & Living,completed,119.58,13.25
ORD-12869,U2403,2026-04-21 00:00:00,Home & Living,completed,260.47,18.57
ORD-12870,U2403,2026-05-03 00:00:00,Beauty,completed,57.5,0.0
ORD-12871,U2403,2026-05-04 00:00:00,Beauty,completed,90.29,0.0
ORD-12872,U2403,2026-05-08 00:00:00,Beauty,completed,103.2,0.0
ORD-12873,U2403,2026-05-14 00:00:00,Home & Living,completed,262.99,16.23
ORD-12874,U2404,2026-03-15 00:00:00,Sports,completed,93.93,0.0
ORD-12875,U2406,2026-03-19 00:00:00,Home & Living,completed,213.98,0.0
ORD-12876,U2406,2026-04-25 00:00:00,Beauty,completed,46.15,0.0
ORD-12877,U2406,2026-05-29 00:00:00,Sports,completed,38.64,6.24
ORD-12879,U2407,2026-04-01 00:00:00,Home & Living,completed,222.32,0.0
ORD-12880,U2408,2026-02-28 00:00:00,Beauty,refunded,50.43,0.0
ORD-12881,U2409,2026-04-04 00:00:00,Sports,completed,30.37,0.0
ORD-12882,U2409,2026-04-21 00:00:00,Beauty,refunded,75.3,17.17
ORD-12883,U2411,2026-01-21 00:00:00,Sports,completed,65.25,0.0
ORD-12884,U2411,2026-02-22 00:00:00,Fashion,completed,53.85,4.16
ORD-12885,U2411,2026-03-14 00:00:00,Home & Living,completed,198.81,14.82
ORD-12886,U2411,2026-03-24 00:00:00,Fashion,completed,122.71,9.7
ORD-12887,U2411,2026-03-25 00:00:00,Home & Living,completed,79.8,0.0
ORD-12888,U2412,2026-02-03 00:00:00,Electronics,completed,367.96,0.0
ORD-12889,U2412,2026-02-15 00:00:00,Sports,completed,46.99,0.0
ORD-12890,U2412,2026-02-19 00:00:00,Electronics,cancelled,204.48,0.0
ORD-12891,U2412,2026-02-20 00:00:00,Fashion,cancelled,138.32,19.77
ORD-12892,U2415,2026-04-03 00:00:00,Fashion,cancelled,51.16,0.0
ORD-12893,U2415,2026-04-13 00:00:00,Home & Living,completed,150.81,0.0
ORD-12894,U2415,2026-05-02 00:00:00,Beauty,completed,91.78,0.0
ORD-12895,U2416,2026-01-18 00:00:00,Beauty,completed,98.55,0.0
ORD-12896,U2416,2026-01-28 00:00:00,Beauty,completed,52.74,4.79
ORD-12897,U2416,2026-02-03 00:00:00,Beauty,cancelled,48.76,0.0
ORD-12898,U2417,2026-01-13 00:00:00,Sports,completed,112.52,11.42
ORD-12899,U2418,2026-02-13 00:00:00,Fashion,completed,35.36,0.0
ORD-12900,U2418,2026-02-26 00:00:00,Sports,refunded,38.29,0.0
ORD-12901,U2418,2026-03-10 00:00:00,Beauty,completed,62.24,0.0
ORD-12902,U2418,2026-03-25 00:00:00,Sports,completed,113.88,23.17
ORD-12903,U2418,2026-04-29 00:00:00,Sports,completed,48.19,0.0
ORD-12904,U2418,2026-05-18 00:00:00,Beauty,completed,70.02,16.74
ORD-12905,U2418,2026-05-19 00:00:00,Fashion,refunded,86.97,9.65
ORD-12906,U2419,2026-04-02 00:00:00,Fashion,completed,96.76,0.0
ORD-12907,U2419,2026-04-05 00:00:00,Sports,completed,23.14,0.0
ORD-12908,U2419,2026-04-06 00:00:00,Electronics,completed,350.27,25.01
ORD-12909,U2419,2026-05-07 00:00:00,Electronics,completed,307.46,37.05
ORD-12910,U2419,2026-05-19 00:00:00,Fashion,completed,33.19,0.0
ORD-12911,U2419,2026-05-21 00:00:00,Home & Living,completed,40.54,6.71
ORD-12912,U2422,2026-01-20 00:00:00,Fashion,completed,63.34,0.0
ORD-12913,U2423,2026-02-14 00:00:00,Beauty,completed,38.14,9.04
ORD-12914,U2427,2026-04-05 00:00:00,Electronics,refunded,249.52,0.0
ORD-12915,U2428,2026-03-06 00:00:00,Beauty,completed,84.48,0.0
ORD-12916,U2428,2026-04-17 00:00:00,Beauty,refunded,107.4,9.59
ORD-12917,U2429,2026-03-22 00:00:00,Electronics,completed,594.52,0.0
ORD-12918,U2429,2026-04-17 00:00:00,Home & Living,completed,292.39,23.73
ORD-12919,U2429,2026-04-25 00:00:00,Fashion,completed,96.6,19.22
ORD-12920,U2429,2026-04-29 00:00:00,Electronics,refunded,503.79,0.0
ORD-12921,U2429,2026-05-11 00:00:00,Fashion,refunded,111.92,0.0
ORD-12922,U2429,2026-05-14 00:00:00,Electronics,refunded,428.65,76.23
ORD-12923,U2430,2026-02-13 00:00:00,Home & Living,cancelled,74.52,0.0
ORD-12924,U2431,2026-02-20 00:00:00,Electronics,completed,125.32,25.56
ORD-12925,U2431,2026-03-07 00:00:00,Fashion,completed,76.31,0.0
ORD-12926,U2431,2026-03-21 00:00:00,Beauty,refunded,85.2,0.0
ORD-12927,U2431,2026-03-23 00:00:00,Home & Living,completed,221.18,42.78
ORD-12928,U2431,2026-03-25 00:00:00,Sports,completed,112.53,0.0
ORD-12929,U2432,2026-02-25 00:00:00,Fashion,completed,47.54,0.0
ORD-12930,U2434,2026-01-25 00:00:00,Beauty,completed,73.56,0.0
ORD-12931,U2434,2026-01-27 00:00:00,Fashion,completed,175.24,0.0
ORD-12932,U2434,2026-02-17 00:00:00,Fashion,cancelled,104.32,17.19
ORD-12933,U2435,2026-01-06 00:00:00,Beauty,completed,39.49,6.55
ORD-12934,U2435,2026-01-16 00:00:00,Fashion,completed,66.63,5.76
ORD-12935,U2435,2026-01-22 00:00:00,Electronics,completed,648.18,0.0
ORD-12936,U2435,2026-01-26 00:00:00,Beauty,completed,104.04,0.0
ORD-12937,U2436,2026-02-05 00:00:00,Home & Living,completed,318.22,61.14
ORD-12938,U2436,2026-02-15 00:00:00,Electronics,completed,643.78,82.82
ORD-12939,U2437,2026-05-03 00:00:00,Beauty,refunded,111.65,8.28
ORD-12940,U2437,2026-05-12 00:00:00,Fashion,cancelled,172.0,0.0
ORD-12941,U2437,2026-05-19 00:00:00,Fashion,completed,146.56,19.1
ORD-12942,U2438,2026-01-27 00:00:00,Electronics,completed,383.07,0.0
ORD-12943,U2440,2026-04-03 00:00:00,Home & Living,completed,224.15,0.0
ORD-12944,U2440,2026-04-04 00:00:00,Fashion,completed,152.32,29.12
ORD-12946,U2441,2026-01-10 00:00:00,Sports,completed,34.6,0.0
ORD-12947,U2441,2026-01-14 00:00:00,Fashion,completed,41.65,9.58
ORD-12948,U2441,2026-02-01 00:00:00,Fashion,completed,89.64,15.18
ORD-12949,U2441,2026-02-09 00:00:00,Electronics,completed,451.26,0.0
ORD-12950,U2442,2026-03-26 00:00:00,Fashion,completed,151.5,0.0
ORD-12951,U2442,2026-03-28 00:00:00,Sports,completed,20.9,0.0
ORD-12952,U2442,2026-05-13 00:00:00,Electronics,completed,267.24,0.0
ORD-12953,U2442,2026-05-17 00:00:00,Fashion,completed,108.83,0.0
ORD-12954,U2442,2026-05-21 00:00:00,Sports,completed,21.85,0.0
ORD-12955,U2443,2026-02-17 00:00:00,Beauty,completed,63.61,0.0
ORD-12956,U2444,2026-03-24 00:00:00,Electronics,completed,333.67,0.0
ORD-12957,U2444,2026-04-04 00:00:00,Home & Living,completed,299.99,31.73
ORD-12958,U2444,2026-04-10 00:00:00,Electronics,completed,445.8,0.0
ORD-12959,U2444,2026-05-11 00:00:00,Home & Living,completed,54.53,0.0
ORD-12961,U2445,2026-01-17 00:00:00,Beauty,completed,91.89,0.0
ORD-12962,U2445,2026-01-20 00:00:00,Fashion,completed,132.44,0.0
ORD-12963,U2445,2026-01-21 00:00:00,Electronics,completed,587.39,136.73
ORD-12964,U2445,2026-01-28 00:00:00,Fashion,completed,135.46,0.0
ORD-12965,U2446,2026-03-17 00:00:00,Beauty,completed,64.98,0.0
ORD-12966,U2446,2026-03-22 00:00:00,Electronics,completed,608.86,0.0
ORD-12967,U2447,2026-03-22 00:00:00,Home & Living,completed,105.76,0.0
ORD-12968,U2448,2026-04-10 00:00:00,Electronics,completed,621.41,0.0
ORD-12969,U2448,2026-04-18 00:00:00,Beauty,completed,116.59,0.0
ORD-12970,U2448,2026-05-11 00:00:00,Fashion,completed,82.63,7.59
ORD-12971,U2448,2026-05-20 00:00:00,Electronics,completed,194.9,14.04
ORD-12972,U2448,2026-05-26 00:00:00,Beauty,refunded,110.96,20.37
ORD-12973,U2449,2026-03-08 00:00:00,Sports,completed,113.49,16.09
ORD-12974,U2449,2026-03-31 00:00:00,Fashion,completed,64.33,0.0
ORD-12975,U2449,2026-04-09 00:00:00,Fashion,completed,167.87,20.8
ORD-12976,U2450,2026-05-26 00:00:00,Sports,completed,72.9,0.0
ORD-12977,U2450,2026-05-31 00:00:00,Beauty,completed,68.07,0.0
ORD-12979,U2452,2026-03-25 00:00:00,Beauty,completed,95.31,0.0
ORD-12980,U2452,2026-04-09 00:00:00,Beauty,completed,90.31,0.0
ORD-12981,U2453,2026-02-23 00:00:00,Sports,completed,36.53,0.0
ORD-12982,U2453,2026-03-15 00:00:00,Electronics,cancelled,581.17,0.0
ORD-12983,U2453,2026-03-22 00:00:00,Electronics,refunded,467.48,0.0
ORD-12984,U2454,2026-01-13 00:00:00,Electronics,completed,625.81,0.0
ORD-12985,U2454,2026-01-15 00:00:00,Beauty,completed,71.94,6.35
ORD-12986,U2454,2026-01-23 00:00:00,Home & Living,completed,205.04,0.0
ORD-12987,U2455,2026-03-28 00:00:00,Sports,completed,48.68,0.0
ORD-12988,U2455,2026-04-29 00:00:00,Home & Living,completed,183.93,0.0
ORD-12989,U2455,2026-05-05 00:00:00,Electronics,completed,462.26,105.48
ORD-12991,U2456,2026-03-15 00:00:00,Sports,completed,39.33,7.11
ORD-12992,U2457,2026-04-25 00:00:00,Sports,completed,69.11,0.0
ORD-12993,U2457,2026-04-28 00:00:00,Beauty,refunded,19.46,0.0
ORD-12994,U2457,2026-05-09 00:00:00,Beauty,completed,93.91,0.0
ORD-12995,U2458,2026-01-27 00:00:00,Sports,refunded,54.05,8.59
ORD-12996,U2458,2026-02-11 00:00:00,Home & Living,completed,312.2,47.56
ORD-12997,U2460,2026-02-07 00:00:00,Fashion,completed,168.66,0.0
ORD-12998,U2460,2026-03-24 00:00:00,Home & Living,refunded,101.2,0.0
ORD-12999,U2461,2026-03-15 00:00:00,Home & Living,completed,259.34,28.68
ORD-13000,U2461,2026-03-28 00:00:00,Beauty,completed,46.68,2.37
ORD-13001,U2463,2026-03-22 00:00:00,Home & Living,completed,290.8,36.6
ORD-13002,U2464,2026-05-07 00:00:00,Sports,completed,112.43,0.0
ORD-13003,U2464,2026-05-14 00:00:00,Sports,completed,46.81,3.7
ORD-13004,U2464,2026-05-15 00:00:00,Sports,cancelled,70.74,0.0
ORD-13005,U2464,2026-05-30 00:00:00,Home & Living,completed,62.44,0.0
ORD-13006,U2465,2026-01-13 00:00:00,Beauty,completed,111.0,23.35
ORD-13007,U2465,2026-01-30 00:00:00,Fashion,cancelled,158.2,0.0
ORD-13008,U2466,2026-04-03 00:00:00,Sports,completed,20.35,0.0
ORD-13009,U2467,2026-02-22 00:00:00,Home & Living,completed,196.17,0.0
ORD-13010,U2467,2026-03-16 00:00:00,Home & Living,completed,105.55,0.0
ORD-13011,U2468,2026-03-30 00:00:00,Home & Living,completed,84.55,7.73
ORD-13012,U2469,2026-04-20 00:00:00,Home & Living,completed,256.26,0.0
ORD-13013,U2469,2026-04-26 00:00:00,Beauty,completed,59.73,0.0
ORD-13014,U2469,2026-05-16 00:00:00,Sports,completed,30.3,2.86
ORD-13015,U2469,2026-05-25 00:00:00,Fashion,completed,77.62,0.0
ORD-13017,U2470,2026-02-22 00:00:00,Electronics,completed,299.7,26.04
ORD-13018,U2471,2026-03-20 00:00:00,Home & Living,completed,252.81,0.0
ORD-13019,U2471,2026-03-21 00:00:00,Fashion,completed,115.12,0.0
ORD-13020,U2472,2026-04-04 00:00:00,Electronics,refunded,310.9,0.0
ORD-13021,U2476,2026-03-25 00:00:00,Fashion,refunded,116.85,16.8
ORD-13022,U2478,2026-04-25 00:00:00,Electronics,completed,201.71,39.32
ORD-13023,U2478,2026-04-28 00:00:00,Fashion,completed,148.02,25.33
ORD-13024,U2478,2026-05-04 00:00:00,Sports,completed,88.37,11.23
ORD-13025,U2478,2026-05-05 00:00:00,Home & Living,completed,135.44,0.0
ORD-13026,U2478,2026-05-17 00:00:00,Sports,completed,19.15,1.03
ORD-13027,U2479,2026-02-14 00:00:00,Beauty,completed,78.0,0.0
ORD-13028,U2479,2026-02-21 00:00:00,Home & Living,cancelled,97.93,0.0
ORD-13029,U2479,2026-02-26 00:00:00,Beauty,refunded,83.98,0.0
ORD-13030,U2480,2026-03-17 00:00:00,Sports,completed,36.03,8.85
ORD-13031,U2480,2026-04-02 00:00:00,Electronics,cancelled,504.78,0.0
ORD-13032,U2480,2026-04-04 00:00:00,Fashion,completed,56.57,3.19
ORD-13033,U2480,2026-04-05 00:00:00,Home & Living,completed,181.57,17.8
ORD-13034,U2480,2026-04-13 00:00:00,Fashion,completed,78.88,7.78
ORD-13035,U2480,2026-05-04 00:00:00,Fashion,completed,35.29,0.0
ORD-13036,U2480,2026-05-05 00:00:00,Fashion,completed,72.79,0.0
ORD-13037,U2481,2026-01-31 00:00:00,Electronics,cancelled,105.3,0.0
ORD-13038,U2482,2026-02-27 00:00:00,Electronics,refunded,84.4,16.91
ORD-13039,U2482,2026-03-06 00:00:00,Electronics,completed,334.2,0.0
ORD-13040,U2482,2026-03-22 00:00:00,Electronics,completed,340.26,0.0
ORD-13041,U2483,2026-01-26 00:00:00,Electronics,completed,546.25,0.0
ORD-13042,U2484,2026-02-08 00:00:00,Fashion,completed,69.79,0.0
ORD-13043,U2484,2026-03-01 00:00:00,Beauty,completed,118.77,0.0
ORD-13044,U2484,2026-03-02 00:00:00,Home & Living,completed,170.28,8.97
ORD-13045,U2484,2026-03-03 00:00:00,Beauty,completed,79.4,8.88
ORD-13046,U2484,2026-03-10 00:00:00,Beauty,completed,64.8,4.68
ORD-13047,U2485,2026-02-04 00:00:00,Fashion,completed,126.54,30.97
ORD-13048,U2485,2026-03-05 00:00:00,Home & Living,completed,133.28,0.0
ORD-13049,U2485,2026-03-20 00:00:00,Beauty,completed,16.23,0.0
ORD-13050,U2485,2026-03-24 00:00:00,Fashion,completed,144.7,12.79
ORD-13051,U2485,2026-03-30 00:00:00,Fashion,completed,136.67,0.0
ORD-13052,U2486,2026-02-19 00:00:00,Beauty,completed,116.07,0.0
ORD-13053,U2488,2026-02-17 00:00:00,Fashion,completed,173.25,0.0
ORD-13054,U2490,2026-04-02 00:00:00,Fashion,completed,83.16,0.0
ORD-13055,U2491,2026-02-07 00:00:00,Beauty,completed,86.04,0.0
ORD-13056,U2491,2026-02-11 00:00:00,Fashion,completed,171.89,0.0
ORD-13057,U2492,2026-02-07 00:00:00,Beauty,completed,77.37,0.0
ORD-13058,U2493,2026-01-23 00:00:00,Beauty,refunded,113.99,0.0
ORD-13059,U2493,2026-01-25 00:00:00,Beauty,completed,97.4,0.0
ORD-13060,U2494,2026-02-27 00:00:00,Sports,cancelled,82.72,0.0
ORD-13061,U2495,2026-03-04 00:00:00,Home & Living,cancelled,160.03,8.01
ORD-13062,U2495,2026-03-23 00:00:00,Sports,cancelled,28.54,0.0
ORD-13063,U2495,2026-04-04 00:00:00,Beauty,completed,42.7,7.38
ORD-13064,U2495,2026-04-05 00:00:00,Home & Living,completed,129.72,0.0
ORD-13065,U2495,2026-04-08 00:00:00,Home & Living,completed,218.18,0.0
ORD-13066,U2495,2026-04-16 00:00:00,Beauty,cancelled,42.66,5.12
ORD-13067,U2496,2026-02-28 00:00:00,Home & Living,completed,218.8,0.0
ORD-13068,U2496,2026-03-03 00:00:00,Home & Living,cancelled,60.25,0.0
ORD-13069,U2496,2026-03-05 00:00:00,Fashion,completed,79.21,0.0
ORD-13070,U2496,2026-03-21 00:00:00,Beauty,completed,28.22,6.87
ORD-13071,U2497,2026-03-15 00:00:00,Fashion,completed,59.92,7.79
