event_id,user_id,event_time,event_type
EV-508545,U1968,2026-01-01 08:25:00,app_open
EV-508546,U1968,2026-01-01 08:28:00,product_view
EV-508302,U2303,2026-01-01 10:22:00,app_open
EV-508303,U2303,2026-01-01 10:25:00,product_view
EV-508513,U1058,2026-01-01 14:13:00,app_open
EV-508514,U1058,2026-01-01 14:16:00,product_view
EV-507924,U2175,2026-01-01 18:11:00,app_open
EV-507925,U2175,2026-01-01 18:14:00,product_view
EV-507926,U2175,2026-01-01 18:18:00,add_to_cart
EV-508760,U1636,2026-01-01 20:16:00,app_open
EV-508761,U1636,2026-01-01 20:19:00,product_view
EV-507439,U1348,2026-01-01 22:38:00,app_open
EV-507440,U1348,2026-01-01 22:41:00,product_view
EV-508766,U2356,2026-01-01 23:48:00,app_open
EV-508767,U2356,2026-01-01 23:51:00,product_view
EV-508511,U2386,2026-01-02 01:34:00,app_open
EV-508512,U2386,2026-01-02 01:37:00,product_view
EV-508355,U1825,2026-01-02 05:33:00,app_open
EV-508356,U1825,2026-01-02 05:36:00,product_view
EV-507842,U1299,2026-01-02 07:05:00,app_open
EV-507843,U1299,2026-01-02 07:08:00,product_view
EV-507844,U1299,2026-01-02 07:12:00,add_to_cart
EV-508075,U1379,2026-01-02 09:09:00,app_open
EV-508076,U1379,2026-01-02 09:12:00,product_view
EV-508861,U1971,2026-01-02 09:44:00,app_open
EV-508862,U1971,2026-01-02 09:47:00,product_view
EV-507160,U1538,2026-01-02 10:29:00,app_open
EV-507161,U1538,2026-01-02 10:32:00,product_view
EV-508203,U1380,2026-01-02 17:48:00,app_open
EV-508204,U1380,2026-01-02 17:51:00,product_view
EV-508650,U1357,2026-01-02 23:26:00,app_open
EV-508651,U1357,2026-01-02 23:29:00,product_view
EV-507220,U1559,2026-01-03 12:04:00,app_open
EV-507221,U1559,2026-01-03 12:07:00,product_view
EV-507222,U1559,2026-01-03 12:11:00,add_to_cart
EV-505721,U1515,2026-01-03 23:35:00,app_open
EV-505722,U1515,2026-01-03 23:37:00,product_view
EV-505723,U1515,2026-01-03 23:41:00,product_view
EV-505724,U1515,2026-01-03 23:43:00,add_to_cart
EV-505725,U1515,2026-01-03 23:45:00,checkout_start
EV-507396,U1837,2026-01-04 00:20:00,app_open
EV-507397,U1837,2026-01-04 00:23:00,product_view
EV-508910,U1868,2026-01-04 02:00:00,app_open
EV-508911,U1868,2026-01-04 02:03:00,product_view
EV-508010,U2142,2026-01-04 07:24:00,app_open
EV-508011,U2142,2026-01-04 07:27:00,product_view
EV-507173,U1996,2026-01-04 23:09:00,app_open
EV-507174,U1996,2026-01-04 23:12:00,product_view
EV-507175,U1996,2026-01-04 23:16:00,add_to_cart
EV-502663,U1237,2026-01-04 23:27:00,app_open
EV-506126,U1557,2026-01-04 23:27:00,app_open
EV-502664,U1237,2026-01-04 23:31:00,product_view
EV-506127,U1557,2026-01-04 23:32:00,product_view
EV-502665,U1237,2026-01-04 23:34:00,product_view
EV-502666,U1237,2026-01-04 23:36:00,add_to_cart
EV-506128,U1557,2026-01-04 23:36:00,product_view
EV-502667,U1237,2026-01-04 23:39:00,checkout_start
EV-506129,U1557,2026-01-04 23:39:00,add_to_cart
EV-502668,U1237,2026-01-04 23:41:00,payment_success
EV-506130,U1557,2026-01-04 23:43:00,checkout_start
EV-506131,U1557,2026-01-04 23:44:00,payment_success
EV-508770,U1759,2026-01-05 08:07:00,app_open
EV-508771,U1759,2026-01-05 08:10:00,product_view
EV-508772,U1759,2026-01-05 08:14:00,add_to_cart
EV-508898,U1836,2026-01-05 13:04:00,app_open
EV-508899,U1836,2026-01-05 13:07:00,product_view
EV-508175,U2149,2026-01-05 17:37:00,app_open
EV-508176,U2149,2026-01-05 17:40:00,product_view
EV-508177,U2149,2026-01-05 17:44:00,add_to_cart
EV-508494,U1270,2026-01-05 17:56:00,app_open
EV-508495,U1270,2026-01-05 17:59:00,product_view
EV-508496,U1270,2026-01-05 18:03:00,add_to_cart
EV-507193,U1796,2026-01-05 18:08:00,app_open
EV-507194,U1796,2026-01-05 18:11:00,product_view
EV-505294,U1470,2026-01-05 23:27:00,app_open
EV-505295,U1470,2026-01-05 23:30:00,product_view
EV-505296,U1470,2026-01-05 23:35:00,product_view
EV-505297,U1470,2026-01-05 23:40:00,product_view
EV-505298,U1470,2026-01-05 23:42:00,add_to_cart
EV-505299,U1470,2026-01-05 23:46:00,checkout_start
EV-505300,U1470,2026-01-05 23:48:00,payment_success
EV-508166,U1807,2026-01-06 01:59:00,app_open
EV-508167,U1807,2026-01-06 02:02:00,product_view
EV-507592,U1160,2026-01-06 03:24:00,app_open
EV-507593,U1160,2026-01-06 03:27:00,product_view
EV-507594,U1160,2026-01-06 03:31:00,add_to_cart
EV-508821,U1675,2026-01-06 07:00:00,app_open
EV-508822,U1675,2026-01-06 07:03:00,product_view
EV-508823,U1675,2026-01-06 07:07:00,add_to_cart
EV-507790,U1261,2026-01-06 08:57:00,app_open
EV-507791,U1261,2026-01-06 09:00:00,product_view
EV-508489,U1544,2026-01-06 13:03:00,app_open
EV-508490,U1544,2026-01-06 13:06:00,product_view
EV-508362,U1080,2026-01-06 21:38:00,app_open
EV-508363,U1080,2026-01-06 21:41:00,product_view
EV-504319,U1377,2026-01-06 23:16:00,app_open
EV-504320,U1377,2026-01-06 23:20:00,product_view
EV-504321,U1377,2026-01-06 23:24:00,add_to_cart
EV-504322,U1377,2026-01-06 23:26:00,checkout_start
EV-504323,U1377,2026-01-06 23:27:00,payment_success
EV-502257,U1205,2026-01-06 23:42:00,app_open
EV-502258,U1205,2026-01-06 23:46:00,product_view
EV-502259,U1205,2026-01-06 23:51:00,product_view
EV-502260,U1205,2026-01-06 23:54:00,add_to_cart
EV-502261,U1205,2026-01-06 23:56:00,checkout_start
EV-502262,U1205,2026-01-06 23:58:00,payment_success
EV-508102,U2368,2026-01-07 04:32:00,app_open
EV-507956,U2129,2026-01-07 04:34:00,app_open
EV-508103,U2368,2026-01-07 04:35:00,product_view
EV-507957,U2129,2026-01-07 04:37:00,product_view
EV-508104,U2368,2026-01-07 04:39:00,add_to_cart
EV-508055,U1264,2026-01-07 12:10:00,app_open
EV-508056,U1264,2026-01-07 12:13:00,product_view
EV-507862,U1504,2026-01-07 15:43:00,app_open
EV-507863,U1504,2026-01-07 15:46:00,product_view
EV-508927,U2204,2026-01-07 19:50:00,app_open
EV-508928,U2204,2026-01-07 19:53:00,product_view
EV-507068,U2214,2026-01-07 20:10:00,app_open
EV-507069,U2214,2026-01-07 20:13:00,product_view
EV-507070,U2214,2026-01-07 20:17:00,add_to_cart
EV-507216,U2062,2026-01-07 21:58:00,app_open
EV-507217,U2062,2026-01-07 22:01:00,product_view
EV-507705,U1865,2026-01-07 23:28:00,app_open
EV-500876,U1083,2026-01-07 23:31:00,app_open
EV-507706,U1865,2026-01-07 23:31:00,product_view
EV-500877,U1083,2026-01-07 23:36:00,product_view
EV-500878,U1083,2026-01-07 23:40:00,product_view
EV-500879,U1083,2026-01-07 23:42:00,product_view
EV-500880,U1083,2026-01-07 23:45:00,add_to_cart
EV-503993,U1354,2026-01-07 23:46:00,app_open
EV-500881,U1083,2026-01-07 23:48:00,checkout_start
EV-503994,U1354,2026-01-07 23:48:00,product_view
EV-500754,U1077,2026-01-07 23:49:00,app_open
EV-500882,U1083,2026-01-07 23:50:00,payment_success
EV-500755,U1077,2026-01-07 23:52:00,product_view
EV-503995,U1354,2026-01-07 23:53:00,product_view
EV-500756,U1077,2026-01-07 23:55:00,product_view
EV-503996,U1354,2026-01-07 23:56:00,add_to_cart
EV-500757,U1077,2026-01-07 23:59:00,add_to_cart
EV-503997,U1354,2026-01-07 23:59:00,checkout_start
EV-503998,U1354,2026-01-08 00:01:00,payment_success
EV-500758,U1077,2026-01-08 00:03:00,checkout_start
EV-500759,U1077,2026-01-08 00:05:00,payment_success
EV-508384,U1556,2026-01-08 00:08:00,app_open
EV-508385,U1556,2026-01-08 00:11:00,product_view
EV-508386,U1556,2026-01-08 00:15:00,add_to_cart
EV-507274,U1116,2026-01-08 00:20:00,app_open
EV-507275,U1116,2026-01-08 00:23:00,product_view
EV-507276,U1116,2026-01-08 00:27:00,add_to_cart
EV-508317,U2258,2026-01-08 04:13:00,app_open
EV-508318,U2258,2026-01-08 04:16:00,product_view
EV-508319,U2258,2026-01-08 04:20:00,add_to_cart
EV-507370,U1219,2026-01-08 07:25:00,app_open
EV-507371,U1219,2026-01-08 07:28:00,product_view
EV-507372,U1219,2026-01-08 07:32:00,add_to_cart
EV-507605,U2445,2026-01-08 11:13:00,app_open
EV-507606,U2445,2026-01-08 11:16:00,product_view
EV-507607,U2445,2026-01-08 11:20:00,add_to_cart
EV-508602,U2028,2026-01-08 12:17:00,app_open
EV-508603,U2028,2026-01-08 12:20:00,product_view
EV-505162,U1449,2026-01-08 23:16:00,app_open
EV-503405,U1311,2026-01-08 23:19:00,app_open
EV-500087,U1006,2026-01-08 23:20:00,app_open
EV-505163,U1449,2026-01-08 23:20:00,product_view
EV-502263,U1205,2026-01-08 23:21:00,app_open
EV-503406,U1311,2026-01-08 23:23:00,product_view
EV-500088,U1006,2026-01-08 23:24:00,product_view
EV-502264,U1205,2026-01-08 23:25:00,product_view
EV-505164,U1449,2026-01-08 23:25:00,product_view
EV-503698,U1334,2026-01-08 23:26:00,app_open
EV-500089,U1006,2026-01-08 23:27:00,product_view
EV-502265,U1205,2026-01-08 23:27:00,add_to_cart
EV-503407,U1311,2026-01-08 23:28:00,product_view
EV-500760,U1077,2026-01-08 23:29:00,app_open
EV-503699,U1334,2026-01-08 23:29:00,product_view
EV-505165,U1449,2026-01-08 23:29:00,add_to_cart
EV-505715,U1514,2026-01-08 23:30:00,app_open
EV-500090,U1006,2026-01-08 23:31:00,product_view
EV-502266,U1205,2026-01-08 23:31:00,checkout_start
EV-503408,U1311,2026-01-08 23:31:00,product_view
EV-502267,U1205,2026-01-08 23:32:00,payment_success
EV-505166,U1449,2026-01-08 23:32:00,checkout_start
EV-503409,U1311,2026-01-08 23:33:00,add_to_cart
EV-503700,U1334,2026-01-08 23:33:00,product_view
EV-505167,U1449,2026-01-08 23:33:00,payment_success
EV-500091,U1006,2026-01-08 23:34:00,add_to_cart
EV-500761,U1077,2026-01-08 23:34:00,product_view
EV-505716,U1514,2026-01-08 23:34:00,product_view
EV-503410,U1311,2026-01-08 23:35:00,checkout_start
EV-503701,U1334,2026-01-08 23:35:00,add_to_cart
EV-505717,U1514,2026-01-08 23:36:00,product_view
EV-500092,U1006,2026-01-08 23:37:00,checkout_start
EV-503411,U1311,2026-01-08 23:37:00,payment_success
EV-503704,U1335,2026-01-08 23:37:00,app_open
EV-500762,U1077,2026-01-08 23:38:00,add_to_cart
EV-503702,U1334,2026-01-08 23:38:00,checkout_start
EV-500093,U1006,2026-01-08 23:39:00,payment_success
EV-500763,U1077,2026-01-08 23:40:00,checkout_start
EV-503703,U1334,2026-01-08 23:40:00,payment_success
EV-503705,U1335,2026-01-08 23:40:00,product_view
EV-505718,U1514,2026-01-08 23:40:00,add_to_cart
EV-500764,U1077,2026-01-08 23:42:00,payment_success
EV-503706,U1335,2026-01-08 23:42:00,add_to_cart
EV-505719,U1514,2026-01-08 23:43:00,checkout_start
EV-503707,U1335,2026-01-08 23:44:00,checkout_start
EV-505720,U1514,2026-01-08 23:45:00,payment_success
EV-503708,U1335,2026-01-08 23:46:00,payment_success
EV-508882,U1972,2026-01-09 00:27:00,app_open
EV-508883,U1972,2026-01-09 00:30:00,product_view
EV-507406,U1815,2026-01-09 05:09:00,app_open
EV-507407,U1815,2026-01-09 05:12:00,product_view
EV-507408,U1815,2026-01-09 05:16:00,add_to_cart
EV-508195,U1284,2026-01-09 06:05:00,app_open
EV-508196,U1284,2026-01-09 06:08:00,product_view
EV-507538,U1742,2026-01-09 10:53:00,app_open
EV-507539,U1742,2026-01-09 10:56:00,product_view
EV-507540,U1742,2026-01-09 11:00:00,add_to_cart
EV-508894,U1880,2026-01-09 19:19:00,app_open
EV-508895,U1880,2026-01-09 19:22:00,product_view
EV-507831,U1098,2026-01-09 20:48:00,app_open
EV-507832,U1098,2026-01-09 20:51:00,product_view
EV-507833,U1098,2026-01-09 20:55:00,add_to_cart
EV-500106,U1010,2026-01-09 23:23:00,app_open
EV-504206,U1371,2026-01-09 23:24:00,app_open
EV-500107,U1010,2026-01-09 23:26:00,product_view
EV-504207,U1371,2026-01-09 23:26:00,product_view
EV-504208,U1371,2026-01-09 23:28:00,add_to_cart
EV-500108,U1010,2026-01-09 23:31:00,product_view
EV-504209,U1371,2026-01-09 23:32:00,checkout_start
EV-504210,U1371,2026-01-09 23:34:00,payment_success
EV-500109,U1010,2026-01-09 23:35:00,add_to_cart
EV-504324,U1377,2026-01-09 23:37:00,app_open
EV-500110,U1010,2026-01-09 23:38:00,checkout_start
EV-500111,U1010,2026-01-09 23:39:00,payment_success
EV-504172,U1369,2026-01-09 23:39:00,app_open
EV-504325,U1377,2026-01-09 23:40:00,product_view
EV-504173,U1369,2026-01-09 23:41:00,product_view
EV-504174,U1369,2026-01-09 23:45:00,product_view
EV-504326,U1377,2026-01-09 23:45:00,product_view
EV-500282,U1032,2026-01-09 23:46:00,app_open
EV-504175,U1369,2026-01-09 23:48:00,add_to_cart
EV-500283,U1032,2026-01-09 23:50:00,product_view
EV-504327,U1377,2026-01-09 23:50:00,product_view
EV-504176,U1369,2026-01-09 23:52:00,checkout_start
EV-500284,U1032,2026-01-09 23:53:00,add_to_cart
EV-504328,U1377,2026-01-09 23:53:00,add_to_cart
EV-504177,U1369,2026-01-09 23:54:00,payment_success
EV-504329,U1377,2026-01-09 23:55:00,checkout_start
EV-500285,U1032,2026-01-09 23:56:00,checkout_start
EV-504330,U1377,2026-01-09 23:57:00,payment_success
EV-500286,U1032,2026-01-09 23:58:00,payment_success
EV-508372,U1675,2026-01-10 02:37:00,app_open
EV-508373,U1675,2026-01-10 02:40:00,product_view
EV-507801,U1437,2026-01-10 02:41:00,app_open
EV-507802,U1437,2026-01-10 02:44:00,product_view
EV-508374,U1675,2026-01-10 02:44:00,add_to_cart
EV-507893,U2392,2026-01-10 09:16:00,app_open
EV-507894,U2392,2026-01-10 09:19:00,product_view
EV-507895,U2392,2026-01-10 09:23:00,add_to_cart
EV-508831,U1505,2026-01-10 10:36:00,app_open
EV-508832,U1505,2026-01-10 10:39:00,product_view
EV-507179,U1922,2026-01-10 11:18:00,app_open
EV-507180,U1922,2026-01-10 11:21:00,product_view
EV-507181,U1922,2026-01-10 11:25:00,add_to_cart
EV-507523,U1470,2026-01-10 12:20:00,app_open
EV-507524,U1470,2026-01-10 12:23:00,product_view
EV-507525,U1470,2026-01-10 12:27:00,add_to_cart
EV-508157,U1451,2026-01-10 14:19:00,app_open
EV-508158,U1451,2026-01-10 14:22:00,product_view
EV-507623,U2209,2026-01-10 16:48:00,app_open
EV-507624,U2209,2026-01-10 16:51:00,product_view
EV-507625,U2209,2026-01-10 16:55:00,add_to_cart
EV-507260,U1786,2026-01-10 18:32:00,app_open
EV-507261,U1786,2026-01-10 18:35:00,product_view
EV-503709,U1335,2026-01-10 23:22:00,app_open
EV-502091,U1190,2026-01-10 23:24:00,app_open
EV-503710,U1335,2026-01-10 23:24:00,product_view
EV-502092,U1190,2026-01-10 23:27:00,product_view
EV-503711,U1335,2026-01-10 23:27:00,add_to_cart
EV-501070,U1099,2026-01-10 23:29:00,app_open
EV-502093,U1190,2026-01-10 23:30:00,add_to_cart
EV-503712,U1335,2026-01-10 23:30:00,checkout_start
EV-501071,U1099,2026-01-10 23:31:00,product_view
EV-503713,U1335,2026-01-10 23:32:00,payment_success
EV-501072,U1099,2026-01-10 23:34:00,product_view
EV-502094,U1190,2026-01-10 23:34:00,checkout_start
EV-502095,U1190,2026-01-10 23:35:00,payment_success
EV-501073,U1099,2026-01-10 23:37:00,product_view
EV-501082,U1100,2026-01-10 23:38:00,app_open
EV-501074,U1099,2026-01-10 23:40:00,add_to_cart
EV-503915,U1347,2026-01-10 23:40:00,app_open
EV-501083,U1100,2026-01-10 23:41:00,product_view
EV-501075,U1099,2026-01-10 23:43:00,checkout_start
EV-501084,U1100,2026-01-10 23:43:00,add_to_cart
EV-504178,U1370,2026-01-10 23:43:00,app_open
EV-503916,U1347,2026-01-10 23:44:00,product_view
EV-503917,U1347,2026-01-10 23:46:00,product_view
EV-504179,U1370,2026-01-10 23:46:00,product_view
EV-501085,U1100,2026-01-10 23:47:00,checkout_start
EV-501086,U1100,2026-01-10 23:48:00,payment_success
EV-503918,U1347,2026-01-10 23:48:00,add_to_cart
EV-503919,U1347,2026-01-10 23:51:00,checkout_start
EV-504180,U1370,2026-01-10 23:51:00,product_view
EV-503920,U1347,2026-01-10 23:53:00,payment_success
EV-504181,U1370,2026-01-10 23:55:00,product_view
EV-504182,U1370,2026-01-10 23:59:00,add_to_cart
EV-504183,U1370,2026-01-11 00:02:00,checkout_start
EV-504184,U1370,2026-01-11 00:04:00,payment_success
EV-508841,U2110,2026-01-11 09:59:00,app_open
EV-508842,U2110,2026-01-11 10:02:00,product_view
EV-508843,U2110,2026-01-11 10:06:00,add_to_cart
EV-508497,U1462,2026-01-11 12:49:00,app_open
EV-508498,U1462,2026-01-11 12:52:00,product_view
EV-508115,U1502,2026-01-11 20:25:00,app_open
EV-508116,U1502,2026-01-11 20:28:00,product_view
EV-508117,U1502,2026-01-11 20:32:00,add_to_cart
EV-500287,U1032,2026-01-11 23:22:00,app_open
EV-503999,U1354,2026-01-11 23:23:00,app_open
EV-500288,U1032,2026-01-11 23:26:00,product_view
EV-504000,U1354,2026-01-11 23:27:00,product_view
EV-504222,U1372,2026-01-11 23:29:00,app_open
EV-500289,U1032,2026-01-11 23:30:00,add_to_cart
EV-504001,U1354,2026-01-11 23:30:00,product_view
EV-500112,U1010,2026-01-11 23:33:00,app_open
EV-500290,U1032,2026-01-11 23:33:00,checkout_start
EV-504223,U1372,2026-01-11 23:33:00,product_view
EV-500291,U1032,2026-01-11 23:34:00,payment_success
EV-504002,U1354,2026-01-11 23:34:00,product_view
EV-504224,U1372,2026-01-11 23:35:00,product_view
EV-504003,U1354,2026-01-11 23:36:00,add_to_cart
EV-500113,U1010,2026-01-11 23:37:00,product_view
EV-504597,U1400,2026-01-11 23:38:00,app_open
EV-504225,U1372,2026-01-11 23:39:00,add_to_cart
EV-500114,U1010,2026-01-11 23:40:00,add_to_cart
EV-504004,U1354,2026-01-11 23:40:00,checkout_start
EV-504226,U1372,2026-01-11 23:42:00,checkout_start
EV-500115,U1010,2026-01-11 23:43:00,checkout_start
EV-504227,U1372,2026-01-11 23:43:00,payment_success
EV-504598,U1400,2026-01-11 23:43:00,product_view
EV-500116,U1010,2026-01-11 23:44:00,payment_success
EV-504599,U1400,2026-01-11 23:46:00,product_view
EV-504600,U1400,2026-01-11 23:49:00,add_to_cart
EV-504601,U1400,2026-01-11 23:53:00,checkout_start
EV-504602,U1400,2026-01-11 23:54:00,payment_success
EV-508234,U1932,2026-01-12 01:20:00,app_open
EV-508235,U1932,2026-01-12 01:23:00,product_view
EV-508236,U1932,2026-01-12 01:27:00,add_to_cart
EV-508442,U2450,2026-01-12 01:51:00,app_open
EV-508443,U2450,2026-01-12 01:54:00,product_view
EV-507889,U1205,2026-01-12 02:27:00,app_open
EV-507890,U1205,2026-01-12 02:30:00,product_view
EV-507355,U2412,2026-01-12 02:48:00,app_open
EV-507356,U2412,2026-01-12 02:51:00,product_view
EV-507837,U1468,2026-01-12 05:58:00,app_open
EV-507838,U1468,2026-01-12 06:01:00,product_view
EV-507839,U1468,2026-01-12 06:05:00,add_to_cart
EV-508008,U1088,2026-01-12 12:21:00,app_open
EV-508009,U1088,2026-01-12 12:24:00,product_view
EV-507868,U2428,2026-01-12 12:58:00,app_open
EV-507869,U2428,2026-01-12 13:01:00,product_view
EV-502297,U1206,2026-01-12 23:27:00,app_open
EV-501992,U1181,2026-01-12 23:28:00,app_open
EV-501993,U1181,2026-01-12 23:32:00,product_view
EV-502298,U1206,2026-01-12 23:32:00,product_view
EV-501994,U1181,2026-01-12 23:34:00,product_view
EV-502299,U1206,2026-01-12 23:36:00,product_view
EV-501995,U1181,2026-01-12 23:37:00,add_to_cart
EV-505168,U1449,2026-01-12 23:37:00,app_open
EV-502300,U1206,2026-01-12 23:38:00,product_view
EV-501996,U1181,2026-01-12 23:40:00,checkout_start
EV-501997,U1181,2026-01-12 23:41:00,payment_success
EV-502301,U1206,2026-01-12 23:41:00,add_to_cart
EV-505169,U1449,2026-01-12 23:42:00,product_view
EV-502302,U1206,2026-01-12 23:44:00,checkout_start
EV-505170,U1449,2026-01-12 23:44:00,add_to_cart
EV-502303,U1206,2026-01-12 23:45:00,payment_success
EV-505171,U1449,2026-01-12 23:46:00,checkout_start
EV-505172,U1449,2026-01-12 23:48:00,payment_success
EV-505983,U1546,2026-01-12 23:48:00,app_open
EV-505984,U1546,2026-01-12 23:53:00,product_view
EV-505985,U1546,2026-01-12 23:57:00,add_to_cart
EV-505986,U1546,2026-01-13 00:00:00,checkout_start
EV-505987,U1546,2026-01-13 00:02:00,payment_success
EV-508788,U1937,2026-01-13 01:23:00,app_open
EV-508789,U1937,2026-01-13 01:26:00,product_view
EV-508739,U2007,2026-01-13 03:13:00,app_open
EV-508740,U2007,2026-01-13 03:16:00,product_view
EV-508741,U2007,2026-01-13 03:20:00,add_to_cart
EV-508554,U1618,2026-01-13 04:06:00,app_open
EV-508555,U1618,2026-01-13 04:09:00,product_view
EV-507922,U2445,2026-01-13 18:16:00,app_open
EV-507923,U2445,2026-01-13 18:19:00,product_view
EV-508323,U2249,2026-01-13 19:08:00,app_open
EV-508324,U2249,2026-01-13 19:11:00,product_view
EV-508325,U2249,2026-01-13 19:15:00,add_to_cart
EV-505356,U1476,2026-01-13 23:24:00,app_open
EV-501413,U1128,2026-01-13 23:28:00,app_open
EV-501457,U1132,2026-01-13 23:28:00,app_open
EV-505357,U1476,2026-01-13 23:29:00,product_view
EV-501458,U1132,2026-01-13 23:31:00,product_view
EV-501414,U1128,2026-01-13 23:32:00,product_view
EV-505358,U1476,2026-01-13 23:32:00,product_view
EV-501459,U1132,2026-01-13 23:33:00,product_view
EV-501415,U1128,2026-01-13 23:34:00,product_view
EV-505359,U1476,2026-01-13 23:34:00,add_to_cart
EV-501460,U1132,2026-01-13 23:35:00,add_to_cart
EV-502520,U1222,2026-01-13 23:38:00,app_open
EV-505360,U1476,2026-01-13 23:38:00,checkout_start
EV-501416,U1128,2026-01-13 23:39:00,product_view
EV-501461,U1132,2026-01-13 23:39:00,checkout_start
EV-506434,U1586,2026-01-13 23:39:00,app_open
EV-501462,U1132,2026-01-13 23:41:00,payment_success
EV-502521,U1222,2026-01-13 23:41:00,product_view
EV-500292,U1032,2026-01-13 23:42:00,app_open
EV-501417,U1128,2026-01-13 23:42:00,add_to_cart
EV-506435,U1586,2026-01-13 23:43:00,product_view
EV-500293,U1032,2026-01-13 23:45:00,product_view
EV-501418,U1128,2026-01-13 23:45:00,checkout_start
EV-502522,U1222,2026-01-13 23:45:00,product_view
EV-501419,U1128,2026-01-13 23:46:00,payment_success
EV-500294,U1032,2026-01-13 23:47:00,product_view
EV-502523,U1222,2026-01-13 23:48:00,product_view
EV-506436,U1586,2026-01-13 23:48:00,product_view
EV-500295,U1032,2026-01-13 23:50:00,product_view
EV-502524,U1222,2026-01-13 23:50:00,add_to_cart
EV-504211,U1371,2026-01-13 23:50:00,app_open
EV-502525,U1222,2026-01-13 23:52:00,checkout_start
EV-504212,U1371,2026-01-13 23:52:00,product_view
EV-506437,U1586,2026-01-13 23:52:00,product_view
EV-508309,U2405,2026-01-13 23:52:00,app_open
EV-500296,U1032,2026-01-13 23:54:00,add_to_cart
EV-508310,U2405,2026-01-13 23:55:00,product_view
EV-506438,U1586,2026-01-13 23:56:00,add_to_cart
EV-500297,U1032,2026-01-13 23:57:00,checkout_start
EV-504213,U1371,2026-01-13 23:57:00,product_view
EV-508753,U2352,2026-01-13 23:57:00,app_open
EV-504214,U1371,2026-01-13 23:59:00,add_to_cart
EV-506439,U1586,2026-01-13 23:59:00,checkout_start
EV-506440,U1586,2026-01-14 00:00:00,payment_success
EV-508754,U2352,2026-01-14 00:00:00,product_view
EV-504215,U1371,2026-01-14 00:03:00,checkout_start
EV-508755,U2352,2026-01-14 00:04:00,add_to_cart
EV-504216,U1371,2026-01-14 00:05:00,payment_success
EV-508444,U1749,2026-01-14 00:51:00,app_open
EV-508445,U1749,2026-01-14 00:54:00,product_view
EV-508446,U1749,2026-01-14 00:58:00,add_to_cart
EV-507264,U1050,2026-01-14 05:13:00,app_open
EV-507265,U1050,2026-01-14 05:16:00,product_view
EV-508393,U2220,2026-01-14 15:20:00,app_open
EV-508394,U2220,2026-01-14 15:23:00,product_view
EV-508570,U1632,2026-01-14 16:43:00,app_open
EV-508571,U1632,2026-01-14 16:46:00,product_view
EV-508572,U1632,2026-01-14 16:50:00,add_to_cart
EV-508423,U1889,2026-01-14 17:16:00,app_open
EV-508424,U1889,2026-01-14 17:19:00,product_view
EV-507566,U1671,2026-01-14 19:31:00,app_open
EV-507567,U1671,2026-01-14 19:34:00,product_view
EV-507353,U1539,2026-01-14 19:41:00,app_open
EV-507354,U1539,2026-01-14 19:44:00,product_view
EV-505584,U1497,2026-01-14 23:18:00,app_open
EV-504331,U1377,2026-01-14 23:22:00,app_open
EV-505585,U1497,2026-01-14 23:22:00,product_view
EV-505586,U1497,2026-01-14 23:25:00,product_view
EV-504332,U1377,2026-01-14 23:27:00,product_view
EV-504333,U1377,2026-01-14 23:29:00,product_view
EV-505587,U1497,2026-01-14 23:30:00,product_view
EV-504334,U1377,2026-01-14 23:31:00,product_view
EV-505588,U1497,2026-01-14 23:33:00,add_to_cart
EV-504335,U1377,2026-01-14 23:35:00,add_to_cart
EV-505589,U1497,2026-01-14 23:36:00,checkout_start
EV-504336,U1377,2026-01-14 23:37:00,checkout_start
EV-505590,U1497,2026-01-14 23:37:00,payment_success
EV-504337,U1377,2026-01-14 23:39:00,payment_success
EV-504360,U1380,2026-01-14 23:40:00,app_open
EV-504361,U1380,2026-01-14 23:45:00,product_view
EV-504362,U1380,2026-01-14 23:47:00,add_to_cart
EV-504363,U1380,2026-01-14 23:51:00,checkout_start
EV-504364,U1380,2026-01-14 23:52:00,payment_success
EV-507947,U2478,2026-01-14 23:59:00,app_open
EV-507948,U2478,2026-01-15 00:02:00,product_view
EV-508670,U2387,2026-01-15 02:21:00,app_open
EV-508671,U2387,2026-01-15 02:24:00,product_view
EV-508672,U2387,2026-01-15 02:28:00,add_to_cart
EV-507968,U1220,2026-01-15 09:55:00,app_open
EV-507969,U1220,2026-01-15 09:58:00,product_view
EV-507970,U1220,2026-01-15 10:02:00,add_to_cart
EV-508128,U2157,2026-01-15 10:06:00,app_open
EV-508129,U2157,2026-01-15 10:09:00,product_view
EV-508130,U2157,2026-01-15 10:13:00,add_to_cart
EV-504365,U1380,2026-01-15 23:17:00,app_open
EV-504228,U1372,2026-01-15 23:18:00,app_open
EV-504366,U1380,2026-01-15 23:22:00,product_view
EV-504229,U1372,2026-01-15 23:23:00,product_view
EV-504367,U1380,2026-01-15 23:24:00,product_view
EV-504230,U1372,2026-01-15 23:28:00,product_view
EV-504368,U1380,2026-01-15 23:28:00,add_to_cart
EV-504231,U1372,2026-01-15 23:30:00,add_to_cart
EV-504017,U1356,2026-01-15 23:31:00,app_open
EV-506178,U1563,2026-01-15 23:31:00,app_open
EV-504369,U1380,2026-01-15 23:32:00,checkout_start
EV-504725,U1409,2026-01-15 23:32:00,app_open
EV-504018,U1356,2026-01-15 23:34:00,product_view
EV-504232,U1372,2026-01-15 23:34:00,checkout_start
EV-504370,U1380,2026-01-15 23:34:00,payment_success
EV-504233,U1372,2026-01-15 23:35:00,payment_success
EV-506179,U1563,2026-01-15 23:35:00,product_view
EV-500789,U1079,2026-01-15 23:36:00,app_open
EV-504726,U1409,2026-01-15 23:36:00,product_view
EV-504019,U1356,2026-01-15 23:37:00,product_view
EV-500790,U1079,2026-01-15 23:39:00,product_view
EV-501637,U1145,2026-01-15 23:39:00,app_open
EV-504020,U1356,2026-01-15 23:39:00,add_to_cart
EV-506180,U1563,2026-01-15 23:39:00,product_view
EV-504727,U1409,2026-01-15 23:40:00,add_to_cart
EV-502304,U1206,2026-01-15 23:41:00,app_open
EV-505490,U1486,2026-01-15 23:41:00,app_open
EV-506181,U1563,2026-01-15 23:41:00,add_to_cart
EV-500791,U1079,2026-01-15 23:42:00,product_view
EV-501638,U1145,2026-01-15 23:42:00,product_view
EV-504021,U1356,2026-01-15 23:42:00,checkout_start
EV-504728,U1409,2026-01-15 23:43:00,checkout_start
EV-506182,U1563,2026-01-15 23:43:00,checkout_start
EV-501639,U1145,2026-01-15 23:44:00,add_to_cart
EV-502305,U1206,2026-01-15 23:44:00,product_view
EV-504022,U1356,2026-01-15 23:44:00,payment_success
EV-500792,U1079,2026-01-15 23:45:00,add_to_cart
EV-504729,U1409,2026-01-15 23:45:00,payment_success
EV-506183,U1563,2026-01-15 23:45:00,payment_success
EV-502306,U1206,2026-01-15 23:46:00,product_view
EV-505004,U1434,2026-01-15 23:46:00,app_open
EV-505491,U1486,2026-01-15 23:46:00,product_view
EV-501640,U1145,2026-01-15 23:48:00,checkout_start
EV-505492,U1486,2026-01-15 23:48:00,add_to_cart
EV-500793,U1079,2026-01-15 23:49:00,checkout_start
EV-501641,U1145,2026-01-15 23:49:00,payment_success
EV-502307,U1206,2026-01-15 23:50:00,add_to_cart
EV-505005,U1434,2026-01-15 23:50:00,product_view
EV-500794,U1079,2026-01-15 23:51:00,payment_success
EV-505493,U1486,2026-01-15 23:51:00,checkout_start
EV-505006,U1434,2026-01-15 23:52:00,add_to_cart
EV-502308,U1206,2026-01-15 23:53:00,checkout_start
EV-505494,U1486,2026-01-15 23:53:00,payment_success
EV-505007,U1434,2026-01-15 23:54:00,checkout_start
EV-502309,U1206,2026-01-15 23:55:00,payment_success
EV-505008,U1434,2026-01-15 23:55:00,payment_success
EV-507657,U1673,2026-01-16 05:49:00,app_open
EV-507658,U1673,2026-01-16 05:52:00,product_view
EV-507284,U1556,2026-01-16 10:48:00,app_open
EV-507285,U1556,2026-01-16 10:51:00,product_view
EV-507815,U2396,2026-01-16 11:27:00,app_open
EV-507816,U2396,2026-01-16 11:30:00,product_view
EV-507817,U2396,2026-01-16 11:34:00,add_to_cart
EV-507136,U1398,2026-01-16 23:19:00,app_open
EV-507363,U2320,2026-01-16 23:21:00,app_open
EV-507137,U1398,2026-01-16 23:22:00,product_view
EV-507364,U2320,2026-01-16 23:24:00,product_view
EV-500765,U1077,2026-01-16 23:33:00,app_open
EV-504887,U1424,2026-01-16 23:37:00,app_open
EV-500766,U1077,2026-01-16 23:38:00,product_view
EV-500767,U1077,2026-01-16 23:41:00,product_view
EV-504888,U1424,2026-01-16 23:41:00,product_view
EV-503460,U1318,2026-01-16 23:42:00,app_open
EV-500768,U1077,2026-01-16 23:43:00,product_view
EV-504889,U1424,2026-01-16 23:43:00,product_view
EV-506441,U1586,2026-01-16 23:44:00,app_open
EV-503461,U1318,2026-01-16 23:45:00,product_view
EV-504890,U1424,2026-01-16 23:46:00,add_to_cart
EV-500769,U1077,2026-01-16 23:47:00,add_to_cart
EV-502204,U1201,2026-01-16 23:48:00,app_open
EV-503462,U1318,2026-01-16 23:48:00,product_view
EV-504891,U1424,2026-01-16 23:48:00,checkout_start
EV-506442,U1586,2026-01-16 23:48:00,product_view
EV-500770,U1077,2026-01-16 23:49:00,checkout_start
EV-504892,U1424,2026-01-16 23:49:00,payment_success
EV-500771,U1077,2026-01-16 23:50:00,payment_success
EV-503463,U1318,2026-01-16 23:50:00,product_view
EV-506443,U1586,2026-01-16 23:52:00,product_view
EV-502205,U1201,2026-01-16 23:53:00,product_view
EV-503464,U1318,2026-01-16 23:53:00,add_to_cart
EV-506444,U1586,2026-01-16 23:54:00,add_to_cart
EV-506445,U1586,2026-01-16 23:56:00,checkout_start
EV-502206,U1201,2026-01-16 23:57:00,product_view
EV-503465,U1318,2026-01-16 23:57:00,checkout_start
EV-506446,U1586,2026-01-16 23:57:00,payment_success
EV-503466,U1318,2026-01-16 23:59:00,payment_success
EV-502207,U1201,2026-01-17 00:00:00,product_view
EV-502208,U1201,2026-01-17 00:02:00,add_to_cart
EV-502209,U1201,2026-01-17 00:04:00,checkout_start
EV-502210,U1201,2026-01-17 00:06:00,payment_success
EV-508057,U1395,2026-01-17 01:47:00,app_open
EV-508058,U1395,2026-01-17 01:50:00,product_view
EV-508699,U2497,2026-01-17 02:47:00,app_open
EV-508700,U2497,2026-01-17 02:50:00,product_view
EV-508480,U1073,2026-01-17 11:13:00,app_open
EV-508481,U1073,2026-01-17 11:16:00,product_view
EV-508482,U1073,2026-01-17 11:20:00,add_to_cart
EV-508431,U1212,2026-01-17 16:44:00,app_open
EV-508432,U1212,2026-01-17 16:47:00,product_view
EV-507563,U1932,2026-01-17 17:25:00,app_open
EV-507564,U1932,2026-01-17 17:28:00,product_view
EV-507898,U1428,2026-01-17 17:31:00,app_open
EV-507565,U1932,2026-01-17 17:32:00,add_to_cart
EV-507899,U1428,2026-01-17 17:34:00,product_view
EV-508918,U1587,2026-01-17 19:33:00,app_open
EV-508919,U1587,2026-01-17 19:36:00,product_view
EV-508920,U1587,2026-01-17 19:40:00,add_to_cart
EV-508197,U2127,2026-01-17 21:09:00,app_open
EV-508198,U2127,2026-01-17 21:12:00,product_view
EV-506601,U1604,2026-01-17 23:16:00,app_open
EV-500695,U1072,2026-01-17 23:17:00,app_open
EV-500518,U1056,2026-01-17 23:18:00,app_open
EV-504185,U1370,2026-01-17 23:18:00,app_open
EV-506602,U1604,2026-01-17 23:18:00,product_view
EV-500696,U1072,2026-01-17 23:19:00,product_view
EV-502526,U1222,2026-01-17 23:20:00,app_open
EV-500697,U1072,2026-01-17 23:21:00,product_view
EV-506603,U1604,2026-01-17 23:22:00,product_view
EV-500519,U1056,2026-01-17 23:23:00,product_view
EV-500698,U1072,2026-01-17 23:23:00,add_to_cart
EV-504186,U1370,2026-01-17 23:23:00,product_view
EV-505651,U1505,2026-01-17 23:23:00,app_open
EV-502527,U1222,2026-01-17 23:25:00,product_view
EV-504187,U1370,2026-01-17 23:25:00,add_to_cart
EV-505652,U1505,2026-01-17 23:25:00,product_view
EV-500331,U1037,2026-01-17 23:26:00,app_open
EV-501065,U1098,2026-01-17 23:26:00,app_open
EV-506604,U1604,2026-01-17 23:26:00,add_to_cart
EV-500520,U1056,2026-01-17 23:27:00,product_view
EV-500699,U1072,2026-01-17 23:27:00,checkout_start
EV-500700,U1072,2026-01-17 23:28:00,payment_success
EV-502528,U1222,2026-01-17 23:28:00,add_to_cart
EV-505653,U1505,2026-01-17 23:28:00,add_to_cart
EV-500332,U1037,2026-01-17 23:29:00,product_view
EV-504188,U1370,2026-01-17 23:29:00,checkout_start
EV-506605,U1604,2026-01-17 23:29:00,checkout_start
EV-501066,U1098,2026-01-17 23:30:00,product_view
EV-505654,U1505,2026-01-17 23:30:00,checkout_start
EV-500521,U1056,2026-01-17 23:31:00,add_to_cart
EV-504189,U1370,2026-01-17 23:31:00,payment_success
EV-505655,U1505,2026-01-17 23:31:00,payment_success
EV-506606,U1604,2026-01-17 23:31:00,payment_success
EV-501067,U1098,2026-01-17 23:32:00,product_view
EV-502529,U1222,2026-01-17 23:32:00,checkout_start
EV-500333,U1037,2026-01-17 23:33:00,product_view
EV-501068,U1098,2026-01-17 23:34:00,add_to_cart
EV-502530,U1222,2026-01-17 23:34:00,payment_success
EV-500522,U1056,2026-01-17 23:35:00,checkout_start
EV-500334,U1037,2026-01-17 23:36:00,add_to_cart
EV-501069,U1098,2026-01-17 23:36:00,checkout_start
EV-500523,U1056,2026-01-17 23:37:00,payment_success
EV-500335,U1037,2026-01-17 23:39:00,checkout_start
EV-500336,U1037,2026-01-17 23:40:00,payment_success
EV-506479,U1589,2026-01-17 23:46:00,app_open
EV-506480,U1589,2026-01-17 23:50:00,product_view
EV-506481,U1589,2026-01-17 23:55:00,product_view
EV-506482,U1589,2026-01-17 23:58:00,add_to_cart
EV-506483,U1589,2026-01-18 00:00:00,checkout_start
EV-508491,U1534,2026-01-18 00:13:00,app_open
EV-508492,U1534,2026-01-18 00:16:00,product_view
EV-508493,U1534,2026-01-18 00:20:00,add_to_cart
EV-508594,U1809,2026-01-18 02:10:00,app_open
EV-508595,U1809,2026-01-18 02:13:00,product_view
EV-508596,U1809,2026-01-18 02:17:00,add_to_cart
EV-507682,U2042,2026-01-18 03:07:00,app_open
EV-507683,U2042,2026-01-18 03:10:00,product_view
EV-507684,U2042,2026-01-18 03:14:00,add_to_cart
EV-507773,U1900,2026-01-18 04:32:00,app_open
EV-507774,U1900,2026-01-18 04:35:00,product_view
EV-507266,U1501,2026-01-18 11:36:00,app_open
EV-507267,U1501,2026-01-18 11:39:00,product_view
EV-507140,U1547,2026-01-18 15:18:00,app_open
EV-507141,U1547,2026-01-18 15:21:00,product_view
EV-507142,U1547,2026-01-18 15:25:00,add_to_cart
EV-507602,U1613,2026-01-18 20:25:00,app_open
EV-507603,U1613,2026-01-18 20:28:00,product_view
EV-507604,U1613,2026-01-18 20:32:00,add_to_cart
EV-505726,U1515,2026-01-18 23:33:00,app_open
EV-500672,U1071,2026-01-18 23:34:00,app_open
EV-504166,U1368,2026-01-18 23:34:00,app_open
EV-500673,U1071,2026-01-18 23:36:00,product_view
EV-505727,U1515,2026-01-18 23:36:00,product_view
EV-505728,U1515,2026-01-18 23:38:00,add_to_cart
EV-504167,U1368,2026-01-18 23:39:00,product_view
EV-500674,U1071,2026-01-18 23:40:00,add_to_cart
EV-505729,U1515,2026-01-18 23:41:00,checkout_start
EV-500675,U1071,2026-01-18 23:43:00,checkout_start
EV-505730,U1515,2026-01-18 23:43:00,payment_success
EV-504168,U1368,2026-01-18 23:44:00,product_view
EV-500676,U1071,2026-01-18 23:45:00,payment_success
EV-504169,U1368,2026-01-18 23:47:00,add_to_cart
EV-504170,U1368,2026-01-18 23:49:00,checkout_start
EV-504171,U1368,2026-01-18 23:51:00,payment_success
EV-508526,U2446,2026-01-19 05:19:00,app_open
EV-508527,U2446,2026-01-19 05:22:00,product_view
EV-508417,U2434,2026-01-19 14:19:00,app_open
EV-508418,U2434,2026-01-19 14:22:00,product_view
EV-508170,U1634,2026-01-19 22:43:00,app_open
EV-508171,U1634,2026-01-19 22:46:00,product_view
EV-508172,U1634,2026-01-19 22:50:00,add_to_cart
EV-503412,U1311,2026-01-19 23:19:00,app_open
EV-500701,U1072,2026-01-19 23:21:00,app_open
EV-503413,U1311,2026-01-19 23:21:00,product_view
EV-505013,U1436,2026-01-19 23:22:00,app_open
EV-500702,U1072,2026-01-19 23:24:00,product_view
EV-503414,U1311,2026-01-19 23:24:00,product_view
EV-505014,U1436,2026-01-19 23:24:00,product_view
EV-503415,U1311,2026-01-19 23:26:00,add_to_cart
EV-501896,U1175,2026-01-19 23:27:00,app_open
EV-505988,U1546,2026-01-19 23:28:00,app_open
EV-500703,U1072,2026-01-19 23:29:00,product_view
EV-501897,U1175,2026-01-19 23:29:00,product_view
EV-503416,U1311,2026-01-19 23:29:00,checkout_start
EV-505015,U1436,2026-01-19 23:29:00,product_view
EV-503417,U1311,2026-01-19 23:31:00,payment_success
EV-500704,U1072,2026-01-19 23:32:00,add_to_cart
EV-505016,U1436,2026-01-19 23:32:00,add_to_cart
EV-501898,U1175,2026-01-19 23:33:00,product_view
EV-505989,U1546,2026-01-19 23:33:00,product_view
EV-500705,U1072,2026-01-19 23:35:00,checkout_start
EV-505017,U1436,2026-01-19 23:35:00,checkout_start
EV-500706,U1072,2026-01-19 23:36:00,payment_success
EV-501899,U1175,2026-01-19 23:36:00,product_view
EV-505018,U1436,2026-01-19 23:36:00,payment_success
EV-505990,U1546,2026-01-19 23:37:00,product_view
EV-501900,U1175,2026-01-19 23:38:00,add_to_cart
EV-504975,U1430,2026-01-19 23:38:00,app_open
EV-500535,U1057,2026-01-19 23:39:00,app_open
EV-501901,U1175,2026-01-19 23:40:00,checkout_start
EV-504023,U1356,2026-01-19 23:40:00,app_open
EV-505991,U1546,2026-01-19 23:40:00,add_to_cart
EV-501902,U1175,2026-01-19 23:42:00,payment_success
EV-504976,U1430,2026-01-19 23:43:00,product_view
EV-505992,U1546,2026-01-19 23:43:00,checkout_start
EV-500536,U1057,2026-01-19 23:44:00,product_view
EV-504024,U1356,2026-01-19 23:44:00,product_view
EV-504977,U1430,2026-01-19 23:45:00,product_view
EV-505993,U1546,2026-01-19 23:45:00,payment_success
EV-500537,U1057,2026-01-19 23:46:00,add_to_cart
EV-504025,U1356,2026-01-19 23:48:00,product_view
EV-500538,U1057,2026-01-19 23:49:00,checkout_start
EV-504978,U1430,2026-01-19 23:49:00,add_to_cart
EV-500539,U1057,2026-01-19 23:50:00,payment_success
EV-501856,U1171,2026-01-19 23:50:00,app_open
EV-504026,U1356,2026-01-19 23:51:00,product_view
EV-501857,U1171,2026-01-19 23:53:00,product_view
EV-504979,U1430,2026-01-19 23:53:00,checkout_start
EV-504980,U1430,2026-01-19 23:54:00,payment_success
EV-504027,U1356,2026-01-19 23:55:00,add_to_cart
EV-501858,U1171,2026-01-19 23:57:00,add_to_cart
EV-504028,U1356,2026-01-19 23:59:00,checkout_start
EV-501859,U1171,2026-01-20 00:00:00,checkout_start
EV-504029,U1356,2026-01-20 00:00:00,payment_success
EV-501860,U1171,2026-01-20 00:01:00,payment_success
EV-508716,U2456,2026-01-20 04:01:00,app_open
EV-508717,U2456,2026-01-20 04:04:00,product_view
EV-508718,U2456,2026-01-20 04:08:00,add_to_cart
EV-507993,U2196,2026-01-20 08:22:00,app_open
EV-507994,U2196,2026-01-20 08:25:00,product_view
EV-508817,U1213,2026-01-20 14:29:00,app_open
EV-508818,U1213,2026-01-20 14:32:00,product_view
EV-507445,U2288,2026-01-20 21:33:00,app_open
EV-507446,U2288,2026-01-20 21:36:00,product_view
EV-507447,U2288,2026-01-20 21:40:00,add_to_cart
EV-503320,U1297,2026-01-20 23:19:00,app_open
EV-505204,U1458,2026-01-20 23:19:00,app_open
EV-500772,U1077,2026-01-20 23:20:00,app_open
EV-506447,U1586,2026-01-20 23:21:00,app_open
EV-500773,U1077,2026-01-20 23:22:00,product_view
EV-505205,U1458,2026-01-20 23:22:00,product_view
EV-503321,U1297,2026-01-20 23:23:00,product_view
EV-500774,U1077,2026-01-20 23:24:00,add_to_cart
EV-506448,U1586,2026-01-20 23:24:00,product_view
EV-501076,U1099,2026-01-20 23:25:00,app_open
EV-500775,U1077,2026-01-20 23:26:00,checkout_start
EV-505206,U1458,2026-01-20 23:27:00,product_view
EV-506449,U1586,2026-01-20 23:27:00,product_view
EV-500776,U1077,2026-01-20 23:28:00,payment_success
EV-501077,U1099,2026-01-20 23:28:00,product_view
EV-503322,U1297,2026-01-20 23:28:00,product_view
EV-503323,U1297,2026-01-20 23:31:00,add_to_cart
EV-506450,U1586,2026-01-20 23:31:00,product_view
EV-501078,U1099,2026-01-20 23:32:00,product_view
EV-505207,U1458,2026-01-20 23:32:00,product_view
EV-503324,U1297,2026-01-20 23:35:00,checkout_start
EV-506451,U1586,2026-01-20 23:35:00,add_to_cart
EV-501079,U1099,2026-01-20 23:36:00,add_to_cart
EV-503325,U1297,2026-01-20 23:36:00,payment_success
EV-504437,U1387,2026-01-20 23:36:00,app_open
EV-505208,U1458,2026-01-20 23:36:00,add_to_cart
EV-504338,U1377,2026-01-20 23:37:00,app_open
EV-506452,U1586,2026-01-20 23:37:00,checkout_start
EV-505082,U1440,2026-01-20 23:38:00,app_open
EV-506453,U1586,2026-01-20 23:38:00,payment_success
EV-501080,U1099,2026-01-20 23:39:00,checkout_start
EV-505209,U1458,2026-01-20 23:39:00,checkout_start
EV-501081,U1099,2026-01-20 23:40:00,payment_success
EV-504438,U1387,2026-01-20 23:41:00,product_view
EV-505083,U1440,2026-01-20 23:41:00,product_view
EV-505210,U1458,2026-01-20 23:41:00,payment_success
EV-504339,U1377,2026-01-20 23:42:00,product_view
EV-500351,U1040,2026-01-20 23:43:00,app_open
EV-504340,U1377,2026-01-20 23:44:00,product_view
EV-500352,U1040,2026-01-20 23:45:00,product_view
EV-504439,U1387,2026-01-20 23:45:00,product_view
EV-504341,U1377,2026-01-20 23:46:00,add_to_cart
EV-505084,U1440,2026-01-20 23:46:00,product_view
EV-504440,U1387,2026-01-20 23:47:00,add_to_cart
EV-500353,U1040,2026-01-20 23:48:00,product_view
EV-504342,U1377,2026-01-20 23:48:00,checkout_start
EV-504343,U1377,2026-01-20 23:50:00,payment_success
EV-505085,U1440,2026-01-20 23:50:00,add_to_cart
EV-504441,U1387,2026-01-20 23:51:00,checkout_start
EV-500354,U1040,2026-01-20 23:52:00,product_view
EV-504442,U1387,2026-01-20 23:52:00,payment_success
EV-505086,U1440,2026-01-20 23:53:00,checkout_start
EV-505087,U1440,2026-01-20 23:55:00,payment_success
EV-500355,U1040,2026-01-20 23:56:00,add_to_cart
EV-500356,U1040,2026-01-21 00:00:00,checkout_start
EV-500357,U1040,2026-01-21 00:02:00,payment_success
EV-507475,U2069,2026-01-21 05:32:00,app_open
EV-507476,U2069,2026-01-21 05:35:00,product_view
EV-507935,U2408,2026-01-21 05:35:00,app_open
EV-507936,U2408,2026-01-21 05:38:00,product_view
EV-508311,U1994,2026-01-21 07:00:00,app_open
EV-508312,U1994,2026-01-21 07:03:00,product_view
EV-507891,U2313,2026-01-21 15:46:00,app_open
EV-507892,U2313,2026-01-21 15:49:00,product_view
EV-508960,U2069,2026-01-21 19:53:00,app_open
EV-508961,U2069,2026-01-21 19:56:00,product_view
EV-507443,U1716,2026-01-21 20:00:00,app_open
EV-507444,U1716,2026-01-21 20:03:00,product_view
EV-508870,U2468,2026-01-21 21:51:00,app_open
EV-508871,U2468,2026-01-21 21:54:00,product_view
EV-508872,U2468,2026-01-21 21:58:00,add_to_cart
EV-507693,U2220,2026-01-21 22:48:00,app_open
EV-507694,U2220,2026-01-21 22:51:00,product_view
EV-501451,U1131,2026-01-21 23:23:00,app_open
EV-501452,U1131,2026-01-21 23:26:00,product_view
EV-501453,U1131,2026-01-21 23:30:00,product_view
EV-503775,U1339,2026-01-21 23:32:00,app_open
EV-501454,U1131,2026-01-21 23:34:00,add_to_cart
EV-503776,U1339,2026-01-21 23:37:00,product_view
EV-501455,U1131,2026-01-21 23:38:00,checkout_start
EV-503777,U1339,2026-01-21 23:39:00,product_view
EV-501456,U1131,2026-01-21 23:40:00,payment_success
EV-503778,U1339,2026-01-21 23:41:00,product_view
EV-506885,U1620,2026-01-21 23:41:00,app_open
EV-506886,U1620,2026-01-21 23:43:00,product_view
EV-503779,U1339,2026-01-21 23:45:00,add_to_cart
EV-506484,U1589,2026-01-21 23:45:00,app_open
EV-506887,U1620,2026-01-21 23:45:00,product_view
EV-506485,U1589,2026-01-21 23:47:00,product_view
EV-503780,U1339,2026-01-21 23:48:00,checkout_start
EV-506888,U1620,2026-01-21 23:49:00,add_to_cart
EV-503781,U1339,2026-01-21 23:50:00,payment_success
EV-506486,U1589,2026-01-21 23:51:00,add_to_cart
EV-506487,U1589,2026-01-21 23:53:00,checkout_start
EV-506889,U1620,2026-01-21 23:53:00,checkout_start
EV-506890,U1620,2026-01-21 23:54:00,payment_success
EV-506488,U1589,2026-01-21 23:55:00,payment_success
EV-507351,U2260,2026-01-22 01:16:00,app_open
EV-507352,U2260,2026-01-22 01:19:00,product_view
EV-507373,U1641,2026-01-22 03:44:00,app_open
EV-507374,U1641,2026-01-22 03:47:00,product_view
EV-508515,U1798,2026-01-22 12:17:00,app_open
EV-508516,U1798,2026-01-22 12:20:00,product_view
EV-507866,U2022,2026-01-22 13:46:00,app_open
EV-507867,U2022,2026-01-22 13:49:00,product_view
EV-508962,U1454,2026-01-22 20:29:00,app_open
EV-508963,U1454,2026-01-22 20:32:00,product_view
EV-506607,U1604,2026-01-22 23:20:00,app_open
EV-502412,U1215,2026-01-22 23:22:00,app_open
EV-506608,U1604,2026-01-22 23:22:00,product_view
EV-502413,U1215,2026-01-22 23:24:00,product_view
EV-506609,U1604,2026-01-22 23:24:00,product_view
EV-500466,U1049,2026-01-22 23:25:00,app_open
EV-506610,U1604,2026-01-22 23:26:00,product_view
EV-500467,U1049,2026-01-22 23:27:00,product_view
EV-502414,U1215,2026-01-22 23:28:00,product_view
EV-503714,U1335,2026-01-22 23:28:00,app_open
EV-500094,U1006,2026-01-22 23:29:00,app_open
EV-504443,U1387,2026-01-22 23:30:00,app_open
EV-506611,U1604,2026-01-22 23:30:00,add_to_cart
EV-502415,U1215,2026-01-22 23:31:00,add_to_cart
EV-500468,U1049,2026-01-22 23:32:00,product_view
EV-503715,U1335,2026-01-22 23:33:00,product_view
EV-506612,U1604,2026-01-22 23:33:00,checkout_start
EV-500095,U1006,2026-01-22 23:34:00,product_view
EV-502416,U1215,2026-01-22 23:34:00,checkout_start
EV-504444,U1387,2026-01-22 23:34:00,product_view
EV-500469,U1049,2026-01-22 23:35:00,add_to_cart
EV-502417,U1215,2026-01-22 23:35:00,payment_success
EV-505891,U1539,2026-01-22 23:35:00,app_open
EV-506613,U1604,2026-01-22 23:35:00,payment_success
EV-500096,U1006,2026-01-22 23:36:00,add_to_cart
EV-503716,U1335,2026-01-22 23:36:00,add_to_cart
EV-500677,U1071,2026-01-22 23:37:00,app_open
EV-500470,U1049,2026-01-22 23:38:00,checkout_start
EV-504445,U1387,2026-01-22 23:38:00,product_view
EV-500471,U1049,2026-01-22 23:39:00,payment_success
EV-500678,U1071,2026-01-22 23:39:00,product_view
EV-503717,U1335,2026-01-22 23:39:00,checkout_start
EV-500097,U1006,2026-01-22 23:40:00,checkout_start
EV-504446,U1387,2026-01-22 23:40:00,add_to_cart
EV-505892,U1539,2026-01-22 23:40:00,product_view
EV-500679,U1071,2026-01-22 23:41:00,product_view
EV-501463,U1132,2026-01-22 23:41:00,app_open
EV-503718,U1335,2026-01-22 23:41:00,payment_success
EV-500098,U1006,2026-01-22 23:42:00,payment_success
EV-505495,U1486,2026-01-22 23:42:00,app_open
EV-505893,U1539,2026-01-22 23:42:00,product_view
EV-501464,U1132,2026-01-22 23:43:00,product_view
EV-500680,U1071,2026-01-22 23:44:00,add_to_cart
EV-504447,U1387,2026-01-22 23:44:00,checkout_start
EV-505496,U1486,2026-01-22 23:44:00,product_view
EV-505894,U1539,2026-01-22 23:45:00,add_to_cart
EV-501465,U1132,2026-01-22 23:46:00,product_view
EV-504448,U1387,2026-01-22 23:46:00,payment_success
EV-505895,U1539,2026-01-22 23:47:00,checkout_start
EV-500681,U1071,2026-01-22 23:48:00,checkout_start
EV-505497,U1486,2026-01-22 23:48:00,add_to_cart
EV-500682,U1071,2026-01-22 23:49:00,payment_success
EV-505896,U1539,2026-01-22 23:49:00,payment_success
EV-501466,U1132,2026-01-22 23:50:00,add_to_cart
EV-505498,U1486,2026-01-22 23:51:00,checkout_start
EV-505499,U1486,2026-01-22 23:52:00,payment_success
EV-501467,U1132,2026-01-22 23:54:00,checkout_start
EV-501468,U1132,2026-01-22 23:55:00,payment_success
EV-508082,U1187,2026-01-23 03:10:00,app_open
EV-508083,U1187,2026-01-23 03:13:00,product_view
EV-508624,U1537,2026-01-23 06:20:00,app_open
EV-508625,U1537,2026-01-23 06:23:00,product_view
EV-508530,U2268,2026-01-23 11:48:00,app_open
EV-508531,U2268,2026-01-23 11:51:00,product_view
EV-508438,U2345,2026-01-23 12:04:00,app_open
EV-508439,U2345,2026-01-23 12:07:00,product_view
EV-508015,U1943,2026-01-23 18:33:00,app_open
EV-508016,U1943,2026-01-23 18:36:00,product_view
EV-508433,U2107,2026-01-23 20:20:00,app_open
EV-508434,U2107,2026-01-23 20:23:00,product_view
EV-508435,U2107,2026-01-23 20:27:00,add_to_cart
EV-508813,U2275,2026-01-23 21:19:00,app_open
EV-508814,U2275,2026-01-23 21:22:00,product_view
EV-508638,U2386,2026-01-23 21:32:00,app_open
EV-508639,U2386,2026-01-23 21:35:00,product_view
EV-502346,U1208,2026-01-23 23:24:00,app_open
EV-505807,U1528,2026-01-23 23:25:00,app_open
EV-505808,U1528,2026-01-23 23:28:00,product_view
EV-502347,U1208,2026-01-23 23:29:00,product_view
EV-503278,U1290,2026-01-23 23:30:00,app_open
EV-505809,U1528,2026-01-23 23:31:00,product_view
EV-500540,U1057,2026-01-23 23:33:00,app_open
EV-502348,U1208,2026-01-23 23:33:00,product_view
EV-503279,U1290,2026-01-23 23:34:00,product_view
EV-500541,U1057,2026-01-23 23:35:00,product_view
EV-502349,U1208,2026-01-23 23:36:00,add_to_cart
EV-505810,U1528,2026-01-23 23:36:00,product_view
EV-503280,U1290,2026-01-23 23:38:00,add_to_cart
EV-500542,U1057,2026-01-23 23:39:00,product_view
EV-502350,U1208,2026-01-23 23:39:00,checkout_start
EV-503281,U1290,2026-01-23 23:40:00,checkout_start
EV-505811,U1528,2026-01-23 23:40:00,add_to_cart
EV-506578,U1598,2026-01-23 23:40:00,app_open
EV-502351,U1208,2026-01-23 23:41:00,payment_success
EV-503282,U1290,2026-01-23 23:41:00,payment_success
EV-505913,U1542,2026-01-23 23:41:00,app_open
EV-505812,U1528,2026-01-23 23:42:00,checkout_start
EV-500543,U1057,2026-01-23 23:43:00,add_to_cart
EV-505813,U1528,2026-01-23 23:43:00,payment_success
EV-506579,U1598,2026-01-23 23:43:00,product_view
EV-505914,U1542,2026-01-23 23:46:00,product_view
EV-500544,U1057,2026-01-23 23:47:00,checkout_start
EV-505500,U1486,2026-01-23 23:47:00,app_open
EV-500545,U1057,2026-01-23 23:48:00,payment_success
EV-505915,U1542,2026-01-23 23:48:00,add_to_cart
EV-506580,U1598,2026-01-23 23:48:00,product_view
EV-505501,U1486,2026-01-23 23:50:00,product_view
EV-505916,U1542,2026-01-23 23:50:00,checkout_start
EV-506581,U1598,2026-01-23 23:50:00,add_to_cart
EV-505917,U1542,2026-01-23 23:51:00,payment_success
EV-505502,U1486,2026-01-23 23:54:00,add_to_cart
EV-506582,U1598,2026-01-23 23:54:00,checkout_start
EV-505503,U1486,2026-01-23 23:56:00,checkout_start
EV-505504,U1486,2026-01-23 23:57:00,payment_success
EV-508407,U1056,2026-01-24 02:26:00,app_open
EV-508408,U1056,2026-01-24 02:29:00,product_view
EV-508409,U1056,2026-01-24 02:33:00,add_to_cart
EV-507857,U1929,2026-01-24 08:33:00,app_open
EV-507858,U1929,2026-01-24 08:36:00,product_view
EV-507667,U2277,2026-01-24 08:38:00,app_open
EV-507859,U1929,2026-01-24 08:40:00,add_to_cart
EV-507668,U2277,2026-01-24 08:41:00,product_view
EV-508506,U1314,2026-01-24 14:54:00,app_open
EV-508507,U1314,2026-01-24 14:57:00,product_view
EV-507176,U1533,2026-01-24 15:42:00,app_open
EV-507177,U1533,2026-01-24 15:45:00,product_view
EV-507178,U1533,2026-01-24 15:49:00,add_to_cart
EV-507528,U1558,2026-01-24 20:01:00,app_open
EV-507529,U1558,2026-01-24 20:04:00,product_view
EV-507530,U1558,2026-01-24 20:08:00,add_to_cart
EV-508337,U2334,2026-01-24 22:32:00,app_open
EV-508338,U2334,2026-01-24 22:35:00,product_view
EV-503719,U1335,2026-01-24 23:17:00,app_open
EV-503720,U1335,2026-01-24 23:20:00,product_view
EV-506334,U1576,2026-01-24 23:22:00,app_open
EV-506335,U1576,2026-01-24 23:24:00,product_view
EV-503721,U1335,2026-01-24 23:25:00,product_view
EV-506336,U1576,2026-01-24 23:27:00,product_view
EV-503722,U1335,2026-01-24 23:28:00,add_to_cart
EV-503723,U1335,2026-01-24 23:31:00,checkout_start
EV-503724,U1335,2026-01-24 23:32:00,payment_success
EV-506337,U1576,2026-01-24 23:32:00,product_view
EV-501420,U1128,2026-01-24 23:34:00,app_open
EV-506338,U1576,2026-01-24 23:35:00,add_to_cart
EV-501421,U1128,2026-01-24 23:36:00,product_view
EV-506339,U1576,2026-01-24 23:39:00,checkout_start
EV-506340,U1576,2026-01-24 23:40:00,payment_success
EV-501422,U1128,2026-01-24 23:41:00,product_view
EV-505178,U1454,2026-01-24 23:42:00,app_open
EV-501423,U1128,2026-01-24 23:45:00,product_view
EV-501424,U1128,2026-01-24 23:47:00,add_to_cart
EV-505179,U1454,2026-01-24 23:47:00,product_view
EV-502384,U1213,2026-01-24 23:50:00,app_open
EV-505180,U1454,2026-01-24 23:50:00,product_view
EV-501425,U1128,2026-01-24 23:51:00,checkout_start
EV-501426,U1128,2026-01-24 23:52:00,payment_success
EV-505181,U1454,2026-01-24 23:53:00,product_view
EV-502385,U1213,2026-01-24 23:55:00,product_view
EV-505182,U1454,2026-01-24 23:56:00,add_to_cart
EV-502386,U1213,2026-01-24 23:59:00,add_to_cart
EV-505183,U1454,2026-01-24 23:59:00,checkout_start
EV-505184,U1454,2026-01-25 00:00:00,payment_success
EV-502387,U1213,2026-01-25 00:01:00,checkout_start
EV-502388,U1213,2026-01-25 00:02:00,payment_success
EV-508849,U1462,2026-01-25 04:10:00,app_open
EV-508850,U1462,2026-01-25 04:13:00,product_view
EV-507764,U2064,2026-01-25 11:13:00,app_open
EV-507765,U2064,2026-01-25 11:16:00,product_view
EV-507766,U2064,2026-01-25 11:20:00,add_to_cart
EV-508237,U2332,2026-01-25 12:42:00,app_open
EV-508238,U2332,2026-01-25 12:45:00,product_view
EV-507322,U1442,2026-01-25 14:21:00,app_open
EV-507323,U1442,2026-01-25 14:24:00,product_view
EV-507091,U1416,2026-01-25 14:41:00,app_open
EV-507092,U1416,2026-01-25 14:44:00,product_view
EV-507840,U2497,2026-01-25 16:19:00,app_open
EV-507841,U2497,2026-01-25 16:22:00,product_view
EV-507655,U2125,2026-01-25 20:03:00,app_open
EV-507656,U2125,2026-01-25 20:06:00,product_view
EV-507388,U2413,2026-01-25 22:05:00,app_open
EV-507389,U2413,2026-01-25 22:08:00,product_view
EV-505565,U1492,2026-01-25 23:18:00,app_open
EV-505566,U1492,2026-01-25 23:22:00,product_view
EV-506454,U1586,2026-01-25 23:22:00,app_open
EV-503326,U1297,2026-01-25 23:23:00,app_open
EV-500524,U1056,2026-01-25 23:25:00,app_open
EV-503327,U1297,2026-01-25 23:26:00,product_view
EV-505567,U1492,2026-01-25 23:27:00,product_view
EV-506455,U1586,2026-01-25 23:27:00,product_view
EV-500525,U1056,2026-01-25 23:28:00,product_view
EV-503328,U1297,2026-01-25 23:28:00,add_to_cart
EV-505568,U1492,2026-01-25 23:29:00,add_to_cart
EV-503329,U1297,2026-01-25 23:31:00,checkout_start
EV-506456,U1586,2026-01-25 23:31:00,product_view
EV-505569,U1492,2026-01-25 23:32:00,checkout_start
EV-500526,U1056,2026-01-25 23:33:00,product_view
EV-503330,U1297,2026-01-25 23:33:00,payment_success
EV-505570,U1492,2026-01-25 23:33:00,payment_success
EV-506457,U1586,2026-01-25 23:33:00,add_to_cart
EV-500527,U1056,2026-01-25 23:37:00,add_to_cart
EV-506458,U1586,2026-01-25 23:37:00,checkout_start
EV-506459,U1586,2026-01-25 23:38:00,payment_success
EV-500683,U1071,2026-01-25 23:40:00,app_open
EV-500528,U1056,2026-01-25 23:41:00,checkout_start
EV-500529,U1056,2026-01-25 23:42:00,payment_success
EV-500684,U1071,2026-01-25 23:42:00,product_view
EV-500685,U1071,2026-01-25 23:47:00,product_view
EV-500686,U1071,2026-01-25 23:52:00,product_view
EV-500687,U1071,2026-01-25 23:55:00,add_to_cart
EV-500688,U1071,2026-01-25 23:59:00,checkout_start
EV-500689,U1071,2026-01-26 00:00:00,payment_success
EV-507328,U1741,2026-01-26 00:53:00,app_open
EV-507329,U1741,2026-01-26 00:56:00,product_view
EV-508382,U1097,2026-01-26 03:58:00,app_open
EV-508383,U1097,2026-01-26 04:01:00,product_view
EV-508923,U2412,2026-01-26 05:35:00,app_open
EV-508924,U2412,2026-01-26 05:38:00,product_view
EV-507909,U1418,2026-01-26 06:00:00,app_open
EV-507910,U1418,2026-01-26 06:03:00,product_view
EV-507911,U1418,2026-01-26 06:07:00,add_to_cart
EV-508099,U1370,2026-01-26 06:29:00,app_open
EV-508100,U1370,2026-01-26 06:32:00,product_view
EV-508101,U1370,2026-01-26 06:36:00,add_to_cart
EV-507827,U2123,2026-01-26 18:18:00,app_open
EV-507828,U2123,2026-01-26 18:21:00,product_view
EV-508683,U2375,2026-01-26 20:09:00,app_open
EV-508684,U2375,2026-01-26 20:12:00,product_view
EV-508685,U2375,2026-01-26 20:16:00,add_to_cart
EV-505019,U1436,2026-01-26 23:18:00,app_open
EV-504356,U1379,2026-01-26 23:21:00,app_open
EV-504981,U1430,2026-01-26 23:22:00,app_open
EV-504357,U1379,2026-01-26 23:23:00,product_view
EV-505020,U1436,2026-01-26 23:23:00,product_view
EV-500637,U1066,2026-01-26 23:24:00,app_open
EV-503634,U1329,2026-01-26 23:24:00,app_open
EV-503635,U1329,2026-01-26 23:26:00,product_view
EV-504358,U1379,2026-01-26 23:26:00,add_to_cart
EV-500638,U1066,2026-01-26 23:27:00,product_view
EV-504982,U1430,2026-01-26 23:27:00,product_view
EV-505021,U1436,2026-01-26 23:27:00,product_view
EV-503636,U1329,2026-01-26 23:29:00,add_to_cart
EV-504359,U1379,2026-01-26 23:29:00,checkout_start
EV-500639,U1066,2026-01-26 23:30:00,product_view
EV-504983,U1430,2026-01-26 23:31:00,product_view
EV-505022,U1436,2026-01-26 23:31:00,product_view
EV-500640,U1066,2026-01-26 23:32:00,product_view
EV-503637,U1329,2026-01-26 23:32:00,checkout_start
EV-503638,U1329,2026-01-26 23:33:00,payment_success
EV-504984,U1430,2026-01-26 23:34:00,add_to_cart
EV-508429,U2073,2026-01-26 23:34:00,app_open
EV-500203,U1026,2026-01-26 23:35:00,app_open
EV-505023,U1436,2026-01-26 23:35:00,add_to_cart
EV-500641,U1066,2026-01-26 23:36:00,add_to_cart
EV-501711,U1152,2026-01-26 23:36:00,app_open
EV-502211,U1202,2026-01-26 23:37:00,app_open
EV-508430,U2073,2026-01-26 23:37:00,product_view
EV-501712,U1152,2026-01-26 23:38:00,product_view
EV-504985,U1430,2026-01-26 23:38:00,checkout_start
EV-500204,U1026,2026-01-26 23:39:00,product_view
EV-500642,U1066,2026-01-26 23:39:00,checkout_start
EV-505024,U1436,2026-01-26 23:39:00,checkout_start
EV-500643,U1066,2026-01-26 23:40:00,payment_success
EV-504986,U1430,2026-01-26 23:40:00,payment_success
EV-500205,U1026,2026-01-26 23:41:00,product_view
EV-506110,U1556,2026-01-26 23:41:00,app_open
EV-501713,U1152,2026-01-26 23:42:00,product_view
EV-502212,U1202,2026-01-26 23:42:00,product_view
EV-500206,U1026,2026-01-26 23:43:00,product_view
EV-503782,U1339,2026-01-26 23:43:00,app_open
EV-506111,U1556,2026-01-26 23:43:00,product_view
EV-501714,U1152,2026-01-26 23:45:00,product_view
EV-502213,U1202,2026-01-26 23:45:00,product_view
EV-506112,U1556,2026-01-26 23:45:00,add_to_cart
EV-500207,U1026,2026-01-26 23:47:00,add_to_cart
EV-503213,U1285,2026-01-26 23:47:00,app_open
EV-506113,U1556,2026-01-26 23:47:00,checkout_start
EV-500530,U1056,2026-01-26 23:48:00,app_open
EV-501715,U1152,2026-01-26 23:48:00,add_to_cart
EV-503783,U1339,2026-01-26 23:48:00,product_view
EV-506114,U1556,2026-01-26 23:48:00,payment_success
EV-500208,U1026,2026-01-26 23:50:00,checkout_start
EV-502214,U1202,2026-01-26 23:50:00,product_view
EV-500209,U1026,2026-01-26 23:51:00,payment_success
EV-501716,U1152,2026-01-26 23:51:00,checkout_start
EV-500531,U1056,2026-01-26 23:52:00,product_view
EV-502215,U1202,2026-01-26 23:52:00,add_to_cart
EV-503214,U1285,2026-01-26 23:52:00,product_view
EV-503784,U1339,2026-01-26 23:52:00,add_to_cart
EV-501717,U1152,2026-01-26 23:53:00,payment_success
EV-500532,U1056,2026-01-26 23:54:00,product_view
EV-503785,U1339,2026-01-26 23:54:00,checkout_start
EV-502216,U1202,2026-01-26 23:55:00,checkout_start
EV-503786,U1339,2026-01-26 23:55:00,payment_success
EV-500533,U1056,2026-01-26 23:56:00,add_to_cart
EV-502217,U1202,2026-01-26 23:57:00,payment_success
EV-503215,U1285,2026-01-26 23:57:00,product_view
EV-500534,U1056,2026-01-26 23:58:00,checkout_start
EV-503216,U1285,2026-01-27 00:01:00,add_to_cart
EV-503217,U1285,2026-01-27 00:05:00,checkout_start
EV-503218,U1285,2026-01-27 00:07:00,payment_success
EV-508958,U2230,2026-01-27 04:17:00,app_open
EV-508959,U2230,2026-01-27 04:20:00,product_view
EV-507515,U1304,2026-01-27 04:43:00,app_open
EV-507516,U1304,2026-01-27 04:46:00,product_view
EV-507517,U1304,2026-01-27 04:50:00,add_to_cart
EV-507377,U1791,2026-01-27 07:16:00,app_open
EV-507378,U1791,2026-01-27 07:19:00,product_view
EV-507379,U1791,2026-01-27 07:23:00,add_to_cart
EV-507485,U1924,2026-01-27 10:48:00,app_open
EV-507486,U1924,2026-01-27 10:51:00,product_view
EV-508519,U2355,2026-01-27 14:14:00,app_open
EV-508520,U2355,2026-01-27 14:17:00,product_view
EV-508889,U1774,2026-01-27 20:13:00,app_open
EV-508890,U1774,2026-01-27 20:16:00,product_view
EV-508891,U1774,2026-01-27 20:20:00,add_to_cart
EV-508304,U1547,2026-01-27 20:21:00,app_open
EV-508305,U1547,2026-01-27 20:24:00,product_view
EV-507788,U2182,2026-01-27 20:50:00,app_open
EV-507789,U2182,2026-01-27 20:53:00,product_view
EV-507810,U1203,2026-01-27 21:41:00,app_open
EV-507811,U1203,2026-01-27 21:44:00,product_view
EV-503817,U1342,2026-01-27 23:25:00,app_open
EV-503818,U1342,2026-01-27 23:29:00,product_view
EV-503819,U1342,2026-01-27 23:32:00,product_view
EV-500690,U1071,2026-01-27 23:34:00,app_open
EV-503820,U1342,2026-01-27 23:34:00,add_to_cart
EV-500691,U1071,2026-01-27 23:37:00,product_view
EV-503821,U1342,2026-01-27 23:38:00,checkout_start
EV-500692,U1071,2026-01-27 23:39:00,add_to_cart
EV-503822,U1342,2026-01-27 23:40:00,payment_success
EV-500693,U1071,2026-01-27 23:42:00,checkout_start
EV-500694,U1071,2026-01-27 23:44:00,payment_success
EV-502531,U1222,2026-01-27 23:48:00,app_open
EV-502532,U1222,2026-01-27 23:52:00,product_view
EV-502533,U1222,2026-01-27 23:55:00,product_view
EV-502534,U1222,2026-01-27 23:58:00,add_to_cart
EV-502535,U1222,2026-01-28 00:02:00,checkout_start
EV-508478,U2417,2026-01-28 04:29:00,app_open
EV-508479,U2417,2026-01-28 04:32:00,product_view
EV-508658,U2195,2026-01-28 06:05:00,app_open
EV-508659,U2195,2026-01-28 06:08:00,product_view
EV-508660,U2195,2026-01-28 06:12:00,add_to_cart
EV-508695,U1102,2026-01-28 08:27:00,app_open
EV-508696,U1102,2026-01-28 08:30:00,product_view
EV-507226,U1237,2026-01-28 11:27:00,app_open
EV-507227,U1237,2026-01-28 11:30:00,product_view
EV-507228,U1237,2026-01-28 11:34:00,add_to_cart
EV-507186,U1178,2026-01-28 15:31:00,app_open
EV-507187,U1178,2026-01-28 15:34:00,product_view
EV-507188,U1178,2026-01-28 15:38:00,add_to_cart
EV-508425,U1847,2026-01-28 19:55:00,app_open
EV-508426,U1847,2026-01-28 19:58:00,product_view
EV-507535,U1959,2026-01-28 20:45:00,app_open
EV-507536,U1959,2026-01-28 20:48:00,product_view
EV-507537,U1959,2026-01-28 20:52:00,add_to_cart
EV-504190,U1370,2026-01-28 23:16:00,app_open
EV-504191,U1370,2026-01-28 23:20:00,product_view
EV-504192,U1370,2026-01-28 23:23:00,product_view
EV-504193,U1370,2026-01-28 23:27:00,add_to_cart
EV-505625,U1502,2026-01-28 23:28:00,app_open
EV-505626,U1502,2026-01-28 23:30:00,product_view
EV-504194,U1370,2026-01-28 23:31:00,checkout_start
EV-504195,U1370,2026-01-28 23:32:00,payment_success
EV-505627,U1502,2026-01-28 23:34:00,add_to_cart
EV-506506,U1592,2026-01-28 23:35:00,app_open
EV-505628,U1502,2026-01-28 23:37:00,checkout_start
EV-505629,U1502,2026-01-28 23:38:00,payment_success
EV-506507,U1592,2026-01-28 23:39:00,product_view
EV-506508,U1592,2026-01-28 23:42:00,product_view
EV-506509,U1592,2026-01-28 23:44:00,add_to_cart
EV-506510,U1592,2026-01-28 23:48:00,checkout_start
EV-506511,U1592,2026-01-28 23:49:00,payment_success
EV-506614,U1604,2026-01-28 23:50:00,app_open
EV-506615,U1604,2026-01-28 23:52:00,product_view
EV-506616,U1604,2026-01-28 23:54:00,add_to_cart
EV-506617,U1604,2026-01-28 23:58:00,checkout_start
EV-506618,U1604,2026-01-29 00:00:00,payment_success
EV-508797,U2424,2026-01-29 01:20:00,app_open
EV-508798,U2424,2026-01-29 01:23:00,product_view
EV-507650,U2256,2026-01-29 01:45:00,app_open
EV-507651,U2256,2026-01-29 01:48:00,product_view
EV-507652,U2256,2026-01-29 01:52:00,add_to_cart
EV-507887,U2347,2026-01-29 02:43:00,app_open
EV-507888,U2347,2026-01-29 02:46:00,product_view
EV-508622,U2271,2026-01-29 04:20:00,app_open
EV-508623,U2271,2026-01-29 04:23:00,product_view
EV-508017,U1978,2026-01-29 05:08:00,app_open
EV-508018,U1978,2026-01-29 05:11:00,product_view
EV-507332,U1553,2026-01-29 14:06:00,app_open
EV-507333,U1553,2026-01-29 14:09:00,product_view
EV-507305,U2385,2026-01-29 14:19:00,app_open
EV-507306,U2385,2026-01-29 14:22:00,product_view
EV-508597,U1617,2026-01-29 16:01:00,app_open
EV-508598,U1617,2026-01-29 16:04:00,product_view
EV-508402,U2118,2026-01-29 16:24:00,app_open
EV-508403,U2118,2026-01-29 16:27:00,product_view
EV-508064,U2027,2026-01-29 18:30:00,app_open
EV-508065,U2027,2026-01-29 18:33:00,product_view
EV-508066,U2027,2026-01-29 18:37:00,add_to_cart
EV-503336,U1299,2026-01-29 23:31:00,app_open
EV-503337,U1299,2026-01-29 23:35:00,product_view
EV-503467,U1318,2026-01-29 23:37:00,app_open
EV-503338,U1299,2026-01-29 23:38:00,product_view
EV-500122,U1015,2026-01-29 23:39:00,app_open
EV-503468,U1318,2026-01-29 23:39:00,product_view
EV-503639,U1329,2026-01-29 23:39:00,app_open
EV-505866,U1537,2026-01-29 23:41:00,app_open
EV-503339,U1299,2026-01-29 23:42:00,add_to_cart
EV-500123,U1015,2026-01-29 23:43:00,product_view
EV-503469,U1318,2026-01-29 23:43:00,product_view
EV-503640,U1329,2026-01-29 23:43:00,product_view
EV-505867,U1537,2026-01-29 23:44:00,product_view
EV-503340,U1299,2026-01-29 23:45:00,checkout_start
EV-503641,U1329,2026-01-29 23:45:00,product_view
EV-504217,U1371,2026-01-29 23:45:00,app_open
EV-500124,U1015,2026-01-29 23:46:00,product_view
EV-503341,U1299,2026-01-29 23:46:00,payment_success
EV-506694,U1606,2026-01-29 23:46:00,app_open
EV-503470,U1318,2026-01-29 23:47:00,product_view
EV-500125,U1015,2026-01-29 23:48:00,product_view
EV-505868,U1537,2026-01-29 23:48:00,add_to_cart
EV-503642,U1329,2026-01-29 23:49:00,add_to_cart
EV-504218,U1371,2026-01-29 23:49:00,product_view
EV-506695,U1606,2026-01-29 23:49:00,product_view
EV-503471,U1318,2026-01-29 23:51:00,add_to_cart
EV-503643,U1329,2026-01-29 23:51:00,checkout_start
EV-505869,U1537,2026-01-29 23:51:00,checkout_start
EV-500126,U1015,2026-01-29 23:52:00,add_to_cart
EV-503644,U1329,2026-01-29 23:53:00,payment_success
EV-504219,U1371,2026-01-29 23:53:00,add_to_cart
EV-506696,U1606,2026-01-29 23:53:00,product_view
EV-500127,U1015,2026-01-29 23:54:00,checkout_start
EV-503472,U1318,2026-01-29 23:55:00,checkout_start
EV-504220,U1371,2026-01-29 23:55:00,checkout_start
EV-506697,U1606,2026-01-29 23:55:00,add_to_cart
EV-503473,U1318,2026-01-29 23:57:00,payment_success
EV-504221,U1371,2026-01-29 23:57:00,payment_success
EV-506698,U1606,2026-01-29 23:57:00,checkout_start
EV-508254,U1239,2026-01-30 05:45:00,app_open
EV-508255,U1239,2026-01-30 05:48:00,product_view
EV-507191,U2096,2026-01-30 12:18:00,app_open
EV-507192,U2096,2026-01-30 12:21:00,product_view
EV-507767,U2363,2026-01-30 13:55:00,app_open
EV-507768,U2363,2026-01-30 13:58:00,product_view
EV-508535,U1827,2026-01-30 18:57:00,app_open
EV-508536,U1827,2026-01-30 19:00:00,product_view
EV-508537,U1827,2026-01-30 19:04:00,add_to_cart
EV-508118,U1653,2026-01-30 20:56:00,app_open
EV-508119,U1653,2026-01-30 20:59:00,product_view
EV-508459,U1329,2026-01-30 22:02:00,app_open
EV-508460,U1329,2026-01-30 22:05:00,product_view
EV-508461,U1329,2026-01-30 22:09:00,add_to_cart
EV-500179,U1022,2026-01-30 23:19:00,app_open
EV-500180,U1022,2026-01-30 23:23:00,product_view
EV-506583,U1598,2026-01-30 23:27:00,app_open
EV-500181,U1022,2026-01-30 23:28:00,product_view
EV-500182,U1022,2026-01-30 23:30:00,product_view
EV-506584,U1598,2026-01-30 23:30:00,product_view
EV-500183,U1022,2026-01-30 23:32:00,add_to_cart
EV-506585,U1598,2026-01-30 23:33:00,add_to_cart
EV-506586,U1598,2026-01-30 23:35:00,checkout_start
EV-500184,U1022,2026-01-30 23:36:00,checkout_start
EV-506587,U1598,2026-01-30 23:36:00,payment_success
EV-506172,U1561,2026-01-30 23:37:00,app_open
EV-500185,U1022,2026-01-30 23:38:00,payment_success
EV-506173,U1561,2026-01-30 23:40:00,product_view
EV-506174,U1561,2026-01-30 23:44:00,product_view
EV-503181,U1283,2026-01-30 23:45:00,app_open
EV-506175,U1561,2026-01-30 23:46:00,add_to_cart
EV-503182,U1283,2026-01-30 23:47:00,product_view
EV-506176,U1561,2026-01-30 23:48:00,checkout_start
EV-506177,U1561,2026-01-30 23:49:00,payment_success
EV-503787,U1339,2026-01-30 23:50:00,app_open
EV-503183,U1283,2026-01-30 23:52:00,product_view
EV-503184,U1283,2026-01-30 23:55:00,add_to_cart
EV-503788,U1339,2026-01-30 23:55:00,product_view
EV-503185,U1283,2026-01-30 23:58:00,checkout_start
EV-503186,U1283,2026-01-30 23:59:00,payment_success
EV-503789,U1339,2026-01-31 00:00:00,product_view
EV-503790,U1339,2026-01-31 00:03:00,add_to_cart
EV-503791,U1339,2026-01-31 00:07:00,checkout_start
EV-503792,U1339,2026-01-31 00:09:00,payment_success
EV-507581,U1505,2026-01-31 21:38:00,app_open
EV-507582,U1505,2026-01-31 21:41:00,product_view
EV-507583,U1505,2026-01-31 21:45:00,add_to_cart
EV-508907,U2145,2026-01-31 23:00:00,app_open
EV-508908,U2145,2026-01-31 23:03:00,product_view
EV-508909,U2145,2026-01-31 23:07:00,add_to_cart
EV-502096,U1190,2026-01-31 23:25:00,app_open
EV-502097,U1190,2026-01-31 23:29:00,product_view
EV-502676,U1239,2026-01-31 23:31:00,app_open
EV-502098,U1190,2026-01-31 23:34:00,product_view
EV-503974,U1353,2026-01-31 23:34:00,app_open
EV-502677,U1239,2026-01-31 23:35:00,product_view
EV-502099,U1190,2026-01-31 23:36:00,product_view
EV-503975,U1353,2026-01-31 23:36:00,product_view
EV-502678,U1239,2026-01-31 23:38:00,product_view
EV-503976,U1353,2026-01-31 23:38:00,product_view
EV-502100,U1190,2026-01-31 23:40:00,add_to_cart
EV-506429,U1585,2026-01-31 23:41:00,app_open
EV-503977,U1353,2026-01-31 23:42:00,product_view
EV-502101,U1190,2026-01-31 23:43:00,checkout_start
EV-502679,U1239,2026-01-31 23:43:00,product_view
EV-506430,U1585,2026-01-31 23:43:00,product_view
EV-502102,U1190,2026-01-31 23:45:00,payment_success
EV-503978,U1353,2026-01-31 23:45:00,add_to_cart
EV-505571,U1493,2026-01-31 23:45:00,app_open
EV-502680,U1239,2026-01-31 23:47:00,add_to_cart
EV-506431,U1585,2026-01-31 23:47:00,add_to_cart
EV-500186,U1022,2026-01-31 23:49:00,app_open
EV-501903,U1175,2026-01-31 23:49:00,app_open
EV-502681,U1239,2026-01-31 23:49:00,checkout_start
EV-503979,U1353,2026-01-31 23:49:00,checkout_start
EV-505572,U1493,2026-01-31 23:49:00,product_view
EV-502682,U1239,2026-01-31 23:50:00,payment_success
EV-500187,U1022,2026-01-31 23:51:00,product_view
EV-501904,U1175,2026-01-31 23:51:00,product_view
EV-505573,U1493,2026-01-31 23:51:00,product_view
EV-506432,U1585,2026-01-31 23:51:00,checkout_start
EV-506433,U1585,2026-01-31 23:52:00,payment_success
EV-500188,U1022,2026-01-31 23:53:00,add_to_cart
EV-505574,U1493,2026-01-31 23:53:00,product_view
EV-501905,U1175,2026-01-31 23:54:00,product_view
EV-505575,U1493,2026-01-31 23:56:00,add_to_cart
EV-500189,U1022,2026-01-31 23:57:00,checkout_start
EV-500190,U1022,2026-01-31 23:58:00,payment_success
EV-501906,U1175,2026-01-31 23:58:00,add_to_cart
EV-505576,U1493,2026-02-01 00:00:00,checkout_start
EV-501907,U1175,2026-02-01 00:01:00,checkout_start
EV-505577,U1493,2026-02-01 00:02:00,payment_success
EV-501908,U1175,2026-02-01 00:03:00,payment_success
EV-508207,U1175,2026-02-01 04:41:00,app_open
EV-508208,U1175,2026-02-01 04:44:00,product_view
EV-507695,U2234,2026-02-01 10:57:00,app_open
EV-507696,U2234,2026-02-01 11:00:00,product_view
EV-508726,U2111,2026-02-01 16:24:00,app_open
EV-508727,U2111,2026-02-01 16:27:00,product_view
EV-508133,U1487,2026-02-01 20:34:00,app_open
EV-508134,U1487,2026-02-01 20:37:00,product_view
EV-508248,U1154,2026-02-01 20:57:00,app_open
EV-508249,U1154,2026-02-01 21:00:00,product_view
EV-508250,U1154,2026-02-01 21:04:00,add_to_cart
EV-500560,U1058,2026-02-01 23:19:00,app_open
EV-500561,U1058,2026-02-01 23:22:00,product_view
EV-500562,U1058,2026-02-01 23:27:00,product_view
EV-500563,U1058,2026-02-01 23:31:00,add_to_cart
EV-504425,U1386,2026-02-01 23:32:00,app_open
EV-504426,U1386,2026-02-01 23:34:00,product_view
EV-500564,U1058,2026-02-01 23:35:00,checkout_start
EV-504427,U1386,2026-02-01 23:36:00,add_to_cart
EV-500565,U1058,2026-02-01 23:37:00,payment_success
EV-504428,U1386,2026-02-01 23:40:00,checkout_start
EV-504429,U1386,2026-02-01 23:42:00,payment_success
EV-506588,U1600,2026-02-01 23:44:00,app_open
EV-501336,U1124,2026-02-01 23:47:00,app_open
EV-506589,U1600,2026-02-01 23:49:00,product_view
EV-501337,U1124,2026-02-01 23:51:00,product_view
EV-506590,U1600,2026-02-01 23:53:00,product_view
EV-501338,U1124,2026-02-01 23:54:00,product_view
EV-506591,U1600,2026-02-01 23:55:00,add_to_cart
EV-501339,U1124,2026-02-01 23:59:00,product_view
EV-506592,U1600,2026-02-01 23:59:00,checkout_start
EV-506593,U1600,2026-02-02 00:00:00,payment_success
EV-501340,U1124,2026-02-02 00:02:00,add_to_cart
EV-501341,U1124,2026-02-02 00:04:00,checkout_start
EV-501342,U1124,2026-02-02 00:06:00,payment_success
EV-507691,U1364,2026-02-02 00:20:00,app_open
EV-507692,U1364,2026-02-02 00:23:00,product_view
EV-507568,U1437,2026-02-02 01:02:00,app_open
EV-507569,U1437,2026-02-02 01:05:00,product_view
EV-508265,U2185,2026-02-02 20:01:00,app_open
EV-508266,U2185,2026-02-02 20:04:00,product_view
EV-508267,U2185,2026-02-02 20:08:00,add_to_cart
EV-501878,U1173,2026-02-02 23:22:00,app_open
EV-501879,U1173,2026-02-02 23:26:00,product_view
EV-502647,U1234,2026-02-02 23:28:00,app_open
EV-501880,U1173,2026-02-02 23:29:00,product_view
EV-502648,U1234,2026-02-02 23:30:00,product_view
EV-501881,U1173,2026-02-02 23:32:00,product_view
EV-502649,U1234,2026-02-02 23:34:00,add_to_cart
EV-506619,U1604,2026-02-02 23:35:00,app_open
EV-501882,U1173,2026-02-02 23:36:00,add_to_cart
EV-502650,U1234,2026-02-02 23:36:00,checkout_start
EV-502651,U1234,2026-02-02 23:37:00,payment_success
EV-501883,U1173,2026-02-02 23:38:00,checkout_start
EV-506620,U1604,2026-02-02 23:38:00,product_view
EV-506621,U1604,2026-02-02 23:41:00,add_to_cart
EV-506210,U1564,2026-02-02 23:42:00,app_open
EV-506622,U1604,2026-02-02 23:43:00,checkout_start
EV-506211,U1564,2026-02-02 23:46:00,product_view
EV-500358,U1040,2026-02-02 23:48:00,app_open
EV-500359,U1040,2026-02-02 23:50:00,product_view
EV-503725,U1335,2026-02-02 23:50:00,app_open
EV-506212,U1564,2026-02-02 23:51:00,product_view
EV-500360,U1040,2026-02-02 23:52:00,product_view
EV-503726,U1335,2026-02-02 23:52:00,product_view
EV-506213,U1564,2026-02-02 23:53:00,product_view
EV-503727,U1335,2026-02-02 23:54:00,product_view
EV-500361,U1040,2026-02-02 23:55:00,product_view
EV-503728,U1335,2026-02-02 23:56:00,product_view
EV-506214,U1564,2026-02-02 23:56:00,add_to_cart
EV-500362,U1040,2026-02-02 23:58:00,add_to_cart
EV-506215,U1564,2026-02-02 23:59:00,checkout_start
EV-503729,U1335,2026-02-03 00:00:00,add_to_cart
EV-506216,U1564,2026-02-03 00:00:00,payment_success
EV-500363,U1040,2026-02-03 00:02:00,checkout_start
EV-503730,U1335,2026-02-03 00:03:00,checkout_start
EV-503731,U1335,2026-02-03 00:05:00,payment_success
EV-508331,U1677,2026-02-03 05:39:00,app_open
EV-508332,U1677,2026-02-03 05:42:00,product_view
EV-507951,U1989,2026-02-03 08:57:00,app_open
EV-507952,U1989,2026-02-03 09:00:00,product_view
EV-508964,U1917,2026-02-03 18:08:00,app_open
EV-508965,U1917,2026-02-03 18:11:00,product_view
EV-508966,U1917,2026-02-03 18:15:00,add_to_cart
EV-505784,U1527,2026-02-03 23:20:00,app_open
EV-505785,U1527,2026-02-03 23:23:00,product_view
EV-505786,U1527,2026-02-03 23:27:00,add_to_cart
EV-503980,U1353,2026-02-03 23:31:00,app_open
EV-505787,U1527,2026-02-03 23:31:00,checkout_start
EV-507470,U1728,2026-02-03 23:31:00,app_open
EV-505788,U1527,2026-02-03 23:32:00,payment_success
EV-501861,U1171,2026-02-03 23:33:00,app_open
EV-503981,U1353,2026-02-03 23:33:00,product_view
EV-507471,U1728,2026-02-03 23:34:00,product_view
EV-501862,U1171,2026-02-03 23:36:00,product_view
EV-503982,U1353,2026-02-03 23:38:00,product_view
EV-507472,U1728,2026-02-03 23:38:00,add_to_cart
EV-501863,U1171,2026-02-03 23:41:00,product_view
EV-501909,U1175,2026-02-03 23:41:00,app_open
EV-502652,U1234,2026-02-03 23:42:00,app_open
EV-503983,U1353,2026-02-03 23:42:00,add_to_cart
EV-501864,U1171,2026-02-03 23:43:00,add_to_cart
EV-501910,U1175,2026-02-03 23:46:00,product_view
EV-502653,U1234,2026-02-03 23:46:00,product_view
EV-503984,U1353,2026-02-03 23:46:00,checkout_start
EV-501865,U1171,2026-02-03 23:47:00,checkout_start
EV-501911,U1175,2026-02-03 23:48:00,add_to_cart
EV-503985,U1353,2026-02-03 23:48:00,payment_success
EV-501866,U1171,2026-02-03 23:49:00,payment_success
EV-502654,U1234,2026-02-03 23:49:00,add_to_cart
EV-505656,U1505,2026-02-03 23:49:00,app_open
EV-501912,U1175,2026-02-03 23:52:00,checkout_start
EV-505657,U1505,2026-02-03 23:52:00,product_view
EV-502655,U1234,2026-02-03 23:53:00,checkout_start
EV-501913,U1175,2026-02-03 23:54:00,payment_success
EV-502656,U1234,2026-02-03 23:55:00,payment_success
EV-505658,U1505,2026-02-03 23:57:00,product_view
EV-505659,U1505,2026-02-04 00:00:00,add_to_cart
EV-505660,U1505,2026-02-04 00:02:00,checkout_start
EV-505661,U1505,2026-02-04 00:04:00,payment_success
EV-507268,U1859,2026-02-04 03:13:00,app_open
EV-507269,U1859,2026-02-04 03:16:00,product_view
EV-507270,U1859,2026-02-04 03:20:00,add_to_cart
EV-507170,U1416,2026-02-04 05:11:00,app_open
EV-507171,U1416,2026-02-04 05:14:00,product_view
EV-507172,U1416,2026-02-04 05:18:00,add_to_cart
EV-508879,U1010,2026-02-04 11:34:00,app_open
EV-508880,U1010,2026-02-04 11:37:00,product_view
EV-508881,U1010,2026-02-04 11:41:00,add_to_cart
EV-508080,U1209,2026-02-04 11:54:00,app_open
EV-508081,U1209,2026-02-04 11:57:00,product_view
EV-507421,U1602,2026-02-04 12:32:00,app_open
EV-507422,U1602,2026-02-04 12:35:00,product_view
EV-508251,U2356,2026-02-04 17:20:00,app_open
EV-508252,U2356,2026-02-04 17:23:00,product_view
EV-508253,U2356,2026-02-04 17:27:00,add_to_cart
EV-508851,U1686,2026-02-04 19:55:00,app_open
EV-508852,U1686,2026-02-04 19:58:00,product_view
EV-508181,U1498,2026-02-04 21:58:00,app_open
EV-508182,U1498,2026-02-04 22:01:00,product_view
EV-506489,U1589,2026-02-04 23:17:00,app_open
EV-506490,U1589,2026-02-04 23:21:00,product_view
EV-501605,U1143,2026-02-04 23:22:00,app_open
EV-503986,U1353,2026-02-04 23:23:00,app_open
EV-506491,U1589,2026-02-04 23:23:00,product_view
EV-500325,U1036,2026-02-04 23:24:00,app_open
EV-505312,U1472,2026-02-04 23:24:00,app_open
EV-503987,U1353,2026-02-04 23:25:00,product_view
EV-507015,U1625,2026-02-04 23:25:00,app_open
EV-505313,U1472,2026-02-04 23:26:00,product_view
EV-501606,U1143,2026-02-04 23:27:00,product_view
EV-506492,U1589,2026-02-04 23:27:00,add_to_cart
EV-500326,U1036,2026-02-04 23:28:00,product_view
EV-503988,U1353,2026-02-04 23:28:00,product_view
EV-505314,U1472,2026-02-04 23:29:00,product_view
EV-507016,U1625,2026-02-04 23:29:00,product_view
EV-500327,U1036,2026-02-04 23:30:00,product_view
EV-506493,U1589,2026-02-04 23:31:00,checkout_start
EV-507017,U1625,2026-02-04 23:31:00,product_view
EV-501607,U1143,2026-02-04 23:32:00,product_view
EV-503989,U1353,2026-02-04 23:32:00,product_view
EV-506494,U1589,2026-02-04 23:32:00,payment_success
EV-500328,U1036,2026-02-04 23:33:00,add_to_cart
EV-505315,U1472,2026-02-04 23:33:00,add_to_cart
EV-502218,U1202,2026-02-04 23:34:00,app_open
EV-503990,U1353,2026-02-04 23:34:00,add_to_cart
EV-504449,U1387,2026-02-04 23:34:00,app_open
EV-500329,U1036,2026-02-04 23:35:00,checkout_start
EV-503823,U1342,2026-02-04 23:35:00,app_open
EV-504196,U1370,2026-02-04 23:35:00,app_open
EV-505316,U1472,2026-02-04 23:35:00,checkout_start
EV-507018,U1625,2026-02-04 23:35:00,product_view
EV-503991,U1353,2026-02-04 23:36:00,checkout_start
EV-505317,U1472,2026-02-04 23:36:00,payment_success
EV-500330,U1036,2026-02-04 23:37:00,payment_success
EV-501608,U1143,2026-02-04 23:37:00,product_view
EV-502389,U1213,2026-02-04 23:37:00,app_open
EV-503187,U1283,2026-02-04 23:37:00,app_open
EV-503824,U1342,2026-02-04 23:37:00,product_view
EV-503992,U1353,2026-02-04 23:37:00,payment_success
EV-505156,U1448,2026-02-04 23:37:00,app_open
EV-504197,U1370,2026-02-04 23:38:00,product_view
EV-501609,U1143,2026-02-04 23:39:00,add_to_cart
EV-502219,U1202,2026-02-04 23:39:00,product_view
EV-503825,U1342,2026-02-04 23:39:00,product_view
EV-504450,U1387,2026-02-04 23:39:00,product_view
EV-507019,U1625,2026-02-04 23:39:00,add_to_cart
EV-502390,U1213,2026-02-04 23:40:00,product_view
EV-503826,U1342,2026-02-04 23:41:00,product_view
EV-504198,U1370,2026-02-04 23:41:00,add_to_cart
EV-505157,U1448,2026-02-04 23:41:00,product_view
EV-502220,U1202,2026-02-04 23:42:00,add_to_cart
EV-502391,U1213,2026-02-04 23:42:00,product_view
EV-503188,U1283,2026-02-04 23:42:00,product_view
EV-507020,U1625,2026-02-04 23:42:00,checkout_start
EV-501610,U1143,2026-02-04 23:43:00,checkout_start
EV-504199,U1370,2026-02-04 23:43:00,checkout_start
EV-507021,U1625,2026-02-04 23:43:00,payment_success
EV-501611,U1143,2026-02-04 23:44:00,payment_success
EV-502017,U1184,2026-02-04 23:44:00,app_open
EV-503827,U1342,2026-02-04 23:44:00,add_to_cart
EV-504451,U1387,2026-02-04 23:44:00,product_view
EV-503189,U1283,2026-02-04 23:45:00,product_view
EV-502018,U1184,2026-02-04 23:46:00,product_view
EV-502221,U1202,2026-02-04 23:46:00,checkout_start
EV-502392,U1213,2026-02-04 23:46:00,add_to_cart
EV-503828,U1342,2026-02-04 23:46:00,checkout_start
EV-505158,U1448,2026-02-04 23:46:00,product_view
EV-502222,U1202,2026-02-04 23:47:00,payment_success
EV-503190,U1283,2026-02-04 23:47:00,add_to_cart
EV-503829,U1342,2026-02-04 23:47:00,payment_success
EV-504452,U1387,2026-02-04 23:47:00,product_view
EV-504781,U1416,2026-02-04 23:48:00,app_open
EV-505159,U1448,2026-02-04 23:48:00,add_to_cart
EV-502019,U1184,2026-02-04 23:49:00,add_to_cart
EV-502393,U1213,2026-02-04 23:50:00,checkout_start
EV-503191,U1283,2026-02-04 23:50:00,checkout_start
EV-504453,U1387,2026-02-04 23:50:00,add_to_cart
EV-505160,U1448,2026-02-04 23:50:00,checkout_start
EV-502394,U1213,2026-02-04 23:51:00,payment_success
EV-505161,U1448,2026-02-04 23:51:00,payment_success
EV-503192,U1283,2026-02-04 23:52:00,payment_success
EV-504454,U1387,2026-02-04 23:52:00,checkout_start
EV-504782,U1416,2026-02-04 23:52:00,product_view
EV-502020,U1184,2026-02-04 23:53:00,checkout_start
EV-504455,U1387,2026-02-04 23:53:00,payment_success
EV-502021,U1184,2026-02-04 23:55:00,payment_success
EV-504783,U1416,2026-02-04 23:56:00,add_to_cart
EV-504784,U1416,2026-02-04 23:59:00,checkout_start
EV-504785,U1416,2026-02-05 00:01:00,payment_success
EV-508857,U2007,2026-02-05 02:35:00,app_open
EV-508858,U2007,2026-02-05 02:38:00,product_view
EV-507659,U2147,2026-02-05 05:27:00,app_open
EV-507660,U2147,2026-02-05 05:30:00,product_view
EV-508326,U1645,2026-02-05 11:04:00,app_open
EV-508327,U1645,2026-02-05 11:07:00,product_view
EV-508501,U1159,2026-02-05 14:39:00,app_open
EV-508502,U1159,2026-02-05 14:42:00,product_view
EV-508503,U1159,2026-02-05 14:46:00,add_to_cart
EV-507392,U1335,2026-02-05 15:02:00,app_open
EV-507393,U1335,2026-02-05 15:05:00,product_view
EV-507757,U1475,2026-02-05 20:12:00,app_open
EV-507758,U1475,2026-02-05 20:15:00,product_view
EV-502747,U1251,2026-02-05 23:23:00,app_open
EV-502748,U1251,2026-02-05 23:25:00,product_view
EV-507022,U1625,2026-02-05 23:25:00,app_open
EV-500566,U1058,2026-02-05 23:27:00,app_open
EV-501968,U1180,2026-02-05 23:27:00,app_open
EV-502547,U1224,2026-02-05 23:28:00,app_open
EV-500567,U1058,2026-02-05 23:29:00,product_view
EV-502749,U1251,2026-02-05 23:29:00,product_view
EV-507023,U1625,2026-02-05 23:29:00,product_view
EV-501625,U1144,2026-02-05 23:30:00,app_open
EV-501969,U1180,2026-02-05 23:31:00,product_view
EV-500568,U1058,2026-02-05 23:32:00,product_view
EV-502548,U1224,2026-02-05 23:32:00,product_view
EV-502750,U1251,2026-02-05 23:33:00,product_view
EV-507024,U1625,2026-02-05 23:33:00,product_view
EV-507483,U1726,2026-02-05 23:33:00,app_open
EV-500569,U1058,2026-02-05 23:34:00,product_view
EV-501626,U1144,2026-02-05 23:34:00,product_view
EV-501970,U1180,2026-02-05 23:35:00,product_view
EV-507025,U1625,2026-02-05 23:35:00,add_to_cart
EV-502549,U1224,2026-02-05 23:36:00,product_view
EV-502751,U1251,2026-02-05 23:36:00,add_to_cart
EV-507484,U1726,2026-02-05 23:36:00,product_view
EV-500191,U1023,2026-02-05 23:37:00,app_open
EV-501627,U1144,2026-02-05 23:37:00,product_view
EV-500570,U1058,2026-02-05 23:38:00,add_to_cart
EV-500584,U1059,2026-02-05 23:38:00,app_open
EV-501565,U1141,2026-02-05 23:39:00,app_open
EV-502550,U1224,2026-02-05 23:39:00,add_to_cart
EV-507026,U1625,2026-02-05 23:39:00,checkout_start
EV-500192,U1023,2026-02-05 23:40:00,product_view
EV-500585,U1059,2026-02-05 23:40:00,product_view
EV-501971,U1180,2026-02-05 23:40:00,product_view
EV-502752,U1251,2026-02-05 23:40:00,checkout_start
EV-500571,U1058,2026-02-05 23:41:00,checkout_start
EV-502753,U1251,2026-02-05 23:41:00,payment_success
EV-507027,U1625,2026-02-05 23:41:00,payment_success
EV-500586,U1059,2026-02-05 23:42:00,add_to_cart
EV-501628,U1144,2026-02-05 23:42:00,product_view
EV-501972,U1180,2026-02-05 23:42:00,add_to_cart
EV-502551,U1224,2026-02-05 23:42:00,checkout_start
EV-500193,U1023,2026-02-05 23:43:00,product_view
EV-500572,U1058,2026-02-05 23:43:00,payment_success
EV-501566,U1141,2026-02-05 23:43:00,product_view
EV-506295,U1572,2026-02-05 23:43:00,app_open
EV-500587,U1059,2026-02-05 23:44:00,checkout_start
EV-501973,U1180,2026-02-05 23:44:00,checkout_start
EV-502552,U1224,2026-02-05 23:44:00,payment_success
EV-501567,U1141,2026-02-05 23:45:00,add_to_cart
EV-501629,U1144,2026-02-05 23:45:00,add_to_cart
EV-504632,U1404,2026-02-05 23:45:00,app_open
EV-501568,U1141,2026-02-05 23:47:00,checkout_start
EV-504633,U1404,2026-02-05 23:47:00,product_view
EV-506296,U1572,2026-02-05 23:47:00,product_view
EV-500194,U1023,2026-02-05 23:48:00,product_view
EV-501569,U1141,2026-02-05 23:48:00,payment_success
EV-504030,U1356,2026-02-05 23:48:00,app_open
EV-501630,U1144,2026-02-05 23:49:00,checkout_start
EV-502882,U1262,2026-02-05 23:49:00,app_open
EV-504634,U1404,2026-02-05 23:50:00,add_to_cart
EV-500195,U1023,2026-02-05 23:51:00,add_to_cart
EV-506297,U1572,2026-02-05 23:51:00,add_to_cart
EV-504635,U1404,2026-02-05 23:52:00,checkout_start
EV-504031,U1356,2026-02-05 23:53:00,product_view
EV-504636,U1404,2026-02-05 23:53:00,payment_success
EV-506298,U1572,2026-02-05 23:53:00,checkout_start
EV-502883,U1262,2026-02-05 23:54:00,product_view
EV-506299,U1572,2026-02-05 23:54:00,payment_success
EV-500196,U1023,2026-02-05 23:55:00,checkout_start
EV-504032,U1356,2026-02-05 23:56:00,add_to_cart
EV-500197,U1023,2026-02-05 23:57:00,payment_success
EV-502884,U1262,2026-02-05 23:58:00,product_view
EV-504033,U1356,2026-02-05 23:59:00,checkout_start
EV-502885,U1262,2026-02-06 00:00:00,product_view
EV-504034,U1356,2026-02-06 00:00:00,payment_success
EV-502886,U1262,2026-02-06 00:03:00,add_to_cart
EV-502887,U1262,2026-02-06 00:06:00,checkout_start
EV-502888,U1262,2026-02-06 00:07:00,payment_success
EV-507595,U2123,2026-02-06 00:44:00,app_open
EV-507596,U2123,2026-02-06 00:47:00,product_view
EV-508239,U1940,2026-02-06 12:20:00,app_open
EV-508240,U1940,2026-02-06 12:23:00,product_view
EV-507182,U1089,2026-02-06 13:41:00,app_open
EV-507183,U1089,2026-02-06 13:44:00,product_view
EV-507821,U1326,2026-02-06 16:25:00,app_open
EV-507822,U1326,2026-02-06 16:28:00,product_view
EV-507823,U1326,2026-02-06 16:32:00,add_to_cart
EV-507834,U1183,2026-02-06 18:00:00,app_open
EV-507835,U1183,2026-02-06 18:03:00,product_view
EV-507836,U1183,2026-02-06 18:07:00,add_to_cart
EV-505211,U1459,2026-02-06 23:16:00,app_open
EV-503303,U1294,2026-02-06 23:17:00,app_open
EV-502268,U1205,2026-02-06 23:18:00,app_open
EV-505212,U1459,2026-02-06 23:18:00,product_view
EV-502269,U1205,2026-02-06 23:20:00,product_view
EV-503304,U1294,2026-02-06 23:22:00,product_view
EV-505213,U1459,2026-02-06 23:22:00,product_view
EV-500606,U1063,2026-02-06 23:23:00,app_open
EV-502270,U1205,2026-02-06 23:23:00,product_view
EV-500588,U1059,2026-02-06 23:24:00,app_open
EV-501087,U1100,2026-02-06 23:24:00,app_open
EV-503305,U1294,2026-02-06 23:24:00,product_view
EV-505214,U1459,2026-02-06 23:24:00,add_to_cart
EV-500607,U1063,2026-02-06 23:27:00,product_view
EV-501088,U1100,2026-02-06 23:27:00,product_view
EV-503306,U1294,2026-02-06 23:27:00,add_to_cart
EV-505215,U1459,2026-02-06 23:27:00,checkout_start
EV-500589,U1059,2026-02-06 23:28:00,product_view
EV-502271,U1205,2026-02-06 23:28:00,product_view
EV-505216,U1459,2026-02-06 23:28:00,payment_success
EV-501089,U1100,2026-02-06 23:31:00,product_view
EV-503307,U1294,2026-02-06 23:31:00,checkout_start
EV-500590,U1059,2026-02-06 23:32:00,add_to_cart
EV-500608,U1063,2026-02-06 23:32:00,product_view
EV-502272,U1205,2026-02-06 23:32:00,add_to_cart
EV-503308,U1294,2026-02-06 23:32:00,payment_success
EV-501090,U1100,2026-02-06 23:33:00,product_view
EV-506460,U1588,2026-02-06 23:33:00,app_open
EV-500591,U1059,2026-02-06 23:35:00,checkout_start
EV-501091,U1100,2026-02-06 23:35:00,add_to_cart
EV-502273,U1205,2026-02-06 23:35:00,checkout_start
EV-500592,U1059,2026-02-06 23:36:00,payment_success
EV-500609,U1063,2026-02-06 23:36:00,add_to_cart
EV-502274,U1205,2026-02-06 23:37:00,payment_success
EV-506461,U1588,2026-02-06 23:37:00,product_view
EV-500610,U1063,2026-02-06 23:38:00,checkout_start
EV-502784,U1254,2026-02-06 23:38:00,app_open
EV-501092,U1100,2026-02-06 23:39:00,checkout_start
EV-506462,U1588,2026-02-06 23:39:00,product_view
EV-500611,U1063,2026-02-06 23:40:00,payment_success
EV-501093,U1100,2026-02-06 23:41:00,payment_success
EV-502785,U1254,2026-02-06 23:42:00,product_view
EV-500777,U1078,2026-02-06 23:43:00,app_open
EV-506463,U1588,2026-02-06 23:43:00,product_view
EV-506594,U1600,2026-02-06 23:45:00,app_open
EV-500778,U1078,2026-02-06 23:46:00,product_view
EV-502786,U1254,2026-02-06 23:47:00,product_view
EV-506464,U1588,2026-02-06 23:47:00,add_to_cart
EV-500364,U1040,2026-02-06 23:48:00,app_open
EV-500779,U1078,2026-02-06 23:50:00,add_to_cart
EV-506595,U1600,2026-02-06 23:50:00,product_view
EV-500365,U1040,2026-02-06 23:51:00,product_view
EV-502787,U1254,2026-02-06 23:51:00,add_to_cart
EV-506465,U1588,2026-02-06 23:51:00,checkout_start
EV-500780,U1078,2026-02-06 23:52:00,checkout_start
EV-506466,U1588,2026-02-06 23:52:00,payment_success
EV-506596,U1600,2026-02-06 23:52:00,product_view
EV-500781,U1078,2026-02-06 23:54:00,payment_success
EV-500366,U1040,2026-02-06 23:55:00,add_to_cart
EV-502788,U1254,2026-02-06 23:55:00,checkout_start
EV-506597,U1600,2026-02-06 23:55:00,product_view
EV-502789,U1254,2026-02-06 23:56:00,payment_success
EV-506598,U1600,2026-02-06 23:57:00,add_to_cart
EV-500367,U1040,2026-02-06 23:59:00,checkout_start
EV-500368,U1040,2026-02-07 00:01:00,payment_success
EV-506599,U1600,2026-02-07 00:01:00,checkout_start
EV-506600,U1600,2026-02-07 00:03:00,payment_success
EV-508192,U1227,2026-02-07 15:08:00,app_open
EV-508193,U1227,2026-02-07 15:11:00,product_view
EV-508194,U1227,2026-02-07 15:15:00,add_to_cart
EV-507297,U2232,2026-02-07 16:48:00,app_open
EV-507298,U2232,2026-02-07 16:51:00,product_view
EV-507299,U2232,2026-02-07 16:55:00,add_to_cart
EV-508120,U1669,2026-02-07 22:24:00,app_open
EV-508121,U1669,2026-02-07 22:27:00,product_view
EV-508122,U1669,2026-02-07 22:31:00,add_to_cart
EV-500399,U1042,2026-02-07 23:18:00,app_open
EV-500400,U1042,2026-02-07 23:23:00,product_view
EV-505264,U1465,2026-02-07 23:25:00,app_open
EV-500401,U1042,2026-02-07 23:26:00,product_view
EV-505265,U1465,2026-02-07 23:27:00,product_view
EV-500402,U1042,2026-02-07 23:29:00,product_view
EV-505266,U1465,2026-02-07 23:30:00,product_view
EV-500403,U1042,2026-02-07 23:33:00,add_to_cart
EV-505267,U1465,2026-02-07 23:33:00,add_to_cart
EV-501664,U1149,2026-02-07 23:34:00,app_open
EV-500404,U1042,2026-02-07 23:35:00,checkout_start
EV-501665,U1149,2026-02-07 23:36:00,product_view
EV-500405,U1042,2026-02-07 23:37:00,payment_success
EV-505268,U1465,2026-02-07 23:37:00,checkout_start
EV-505269,U1465,2026-02-07 23:39:00,payment_success
EV-501666,U1149,2026-02-07 23:41:00,product_view
EV-506261,U1569,2026-02-07 23:44:00,app_open
EV-501667,U1149,2026-02-07 23:45:00,add_to_cart
EV-501668,U1149,2026-02-07 23:49:00,checkout_start
EV-506262,U1569,2026-02-07 23:49:00,product_view
EV-501669,U1149,2026-02-07 23:50:00,payment_success
EV-506263,U1569,2026-02-07 23:52:00,product_view
EV-506264,U1569,2026-02-07 23:55:00,product_view
EV-506265,U1569,2026-02-07 23:59:00,add_to_cart
EV-506266,U1569,2026-02-08 00:01:00,checkout_start
EV-506267,U1569,2026-02-08 00:02:00,payment_success
EV-508467,U1214,2026-02-08 01:12:00,app_open
EV-508468,U1214,2026-02-08 01:15:00,product_view
EV-508469,U1214,2026-02-08 01:19:00,add_to_cart
EV-508806,U1272,2026-02-08 12:42:00,app_open
EV-508807,U1272,2026-02-08 12:45:00,product_view
EV-507149,U2054,2026-02-08 13:28:00,app_open
EV-507150,U2054,2026-02-08 13:31:00,product_view
EV-507151,U2054,2026-02-08 13:35:00,add_to_cart
EV-507782,U1305,2026-02-08 14:41:00,app_open
EV-507783,U1305,2026-02-08 14:44:00,product_view
EV-507739,U1884,2026-02-08 16:06:00,app_open
EV-507740,U1884,2026-02-08 16:09:00,product_view
EV-507741,U1884,2026-02-08 16:13:00,add_to_cart
EV-508067,U1602,2026-02-08 18:01:00,app_open
EV-508068,U1602,2026-02-08 18:04:00,product_view
EV-507963,U1112,2026-02-08 21:39:00,app_open
EV-507964,U1112,2026-02-08 21:42:00,product_view
EV-507965,U1112,2026-02-08 21:46:00,add_to_cart
EV-505270,U1468,2026-02-08 23:18:00,app_open
EV-506234,U1566,2026-02-08 23:19:00,app_open
EV-505271,U1468,2026-02-08 23:20:00,product_view
EV-503542,U1323,2026-02-08 23:23:00,app_open
EV-506699,U1606,2026-02-08 23:23:00,app_open
EV-506235,U1566,2026-02-08 23:24:00,product_view
EV-505272,U1468,2026-02-08 23:25:00,product_view
EV-506700,U1606,2026-02-08 23:25:00,product_view
EV-503543,U1323,2026-02-08 23:27:00,product_view
EV-506236,U1566,2026-02-08 23:28:00,product_view
EV-505273,U1468,2026-02-08 23:29:00,add_to_cart
EV-506701,U1606,2026-02-08 23:29:00,product_view
EV-503544,U1323,2026-02-08 23:30:00,add_to_cart
EV-503545,U1323,2026-02-08 23:32:00,checkout_start
EV-506237,U1566,2026-02-08 23:32:00,product_view
EV-505274,U1468,2026-02-08 23:33:00,checkout_start
EV-505275,U1468,2026-02-08 23:34:00,payment_success
EV-506702,U1606,2026-02-08 23:34:00,product_view
EV-506238,U1566,2026-02-08 23:35:00,add_to_cart
EV-500795,U1079,2026-02-08 23:36:00,app_open
EV-500796,U1079,2026-02-08 23:38:00,product_view
EV-502275,U1205,2026-02-08 23:38:00,app_open
EV-506703,U1606,2026-02-08 23:38:00,add_to_cart
EV-505965,U1545,2026-02-08 23:39:00,app_open
EV-506239,U1566,2026-02-08 23:39:00,checkout_start
EV-501718,U1152,2026-02-08 23:40:00,app_open
EV-505789,U1527,2026-02-08 23:40:00,app_open
EV-506240,U1566,2026-02-08 23:41:00,payment_success
EV-506704,U1606,2026-02-08 23:41:00,checkout_start
EV-500797,U1079,2026-02-08 23:42:00,product_view
EV-502276,U1205,2026-02-08 23:42:00,product_view
EV-504528,U1394,2026-02-08 23:42:00,app_open
EV-505966,U1545,2026-02-08 23:43:00,product_view
EV-506705,U1606,2026-02-08 23:43:00,payment_success
EV-501719,U1152,2026-02-08 23:44:00,product_view
EV-502277,U1205,2026-02-08 23:44:00,add_to_cart
EV-505790,U1527,2026-02-08 23:44:00,product_view
EV-500798,U1079,2026-02-08 23:45:00,product_view
EV-504529,U1394,2026-02-08 23:45:00,product_view
EV-501720,U1152,2026-02-08 23:46:00,add_to_cart
EV-505967,U1545,2026-02-08 23:46:00,product_view
EV-502278,U1205,2026-02-08 23:47:00,checkout_start
EV-504530,U1394,2026-02-08 23:47:00,add_to_cart
EV-505791,U1527,2026-02-08 23:47:00,add_to_cart
EV-500799,U1079,2026-02-08 23:48:00,add_to_cart
EV-501721,U1152,2026-02-08 23:48:00,checkout_start
EV-501722,U1152,2026-02-08 23:49:00,payment_success
EV-504531,U1394,2026-02-08 23:49:00,checkout_start
EV-505968,U1545,2026-02-08 23:49:00,add_to_cart
EV-504532,U1394,2026-02-08 23:50:00,payment_success
EV-505792,U1527,2026-02-08 23:50:00,checkout_start
EV-500800,U1079,2026-02-08 23:51:00,checkout_start
EV-505793,U1527,2026-02-08 23:51:00,payment_success
EV-505969,U1545,2026-02-08 23:52:00,checkout_start
EV-500801,U1079,2026-02-08 23:53:00,payment_success
EV-505970,U1545,2026-02-08 23:53:00,payment_success
EV-507386,U2394,2026-02-09 01:17:00,app_open
EV-507387,U2394,2026-02-09 01:20:00,product_view
EV-507907,U1548,2026-02-09 12:53:00,app_open
EV-507908,U1548,2026-02-09 12:56:00,product_view
EV-507541,U1586,2026-02-09 15:01:00,app_open
EV-507542,U1586,2026-02-09 15:04:00,product_view
EV-507543,U1586,2026-02-09 15:08:00,add_to_cart
EV-507295,U1180,2026-02-09 15:43:00,app_open
EV-507296,U1180,2026-02-09 15:46:00,product_view
EV-508199,U1643,2026-02-09 19:27:00,app_open
EV-508200,U1643,2026-02-09 19:30:00,product_view
EV-508946,U1331,2026-02-09 20:59:00,app_open
EV-508947,U1331,2026-02-09 21:02:00,product_view
EV-504493,U1392,2026-02-09 23:17:00,app_open
EV-501107,U1102,2026-02-09 23:20:00,app_open
EV-504494,U1392,2026-02-09 23:20:00,product_view
EV-506184,U1563,2026-02-09 23:20:00,app_open
EV-501612,U1143,2026-02-09 23:21:00,app_open
EV-504495,U1392,2026-02-09 23:22:00,add_to_cart
EV-501613,U1143,2026-02-09 23:23:00,product_view
EV-506185,U1563,2026-02-09 23:23:00,product_view
EV-500782,U1078,2026-02-09 23:24:00,app_open
EV-501108,U1102,2026-02-09 23:24:00,product_view
EV-501109,U1102,2026-02-09 23:26:00,product_view
EV-504496,U1392,2026-02-09 23:26:00,checkout_start
EV-500783,U1078,2026-02-09 23:27:00,product_view
EV-501614,U1143,2026-02-09 23:27:00,product_view
EV-504497,U1392,2026-02-09 23:27:00,payment_success
EV-506186,U1563,2026-02-09 23:28:00,product_view
EV-500784,U1078,2026-02-09 23:29:00,product_view
EV-503546,U1323,2026-02-09 23:29:00,app_open
EV-501110,U1102,2026-02-09 23:31:00,product_view
EV-501615,U1143,2026-02-09 23:31:00,product_view
EV-500785,U1078,2026-02-09 23:32:00,product_view
EV-501111,U1102,2026-02-09 23:33:00,add_to_cart
EV-506187,U1563,2026-02-09 23:33:00,product_view
EV-500786,U1078,2026-02-09 23:34:00,add_to_cart
EV-501616,U1143,2026-02-09 23:34:00,add_to_cart
EV-503547,U1323,2026-02-09 23:34:00,product_view
EV-501617,U1143,2026-02-09 23:36:00,checkout_start
EV-500546,U1057,2026-02-09 23:37:00,app_open
EV-501112,U1102,2026-02-09 23:37:00,checkout_start
EV-506188,U1563,2026-02-09 23:37:00,add_to_cart
EV-500787,U1078,2026-02-09 23:38:00,checkout_start
EV-501113,U1102,2026-02-09 23:38:00,payment_success
EV-501618,U1143,2026-02-09 23:38:00,payment_success
EV-503548,U1323,2026-02-09 23:38:00,add_to_cart
EV-500788,U1078,2026-02-09 23:40:00,payment_success
EV-506189,U1563,2026-02-09 23:41:00,checkout_start
EV-500547,U1057,2026-02-09 23:42:00,product_view
EV-503549,U1323,2026-02-09 23:42:00,checkout_start
EV-503550,U1323,2026-02-09 23:43:00,payment_success
EV-506190,U1563,2026-02-09 23:43:00,payment_success
EV-500548,U1057,2026-02-09 23:45:00,product_view
EV-503853,U1343,2026-02-09 23:45:00,app_open
EV-503854,U1343,2026-02-09 23:49:00,product_view
EV-500549,U1057,2026-02-09 23:50:00,product_view
EV-503855,U1343,2026-02-09 23:53:00,product_view
EV-500550,U1057,2026-02-09 23:54:00,add_to_cart
EV-503856,U1343,2026-02-09 23:57:00,add_to_cart
EV-500551,U1057,2026-02-09 23:58:00,checkout_start
EV-503857,U1343,2026-02-09 23:59:00,checkout_start
EV-500552,U1057,2026-02-10 00:00:00,payment_success
EV-503858,U1343,2026-02-10 00:00:00,payment_success
EV-508026,U1827,2026-02-10 05:21:00,app_open
EV-508027,U1827,2026-02-10 05:24:00,product_view
EV-508028,U1827,2026-02-10 05:28:00,add_to_cart
EV-508087,U1592,2026-02-10 06:09:00,app_open
EV-508088,U1592,2026-02-10 06:12:00,product_view
EV-508089,U1592,2026-02-10 06:16:00,add_to_cart
EV-508508,U2264,2026-02-10 09:47:00,app_open
EV-508509,U2264,2026-02-10 09:50:00,product_view
EV-508510,U2264,2026-02-10 09:54:00,add_to_cart
EV-507608,U2050,2026-02-10 12:54:00,app_open
EV-507609,U2050,2026-02-10 12:57:00,product_view
EV-507071,U1368,2026-02-10 20:23:00,app_open
EV-507072,U1368,2026-02-10 20:26:00,product_view
EV-507073,U1368,2026-02-10 20:30:00,add_to_cart
EV-507316,U1023,2026-02-10 22:10:00,app_open
EV-507317,U1023,2026-02-10 22:13:00,product_view
EV-507318,U1023,2026-02-10 22:17:00,add_to_cart
EV-503793,U1339,2026-02-10 23:16:00,app_open
EV-503150,U1282,2026-02-10 23:17:00,app_open
EV-503794,U1339,2026-02-10 23:18:00,product_view
EV-501094,U1100,2026-02-10 23:19:00,app_open
EV-502707,U1246,2026-02-10 23:21:00,app_open
EV-503795,U1339,2026-02-10 23:21:00,add_to_cart
EV-503151,U1282,2026-02-10 23:22:00,product_view
EV-506623,U1604,2026-02-10 23:23:00,app_open
EV-501095,U1100,2026-02-10 23:24:00,product_view
EV-502708,U1246,2026-02-10 23:24:00,product_view
EV-503152,U1282,2026-02-10 23:24:00,add_to_cart
EV-503796,U1339,2026-02-10 23:25:00,checkout_start
EV-503153,U1282,2026-02-10 23:27:00,checkout_start
EV-503797,U1339,2026-02-10 23:27:00,payment_success
EV-500846,U1082,2026-02-10 23:28:00,app_open
EV-501096,U1100,2026-02-10 23:28:00,product_view
EV-503154,U1282,2026-02-10 23:28:00,payment_success
EV-506624,U1604,2026-02-10 23:28:00,product_view
EV-502709,U1246,2026-02-10 23:29:00,product_view
EV-501097,U1100,2026-02-10 23:30:00,product_view
EV-506625,U1604,2026-02-10 23:30:00,add_to_cart
EV-502710,U1246,2026-02-10 23:31:00,product_view
EV-500847,U1082,2026-02-10 23:32:00,product_view
EV-501098,U1100,2026-02-10 23:32:00,add_to_cart
EV-503262,U1288,2026-02-10 23:32:00,app_open
EV-505009,U1434,2026-02-10 23:32:00,app_open
EV-506626,U1604,2026-02-10 23:32:00,checkout_start
EV-500848,U1082,2026-02-10 23:34:00,add_to_cart
EV-503263,U1288,2026-02-10 23:34:00,product_view
EV-502711,U1246,2026-02-10 23:35:00,add_to_cart
EV-505010,U1434,2026-02-10 23:35:00,product_view
EV-500849,U1082,2026-02-10 23:36:00,checkout_start
EV-501099,U1100,2026-02-10 23:36:00,checkout_start
EV-503264,U1288,2026-02-10 23:36:00,add_to_cart
EV-500850,U1082,2026-02-10 23:37:00,payment_success
EV-501100,U1100,2026-02-10 23:37:00,payment_success
EV-502712,U1246,2026-02-10 23:37:00,checkout_start
EV-505011,U1434,2026-02-10 23:37:00,add_to_cart
EV-502713,U1246,2026-02-10 23:39:00,payment_success
EV-503265,U1288,2026-02-10 23:39:00,checkout_start
EV-503266,U1288,2026-02-10 23:40:00,payment_success
EV-505012,U1434,2026-02-10 23:40:00,checkout_start
EV-508268,U2351,2026-02-11 04:01:00,app_open
EV-508269,U2351,2026-02-11 04:04:00,product_view
EV-508929,U1411,2026-02-11 06:20:00,app_open
EV-508930,U1411,2026-02-11 06:23:00,product_view
EV-508931,U1411,2026-02-11 06:27:00,add_to_cart
EV-507212,U1500,2026-02-11 07:04:00,app_open
EV-507213,U1500,2026-02-11 07:07:00,product_view
EV-508542,U1299,2026-02-11 08:41:00,app_open
EV-508543,U1299,2026-02-11 08:44:00,product_view
EV-508544,U1299,2026-02-11 08:48:00,add_to_cart
EV-507674,U2431,2026-02-11 09:25:00,app_open
EV-507675,U2431,2026-02-11 09:28:00,product_view
EV-507676,U2431,2026-02-11 09:32:00,add_to_cart
EV-507293,U2343,2026-02-11 11:54:00,app_open
EV-507294,U2343,2026-02-11 11:57:00,product_view
EV-507884,U1282,2026-02-11 12:39:00,app_open
EV-507885,U1282,2026-02-11 12:42:00,product_view
EV-507886,U1282,2026-02-11 12:46:00,add_to_cart
EV-508059,U1858,2026-02-11 15:32:00,app_open
EV-508060,U1858,2026-02-11 15:35:00,product_view
EV-508061,U1858,2026-02-11 15:39:00,add_to_cart
EV-508369,U1437,2026-02-11 15:45:00,app_open
EV-508370,U1437,2026-02-11 15:48:00,product_view
EV-508371,U1437,2026-02-11 15:52:00,add_to_cart
EV-508223,U1732,2026-02-11 18:03:00,app_open
EV-508224,U1732,2026-02-11 18:06:00,product_view
EV-504456,U1387,2026-02-11 23:16:00,app_open
EV-504457,U1387,2026-02-11 23:20:00,product_view
EV-503830,U1342,2026-02-11 23:21:00,app_open
EV-505063,U1439,2026-02-11 23:22:00,app_open
EV-504458,U1387,2026-02-11 23:23:00,product_view
EV-501318,U1122,2026-02-11 23:26:00,app_open
EV-503831,U1342,2026-02-11 23:26:00,product_view
EV-504459,U1387,2026-02-11 23:26:00,product_view
EV-505064,U1439,2026-02-11 23:26:00,product_view
EV-507028,U1625,2026-02-11 23:26:00,app_open
EV-501319,U1122,2026-02-11 23:29:00,product_view
EV-507029,U1625,2026-02-11 23:29:00,product_view
EV-503832,U1342,2026-02-11 23:30:00,product_view
EV-504460,U1387,2026-02-11 23:30:00,add_to_cart
EV-505065,U1439,2026-02-11 23:30:00,product_view
EV-501320,U1122,2026-02-11 23:31:00,product_view
EV-504461,U1387,2026-02-11 23:32:00,checkout_start
EV-507030,U1625,2026-02-11 23:32:00,add_to_cart
EV-503833,U1342,2026-02-11 23:33:00,add_to_cart
EV-505066,U1439,2026-02-11 23:33:00,product_view
EV-504462,U1387,2026-02-11 23:34:00,payment_success
EV-500573,U1058,2026-02-11 23:35:00,app_open
EV-503834,U1342,2026-02-11 23:35:00,checkout_start
EV-505067,U1439,2026-02-11 23:35:00,add_to_cart
EV-501321,U1122,2026-02-11 23:36:00,product_view
EV-506827,U1616,2026-02-11 23:36:00,app_open
EV-507031,U1625,2026-02-11 23:36:00,checkout_start
EV-503835,U1342,2026-02-11 23:37:00,payment_success
EV-505068,U1439,2026-02-11 23:37:00,checkout_start
EV-507032,U1625,2026-02-11 23:37:00,payment_success
EV-504533,U1394,2026-02-11 23:38:00,app_open
EV-505069,U1439,2026-02-11 23:38:00,payment_success
EV-500574,U1058,2026-02-11 23:39:00,product_view
EV-506828,U1616,2026-02-11 23:39:00,product_view
EV-501322,U1122,2026-02-11 23:40:00,add_to_cart
EV-504534,U1394,2026-02-11 23:41:00,product_view
EV-500575,U1058,2026-02-11 23:43:00,add_to_cart
EV-501323,U1122,2026-02-11 23:44:00,checkout_start
EV-506829,U1616,2026-02-11 23:44:00,product_view
EV-503454,U1316,2026-02-11 23:45:00,app_open
EV-500576,U1058,2026-02-11 23:46:00,checkout_start
EV-501324,U1122,2026-02-11 23:46:00,payment_success
EV-504535,U1394,2026-02-11 23:46:00,product_view
EV-506830,U1616,2026-02-11 23:46:00,product_view
EV-500577,U1058,2026-02-11 23:48:00,payment_success
EV-503455,U1316,2026-02-11 23:48:00,product_view
EV-506831,U1616,2026-02-11 23:50:00,add_to_cart
EV-504536,U1394,2026-02-11 23:51:00,product_view
EV-503456,U1316,2026-02-11 23:52:00,product_view
EV-504537,U1394,2026-02-11 23:54:00,add_to_cart
EV-506832,U1616,2026-02-11 23:54:00,checkout_start
EV-503457,U1316,2026-02-11 23:55:00,add_to_cart
EV-506833,U1616,2026-02-11 23:56:00,payment_success
EV-504538,U1394,2026-02-11 23:57:00,checkout_start
EV-503458,U1316,2026-02-11 23:58:00,checkout_start
EV-504539,U1394,2026-02-11 23:59:00,payment_success
EV-503459,U1316,2026-02-12 00:00:00,payment_success
EV-507626,U2388,2026-02-12 00:23:00,app_open
EV-507627,U2388,2026-02-12 00:26:00,product_view
EV-508819,U1210,2026-02-12 08:57:00,app_open
EV-508820,U1210,2026-02-12 09:00:00,product_view
EV-508216,U1028,2026-02-12 11:24:00,app_open
EV-508217,U1028,2026-02-12 11:27:00,product_view
EV-508168,U2233,2026-02-12 15:44:00,app_open
EV-508169,U2233,2026-02-12 15:47:00,product_view
EV-508476,U1288,2026-02-12 21:33:00,app_open
EV-508477,U1288,2026-02-12 21:36:00,product_view
EV-507271,U1721,2026-02-12 22:32:00,app_open
EV-507272,U1721,2026-02-12 22:35:00,product_view
EV-507273,U1721,2026-02-12 22:39:00,add_to_cart
EV-501469,U1133,2026-02-12 23:31:00,app_open
EV-504800,U1417,2026-02-12 23:33:00,app_open
EV-501470,U1133,2026-02-12 23:34:00,product_view
EV-504063,U1362,2026-02-12 23:37:00,app_open
EV-504801,U1417,2026-02-12 23:38:00,product_view
EV-501471,U1133,2026-02-12 23:39:00,product_view
EV-504064,U1362,2026-02-12 23:40:00,product_view
EV-502536,U1223,2026-02-12 23:41:00,app_open
EV-502960,U1268,2026-02-12 23:41:00,app_open
EV-504802,U1417,2026-02-12 23:42:00,product_view
EV-506706,U1606,2026-02-12 23:42:00,app_open
EV-501472,U1133,2026-02-12 23:43:00,add_to_cart
EV-502537,U1223,2026-02-12 23:44:00,product_view
EV-504065,U1362,2026-02-12 23:44:00,product_view
EV-504803,U1417,2026-02-12 23:44:00,add_to_cart
EV-501473,U1133,2026-02-12 23:45:00,checkout_start
EV-502961,U1268,2026-02-12 23:45:00,product_view
EV-503810,U1341,2026-02-12 23:45:00,app_open
EV-504066,U1362,2026-02-12 23:46:00,add_to_cart
EV-506707,U1606,2026-02-12 23:46:00,product_view
EV-500960,U1089,2026-02-12 23:47:00,app_open
EV-501474,U1133,2026-02-12 23:47:00,payment_success
EV-502962,U1268,2026-02-12 23:47:00,add_to_cart
EV-503811,U1341,2026-02-12 23:47:00,product_view
EV-502538,U1223,2026-02-12 23:48:00,add_to_cart
EV-504067,U1362,2026-02-12 23:48:00,checkout_start
EV-504804,U1417,2026-02-12 23:48:00,checkout_start
EV-503812,U1341,2026-02-12 23:49:00,product_view
EV-504936,U1428,2026-02-12 23:49:00,app_open
EV-500961,U1089,2026-02-12 23:50:00,product_view
EV-501195,U1106,2026-02-12 23:50:00,app_open
EV-502539,U1223,2026-02-12 23:50:00,checkout_start
EV-504068,U1362,2026-02-12 23:50:00,payment_success
EV-504805,U1417,2026-02-12 23:50:00,payment_success
EV-506708,U1606,2026-02-12 23:50:00,product_view
EV-502540,U1223,2026-02-12 23:51:00,payment_success
EV-502963,U1268,2026-02-12 23:51:00,checkout_start
EV-503813,U1341,2026-02-12 23:51:00,product_view
EV-502964,U1268,2026-02-12 23:52:00,payment_success
EV-501196,U1106,2026-02-12 23:53:00,product_view
EV-503814,U1341,2026-02-12 23:53:00,add_to_cart
EV-504937,U1428,2026-02-12 23:54:00,product_view
EV-500962,U1089,2026-02-12 23:55:00,product_view
EV-506709,U1606,2026-02-12 23:55:00,product_view
EV-501197,U1106,2026-02-12 23:56:00,product_view
EV-500963,U1089,2026-02-12 23:57:00,add_to_cart
EV-503815,U1341,2026-02-12 23:57:00,checkout_start
EV-504938,U1428,2026-02-12 23:57:00,add_to_cart
EV-503816,U1341,2026-02-12 23:59:00,payment_success
EV-506710,U1606,2026-02-12 23:59:00,add_to_cart
EV-501198,U1106,2026-02-13 00:00:00,add_to_cart
EV-504939,U1428,2026-02-13 00:00:00,checkout_start
EV-500964,U1089,2026-02-13 00:01:00,checkout_start
EV-504940,U1428,2026-02-13 00:01:00,payment_success
EV-501199,U1106,2026-02-13 00:02:00,checkout_start
EV-506711,U1606,2026-02-13 00:02:00,checkout_start
EV-500965,U1089,2026-02-13 00:03:00,payment_success
EV-506712,U1606,2026-02-13 00:03:00,payment_success
EV-501200,U1106,2026-02-13 00:04:00,payment_success
EV-507855,U2095,2026-02-13 04:12:00,app_open
EV-507856,U2095,2026-02-13 04:15:00,product_view
EV-508706,U1682,2026-02-13 05:17:00,app_open
EV-508707,U1682,2026-02-13 05:20:00,product_view
EV-508131,U2021,2026-02-13 08:18:00,app_open
EV-508132,U2021,2026-02-13 08:21:00,product_view
EV-507454,U1950,2026-02-13 10:02:00,app_open
EV-507455,U1950,2026-02-13 10:05:00,product_view
EV-507456,U1950,2026-02-13 10:09:00,add_to_cart
EV-507382,U2304,2026-02-13 11:26:00,app_open
EV-507383,U2304,2026-02-13 11:29:00,product_view
EV-508584,U1328,2026-02-13 11:41:00,app_open
EV-508585,U1328,2026-02-13 11:44:00,product_view
EV-508586,U1328,2026-02-13 11:48:00,add_to_cart
EV-508164,U1856,2026-02-13 14:20:00,app_open
EV-508165,U1856,2026-02-13 14:23:00,product_view
EV-507663,U2097,2026-02-13 16:57:00,app_open
EV-507664,U2097,2026-02-13 17:00:00,product_view
EV-507218,U1986,2026-02-13 18:11:00,app_open
EV-507219,U1986,2026-02-13 18:14:00,product_view
EV-508379,U2456,2026-02-13 19:42:00,app_open
EV-508380,U2456,2026-02-13 19:45:00,product_view
EV-508381,U2456,2026-02-13 19:49:00,add_to_cart
EV-500883,U1084,2026-02-13 23:21:00,app_open
EV-500884,U1084,2026-02-13 23:24:00,product_view
EV-500885,U1084,2026-02-13 23:26:00,add_to_cart
EV-500886,U1084,2026-02-13 23:28:00,checkout_start
EV-500887,U1084,2026-02-13 23:29:00,payment_success
EV-506191,U1563,2026-02-13 23:29:00,app_open
EV-506192,U1563,2026-02-13 23:33:00,product_view
EV-506193,U1563,2026-02-13 23:38:00,product_view
EV-502740,U1250,2026-02-13 23:39:00,app_open
EV-502741,U1250,2026-02-13 23:41:00,product_view
EV-506194,U1563,2026-02-13 23:42:00,add_to_cart
EV-502742,U1250,2026-02-13 23:45:00,product_view
EV-506195,U1563,2026-02-13 23:46:00,checkout_start
EV-506196,U1563,2026-02-13 23:48:00,payment_success
EV-502743,U1250,2026-02-13 23:50:00,product_view
EV-502744,U1250,2026-02-13 23:54:00,add_to_cart
EV-502745,U1250,2026-02-13 23:58:00,checkout_start
EV-502746,U1250,2026-02-14 00:00:00,payment_success
EV-508487,U1120,2026-02-14 00:33:00,app_open
EV-508488,U1120,2026-02-14 00:36:00,product_view
EV-508775,U1103,2026-02-14 00:59:00,app_open
EV-508776,U1103,2026-02-14 01:02:00,product_view
EV-507158,U1842,2026-02-14 12:02:00,app_open
EV-507159,U1842,2026-02-14 12:05:00,product_view
EV-505772,U1525,2026-02-14 23:21:00,app_open
EV-505773,U1525,2026-02-14 23:24:00,product_view
EV-505774,U1525,2026-02-14 23:27:00,product_view
EV-505775,U1525,2026-02-14 23:29:00,product_view
EV-500593,U1059,2026-02-14 23:32:00,app_open
EV-505776,U1525,2026-02-14 23:32:00,add_to_cart
EV-500594,U1059,2026-02-14 23:34:00,product_view
EV-505777,U1525,2026-02-14 23:34:00,checkout_start
EV-500612,U1064,2026-02-14 23:35:00,app_open
EV-505778,U1525,2026-02-14 23:36:00,payment_success
EV-505971,U1545,2026-02-14 23:36:00,app_open
EV-506409,U1582,2026-02-14 23:36:00,app_open
EV-500595,U1059,2026-02-14 23:37:00,product_view
EV-505972,U1545,2026-02-14 23:38:00,product_view
EV-500613,U1064,2026-02-14 23:39:00,product_view
EV-506410,U1582,2026-02-14 23:39:00,product_view
EV-500596,U1059,2026-02-14 23:40:00,product_view
EV-505973,U1545,2026-02-14 23:40:00,product_view
EV-500614,U1064,2026-02-14 23:41:00,add_to_cart
EV-502569,U1227,2026-02-14 23:41:00,app_open
EV-500597,U1059,2026-02-14 23:42:00,add_to_cart
EV-506411,U1582,2026-02-14 23:42:00,product_view
EV-500615,U1064,2026-02-14 23:43:00,checkout_start
EV-500616,U1064,2026-02-14 23:44:00,payment_success
EV-505974,U1545,2026-02-14 23:44:00,add_to_cart
EV-500888,U1084,2026-02-14 23:45:00,app_open
EV-506412,U1582,2026-02-14 23:45:00,product_view
EV-500598,U1059,2026-02-14 23:46:00,checkout_start
EV-502570,U1227,2026-02-14 23:46:00,product_view
EV-505975,U1545,2026-02-14 23:47:00,checkout_start
EV-500599,U1059,2026-02-14 23:48:00,payment_success
EV-505976,U1545,2026-02-14 23:48:00,payment_success
EV-506413,U1582,2026-02-14 23:48:00,add_to_cart
EV-500889,U1084,2026-02-14 23:49:00,product_view
EV-506414,U1582,2026-02-14 23:50:00,checkout_start
EV-502571,U1227,2026-02-14 23:51:00,product_view
EV-506415,U1582,2026-02-14 23:51:00,payment_success
EV-500890,U1084,2026-02-14 23:52:00,product_view
EV-502572,U1227,2026-02-14 23:53:00,product_view
EV-500891,U1084,2026-02-14 23:55:00,add_to_cart
EV-502573,U1227,2026-02-14 23:56:00,add_to_cart
EV-500892,U1084,2026-02-14 23:59:00,checkout_start
EV-502574,U1227,2026-02-15 00:00:00,checkout_start
EV-507409,U1759,2026-02-15 00:00:00,app_open
EV-502575,U1227,2026-02-15 00:02:00,payment_success
EV-507410,U1759,2026-02-15 00:03:00,product_view
EV-507413,U2469,2026-02-15 05:03:00,app_open
EV-507414,U2469,2026-02-15 05:06:00,product_view
EV-508628,U1546,2026-02-15 05:26:00,app_open
EV-508629,U1546,2026-02-15 05:29:00,product_view
EV-508630,U1546,2026-02-15 05:33:00,add_to_cart
EV-508676,U2410,2026-02-15 08:26:00,app_open
EV-508677,U2410,2026-02-15 08:29:00,product_view
EV-508678,U2410,2026-02-15 08:33:00,add_to_cart
EV-507520,U1714,2026-02-15 11:19:00,app_open
EV-507521,U1714,2026-02-15 11:22:00,product_view
EV-507522,U1714,2026-02-15 11:26:00,add_to_cart
EV-507099,U1882,2026-02-15 13:05:00,app_open
EV-507100,U1882,2026-02-15 13:08:00,product_view
EV-507103,U1503,2026-02-15 19:27:00,app_open
EV-507104,U1503,2026-02-15 19:30:00,product_view
EV-507105,U1503,2026-02-15 19:34:00,add_to_cart
EV-505070,U1439,2026-02-15 23:17:00,app_open
EV-501867,U1171,2026-02-15 23:18:00,app_open
EV-501868,U1171,2026-02-15 23:21:00,product_view
EV-505071,U1439,2026-02-15 23:21:00,product_view
EV-505072,U1439,2026-02-15 23:23:00,product_view
EV-501869,U1171,2026-02-15 23:25:00,product_view
EV-505073,U1439,2026-02-15 23:26:00,add_to_cart
EV-501325,U1122,2026-02-15 23:27:00,app_open
EV-501870,U1171,2026-02-15 23:28:00,add_to_cart
EV-505074,U1439,2026-02-15 23:28:00,checkout_start
EV-501326,U1122,2026-02-15 23:29:00,product_view
EV-505075,U1439,2026-02-15 23:30:00,payment_success
EV-501327,U1122,2026-02-15 23:31:00,product_view
EV-501871,U1171,2026-02-15 23:32:00,checkout_start
EV-505591,U1497,2026-02-15 23:32:00,app_open
EV-501328,U1122,2026-02-15 23:33:00,add_to_cart
EV-501872,U1171,2026-02-15 23:34:00,payment_success
EV-501329,U1122,2026-02-15 23:35:00,checkout_start
EV-501330,U1122,2026-02-15 23:36:00,payment_success
EV-505592,U1497,2026-02-15 23:36:00,product_view
EV-500128,U1015,2026-02-15 23:37:00,app_open
EV-505593,U1497,2026-02-15 23:39:00,product_view
EV-502103,U1190,2026-02-15 23:41:00,app_open
EV-503657,U1330,2026-02-15 23:41:00,app_open
EV-505505,U1487,2026-02-15 23:41:00,app_open
EV-500129,U1015,2026-02-15 23:42:00,product_view
EV-505594,U1497,2026-02-15 23:42:00,add_to_cart
EV-502104,U1190,2026-02-15 23:43:00,product_view
EV-505595,U1497,2026-02-15 23:45:00,checkout_start
EV-503658,U1330,2026-02-15 23:46:00,product_view
EV-505506,U1487,2026-02-15 23:46:00,product_view
EV-505596,U1497,2026-02-15 23:46:00,payment_success
EV-500130,U1015,2026-02-15 23:47:00,product_view
EV-502105,U1190,2026-02-15 23:47:00,add_to_cart
EV-501631,U1144,2026-02-15 23:48:00,app_open
EV-503659,U1330,2026-02-15 23:48:00,product_view
EV-505507,U1487,2026-02-15 23:48:00,add_to_cart
EV-501632,U1144,2026-02-15 23:50:00,product_view
EV-503660,U1330,2026-02-15 23:50:00,product_view
EV-500131,U1015,2026-02-15 23:51:00,product_view
EV-502106,U1190,2026-02-15 23:51:00,checkout_start
EV-505508,U1487,2026-02-15 23:51:00,checkout_start
EV-501633,U1144,2026-02-15 23:52:00,product_view
EV-502107,U1190,2026-02-15 23:52:00,payment_success
EV-505509,U1487,2026-02-15 23:53:00,payment_success
EV-503661,U1330,2026-02-15 23:54:00,add_to_cart
EV-500132,U1015,2026-02-15 23:55:00,add_to_cart
EV-501634,U1144,2026-02-15 23:55:00,add_to_cart
EV-500133,U1015,2026-02-15 23:58:00,checkout_start
EV-503662,U1330,2026-02-15 23:58:00,checkout_start
EV-501635,U1144,2026-02-15 23:59:00,checkout_start
EV-503663,U1330,2026-02-15 23:59:00,payment_success
EV-500134,U1015,2026-02-16 00:00:00,payment_success
EV-501636,U1144,2026-02-16 00:01:00,payment_success
EV-507742,U1262,2026-02-16 03:15:00,app_open
EV-507743,U1262,2026-02-16 03:18:00,product_view
EV-508607,U1980,2026-02-16 06:22:00,app_open
EV-508608,U1980,2026-02-16 06:25:00,product_view
EV-507245,U1755,2026-02-16 10:00:00,app_open
EV-507246,U1755,2026-02-16 10:03:00,product_view
EV-507247,U1755,2026-02-16 10:07:00,add_to_cart
EV-507612,U1847,2026-02-16 12:04:00,app_open
EV-507613,U1847,2026-02-16 12:07:00,product_view
EV-507614,U1847,2026-02-16 12:11:00,add_to_cart
EV-507881,U2125,2026-02-16 16:09:00,app_open
EV-507882,U2125,2026-02-16 16:12:00,product_view
EV-507883,U2125,2026-02-16 16:16:00,add_to_cart
EV-508735,U1683,2026-02-16 16:50:00,app_open
EV-508736,U1683,2026-02-16 16:53:00,product_view
EV-507971,U1221,2026-02-16 17:57:00,app_open
EV-507972,U1221,2026-02-16 18:00:00,product_view
EV-507288,U2284,2026-02-16 19:50:00,app_open
EV-507289,U2284,2026-02-16 19:53:00,product_view
EV-507290,U2284,2026-02-16 19:57:00,add_to_cart
EV-501331,U1122,2026-02-16 23:20:00,app_open
EV-502279,U1205,2026-02-16 23:21:00,app_open
EV-500617,U1064,2026-02-16 23:22:00,app_open
EV-501802,U1168,2026-02-16 23:22:00,app_open
EV-501332,U1122,2026-02-16 23:24:00,product_view
EV-501803,U1168,2026-02-16 23:24:00,product_view
EV-502280,U1205,2026-02-16 23:25:00,product_view
EV-505276,U1468,2026-02-16 23:25:00,app_open
EV-500618,U1064,2026-02-16 23:27:00,product_view
EV-501333,U1122,2026-02-16 23:27:00,add_to_cart
EV-501804,U1168,2026-02-16 23:28:00,product_view
EV-500619,U1064,2026-02-16 23:29:00,product_view
EV-505277,U1468,2026-02-16 23:29:00,product_view
EV-502281,U1205,2026-02-16 23:30:00,product_view
EV-502754,U1251,2026-02-16 23:30:00,app_open
EV-500620,U1064,2026-02-16 23:31:00,product_view
EV-501334,U1122,2026-02-16 23:31:00,checkout_start
EV-501805,U1168,2026-02-16 23:32:00,add_to_cart
EV-502282,U1205,2026-02-16 23:32:00,add_to_cart
EV-502755,U1251,2026-02-16 23:32:00,product_view
EV-505278,U1468,2026-02-16 23:32:00,add_to_cart
EV-501335,U1122,2026-02-16 23:33:00,payment_success
EV-501705,U1151,2026-02-16 23:33:00,app_open
EV-500621,U1064,2026-02-16 23:34:00,add_to_cart
EV-502756,U1251,2026-02-16 23:34:00,product_view
EV-503732,U1335,2026-02-16 23:34:00,app_open
EV-501806,U1168,2026-02-16 23:35:00,checkout_start
EV-502283,U1205,2026-02-16 23:35:00,checkout_start
EV-505279,U1468,2026-02-16 23:35:00,checkout_start
EV-508364,U1921,2026-02-16 23:35:00,app_open
EV-501706,U1151,2026-02-16 23:36:00,product_view
EV-502284,U1205,2026-02-16 23:36:00,payment_success
EV-505280,U1468,2026-02-16 23:36:00,payment_success
EV-501807,U1168,2026-02-16 23:37:00,payment_success
EV-500622,U1064,2026-02-16 23:38:00,checkout_start
EV-501201,U1106,2026-02-16 23:38:00,app_open
EV-501707,U1151,2026-02-16 23:38:00,product_view
EV-502757,U1251,2026-02-16 23:38:00,product_view
EV-503733,U1335,2026-02-16 23:38:00,product_view
EV-508365,U1921,2026-02-16 23:38:00,product_view
EV-500623,U1064,2026-02-16 23:39:00,payment_success
EV-500369,U1041,2026-02-16 23:40:00,app_open
EV-501619,U1143,2026-02-16 23:40:00,app_open
EV-502758,U1251,2026-02-16 23:40:00,add_to_cart
EV-501202,U1106,2026-02-16 23:41:00,product_view
EV-503734,U1335,2026-02-16 23:41:00,product_view
EV-500370,U1041,2026-02-16 23:42:00,product_view
EV-501708,U1151,2026-02-16 23:42:00,add_to_cart
EV-502759,U1251,2026-02-16 23:42:00,checkout_start
EV-508366,U1921,2026-02-16 23:42:00,add_to_cart
EV-502760,U1251,2026-02-16 23:43:00,payment_success
EV-500371,U1041,2026-02-16 23:44:00,product_view
EV-501203,U1106,2026-02-16 23:44:00,add_to_cart
EV-501620,U1143,2026-02-16 23:44:00,product_view
EV-501709,U1151,2026-02-16 23:45:00,checkout_start
EV-503735,U1335,2026-02-16 23:46:00,product_view
EV-501204,U1106,2026-02-16 23:47:00,checkout_start
EV-501710,U1151,2026-02-16 23:47:00,payment_success
EV-500372,U1041,2026-02-16 23:48:00,add_to_cart
EV-501205,U1106,2026-02-16 23:48:00,payment_success
EV-501621,U1143,2026-02-16 23:48:00,product_view
EV-503736,U1335,2026-02-16 23:49:00,add_to_cart
EV-503737,U1335,2026-02-16 23:51:00,checkout_start
EV-500373,U1041,2026-02-16 23:52:00,checkout_start
EV-501622,U1143,2026-02-16 23:52:00,product_view
EV-503738,U1335,2026-02-16 23:52:00,payment_success
EV-500374,U1041,2026-02-16 23:53:00,payment_success
EV-501623,U1143,2026-02-16 23:54:00,add_to_cart
EV-501624,U1143,2026-02-16 23:58:00,checkout_start
EV-508449,U2044,2026-02-17 00:55:00,app_open
EV-508450,U2044,2026-02-17 00:58:00,product_view
EV-507640,U1548,2026-02-17 05:25:00,app_open
EV-507641,U1548,2026-02-17 05:28:00,product_view
EV-507905,U1290,2026-02-17 06:10:00,app_open
EV-507906,U1290,2026-02-17 06:13:00,product_view
EV-508024,U2316,2026-02-17 06:17:00,app_open
EV-508025,U2316,2026-02-17 06:20:00,product_view
EV-508844,U1038,2026-02-17 07:57:00,app_open
EV-508845,U1038,2026-02-17 08:00:00,product_view
EV-508846,U1038,2026-02-17 08:04:00,add_to_cart
EV-508053,U2049,2026-02-17 08:45:00,app_open
EV-508054,U2049,2026-02-17 08:48:00,product_view
EV-508285,U1168,2026-02-17 09:15:00,app_open
EV-508286,U1168,2026-02-17 09:18:00,product_view
EV-508287,U1168,2026-02-17 09:22:00,add_to_cart
EV-508573,U1568,2026-02-17 10:56:00,app_open
EV-508574,U1568,2026-02-17 10:59:00,product_view
EV-508631,U1728,2026-02-17 17:47:00,app_open
EV-508632,U1728,2026-02-17 17:50:00,product_view
EV-507145,U1518,2026-02-17 18:55:00,app_open
EV-507146,U1518,2026-02-17 18:58:00,product_view
EV-507874,U2239,2026-02-17 22:24:00,app_open
EV-507875,U2239,2026-02-17 22:27:00,product_view
EV-503798,U1340,2026-02-17 23:20:00,app_open
EV-505281,U1468,2026-02-17 23:20:00,app_open
EV-506925,U1622,2026-02-17 23:20:00,app_open
EV-500406,U1042,2026-02-17 23:21:00,app_open
EV-506969,U1623,2026-02-17 23:21:00,app_open
EV-503799,U1340,2026-02-17 23:22:00,product_view
EV-505282,U1468,2026-02-17 23:22:00,product_view
EV-505870,U1537,2026-02-17 23:22:00,app_open
EV-506926,U1622,2026-02-17 23:22:00,product_view
EV-506970,U1623,2026-02-17 23:23:00,product_view
EV-500407,U1042,2026-02-17 23:24:00,product_view
EV-503800,U1340,2026-02-17 23:24:00,add_to_cart
EV-506971,U1623,2026-02-17 23:25:00,product_view
EV-500408,U1042,2026-02-17 23:26:00,add_to_cart
EV-504637,U1404,2026-02-17 23:26:00,app_open
EV-506927,U1622,2026-02-17 23:26:00,product_view
EV-500375,U1041,2026-02-17 23:27:00,app_open
EV-503801,U1340,2026-02-17 23:27:00,checkout_start
EV-505283,U1468,2026-02-17 23:27:00,product_view
EV-505871,U1537,2026-02-17 23:27:00,product_view
EV-503802,U1340,2026-02-17 23:28:00,payment_success
EV-500409,U1042,2026-02-17 23:29:00,checkout_start
EV-506972,U1623,2026-02-17 23:29:00,add_to_cart
EV-506928,U1622,2026-02-17 23:30:00,product_view
EV-500376,U1041,2026-02-17 23:31:00,product_view
EV-500410,U1042,2026-02-17 23:31:00,payment_success
EV-504638,U1404,2026-02-17 23:31:00,product_view
EV-506973,U1623,2026-02-17 23:31:00,checkout_start
EV-505284,U1468,2026-02-17 23:32:00,product_view
EV-505872,U1537,2026-02-17 23:32:00,product_view
EV-504639,U1404,2026-02-17 23:33:00,product_view
EV-505285,U1468,2026-02-17 23:34:00,add_to_cart
EV-506929,U1622,2026-02-17 23:34:00,add_to_cart
EV-500377,U1041,2026-02-17 23:36:00,product_view
EV-505286,U1468,2026-02-17 23:36:00,checkout_start
EV-506930,U1622,2026-02-17 23:36:00,checkout_start
EV-504640,U1404,2026-02-17 23:37:00,add_to_cart
EV-505873,U1537,2026-02-17 23:37:00,product_view
EV-506931,U1622,2026-02-17 23:37:00,payment_success
EV-500378,U1041,2026-02-17 23:39:00,product_view
EV-505874,U1537,2026-02-17 23:39:00,add_to_cart
EV-504641,U1404,2026-02-17 23:40:00,checkout_start
EV-500379,U1041,2026-02-17 23:41:00,add_to_cart
EV-504642,U1404,2026-02-17 23:42:00,payment_success
EV-505875,U1537,2026-02-17 23:42:00,checkout_start
EV-500380,U1041,2026-02-17 23:44:00,checkout_start
EV-505876,U1537,2026-02-17 23:44:00,payment_success
EV-500381,U1041,2026-02-17 23:46:00,payment_success
EV-502418,U1216,2026-02-17 23:50:00,app_open
EV-502419,U1216,2026-02-17 23:55:00,product_view
EV-502420,U1216,2026-02-18 00:00:00,product_view
EV-502421,U1216,2026-02-18 00:05:00,product_view
EV-502422,U1216,2026-02-18 00:08:00,add_to_cart
EV-502423,U1216,2026-02-18 00:12:00,checkout_start
EV-508243,U1438,2026-02-18 12:26:00,app_open
EV-508244,U1438,2026-02-18 12:29:00,product_view
EV-507125,U1467,2026-02-18 14:31:00,app_open
EV-507126,U1467,2026-02-18 14:34:00,product_view
EV-507127,U1467,2026-02-18 14:38:00,add_to_cart
EV-507500,U1865,2026-02-18 18:37:00,app_open
EV-507501,U1865,2026-02-18 18:40:00,product_view
EV-508873,U2062,2026-02-18 21:46:00,app_open
EV-508874,U2062,2026-02-18 21:49:00,product_view
EV-507584,U2348,2026-02-18 21:50:00,app_open
EV-507585,U2348,2026-02-18 21:53:00,product_view
EV-507586,U2348,2026-02-18 21:57:00,add_to_cart
EV-505185,U1455,2026-02-18 23:20:00,app_open
EV-501784,U1160,2026-02-18 23:21:00,app_open
EV-500210,U1027,2026-02-18 23:22:00,app_open
EV-502285,U1205,2026-02-18 23:22:00,app_open
EV-502902,U1263,2026-02-18 23:22:00,app_open
EV-505186,U1455,2026-02-18 23:22:00,product_view
EV-501785,U1160,2026-02-18 23:23:00,product_view
EV-501786,U1160,2026-02-18 23:25:00,product_view
EV-502286,U1205,2026-02-18 23:25:00,product_view
EV-505187,U1455,2026-02-18 23:25:00,add_to_cart
EV-503751,U1338,2026-02-18 23:26:00,app_open
EV-500211,U1027,2026-02-18 23:27:00,product_view
EV-502903,U1263,2026-02-18 23:27:00,product_view
EV-505188,U1455,2026-02-18 23:27:00,checkout_start
EV-501445,U1130,2026-02-18 23:28:00,app_open
EV-505189,U1455,2026-02-18 23:28:00,payment_success
EV-501787,U1160,2026-02-18 23:29:00,product_view
EV-502287,U1205,2026-02-18 23:29:00,add_to_cart
EV-503752,U1338,2026-02-18 23:29:00,product_view
EV-500212,U1027,2026-02-18 23:30:00,add_to_cart
EV-501446,U1130,2026-02-18 23:30:00,product_view
EV-501030,U1095,2026-02-18 23:31:00,app_open
EV-501788,U1160,2026-02-18 23:31:00,add_to_cart
EV-502904,U1263,2026-02-18 23:31:00,add_to_cart
EV-502288,U1205,2026-02-18 23:32:00,checkout_start
EV-500213,U1027,2026-02-18 23:33:00,checkout_start
EV-501031,U1095,2026-02-18 23:33:00,product_view
EV-501789,U1160,2026-02-18 23:33:00,checkout_start
EV-502905,U1263,2026-02-18 23:33:00,checkout_start
EV-503753,U1338,2026-02-18 23:33:00,add_to_cart
EV-500214,U1027,2026-02-18 23:34:00,payment_success
EV-501790,U1160,2026-02-18 23:34:00,payment_success
EV-502289,U1205,2026-02-18 23:34:00,payment_success
EV-502906,U1263,2026-02-18 23:34:00,payment_success
EV-501447,U1130,2026-02-18 23:35:00,product_view
EV-503754,U1338,2026-02-18 23:35:00,checkout_start
EV-503755,U1338,2026-02-18 23:36:00,payment_success
EV-504069,U1362,2026-02-18 23:37:00,app_open
EV-501032,U1095,2026-02-18 23:38:00,product_view
EV-501448,U1130,2026-02-18 23:39:00,add_to_cart
EV-504070,U1362,2026-02-18 23:39:00,product_view
EV-501449,U1130,2026-02-18 23:41:00,checkout_start
EV-504071,U1362,2026-02-18 23:41:00,product_view
EV-501033,U1095,2026-02-18 23:42:00,add_to_cart
EV-501450,U1130,2026-02-18 23:42:00,payment_success
EV-507248,U2379,2026-02-18 23:42:00,app_open
EV-501034,U1095,2026-02-18 23:44:00,checkout_start
EV-503134,U1281,2026-02-18 23:44:00,app_open
EV-504072,U1362,2026-02-18 23:44:00,product_view
EV-501035,U1095,2026-02-18 23:45:00,payment_success
EV-501427,U1128,2026-02-18 23:45:00,app_open
EV-507249,U2379,2026-02-18 23:45:00,product_view
EV-503073,U1274,2026-02-18 23:46:00,app_open
EV-501428,U1128,2026-02-18 23:47:00,product_view
EV-504073,U1362,2026-02-18 23:47:00,add_to_cart
EV-503135,U1281,2026-02-18 23:48:00,product_view
EV-504579,U1397,2026-02-18 23:48:00,app_open
EV-503074,U1274,2026-02-18 23:49:00,product_view
EV-503309,U1294,2026-02-18 23:49:00,app_open
EV-501429,U1128,2026-02-18 23:50:00,product_view
EV-504074,U1362,2026-02-18 23:51:00,checkout_start
EV-503136,U1281,2026-02-18 23:52:00,product_view
EV-504075,U1362,2026-02-18 23:52:00,payment_success
EV-504580,U1397,2026-02-18 23:52:00,product_view
EV-503075,U1274,2026-02-18 23:53:00,product_view
EV-503310,U1294,2026-02-18 23:53:00,product_view
EV-504581,U1397,2026-02-18 23:54:00,product_view
EV-501430,U1128,2026-02-18 23:55:00,product_view
EV-503137,U1281,2026-02-18 23:56:00,add_to_cart
EV-501431,U1128,2026-02-18 23:57:00,add_to_cart
EV-503076,U1274,2026-02-18 23:57:00,add_to_cart
EV-503311,U1294,2026-02-18 23:58:00,product_view
EV-503077,U1274,2026-02-18 23:59:00,checkout_start
EV-503138,U1281,2026-02-18 23:59:00,checkout_start
EV-504582,U1397,2026-02-18 23:59:00,product_view
EV-503078,U1274,2026-02-19 00:00:00,payment_success
EV-501432,U1128,2026-02-19 00:01:00,checkout_start
EV-503139,U1281,2026-02-19 00:01:00,payment_success
EV-503312,U1294,2026-02-19 00:01:00,add_to_cart
EV-501433,U1128,2026-02-19 00:03:00,payment_success
EV-504583,U1397,2026-02-19 00:03:00,add_to_cart
EV-503313,U1294,2026-02-19 00:04:00,checkout_start
EV-504584,U1397,2026-02-19 00:05:00,checkout_start
EV-503314,U1294,2026-02-19 00:06:00,payment_success
EV-504585,U1397,2026-02-19 00:07:00,payment_success
EV-508762,U1458,2026-02-19 01:36:00,app_open
EV-508763,U1458,2026-02-19 01:39:00,product_view
EV-508012,U2374,2026-02-19 05:05:00,app_open
EV-508013,U2374,2026-02-19 05:08:00,product_view
EV-508014,U2374,2026-02-19 05:12:00,add_to_cart
EV-508042,U1451,2026-02-19 07:06:00,app_open
EV-508043,U1451,2026-02-19 07:09:00,product_view
EV-507731,U1675,2026-02-19 08:51:00,app_open
EV-507732,U1675,2026-02-19 08:54:00,product_view
EV-507798,U2435,2026-02-19 13:20:00,app_open
EV-507799,U2435,2026-02-19 13:23:00,product_view
EV-507800,U2435,2026-02-19 13:27:00,add_to_cart
EV-508421,U1144,2026-02-19 18:43:00,app_open
EV-508422,U1144,2026-02-19 18:46:00,product_view
EV-508868,U1399,2026-02-19 19:25:00,app_open
EV-508869,U1399,2026-02-19 19:28:00,product_view
EV-507426,U1620,2026-02-19 20:13:00,app_open
EV-507427,U1620,2026-02-19 20:16:00,product_view
EV-500337,U1037,2026-02-19 23:20:00,app_open
EV-502040,U1189,2026-02-19 23:20:00,app_open
EV-506241,U1567,2026-02-19 23:21:00,app_open
EV-500338,U1037,2026-02-19 23:22:00,product_view
EV-502965,U1268,2026-02-19 23:22:00,app_open
EV-502290,U1205,2026-02-19 23:24:00,app_open
EV-502966,U1268,2026-02-19 23:24:00,product_view
EV-502041,U1189,2026-02-19 23:25:00,product_view
EV-501036,U1095,2026-02-19 23:26:00,app_open
EV-502967,U1268,2026-02-19 23:26:00,product_view
EV-506242,U1567,2026-02-19 23:26:00,product_view
EV-500339,U1037,2026-02-19 23:27:00,product_view
EV-502042,U1189,2026-02-19 23:27:00,product_view
EV-502291,U1205,2026-02-19 23:27:00,product_view
EV-502968,U1268,2026-02-19 23:28:00,product_view
EV-500340,U1037,2026-02-19 23:29:00,product_view
EV-501037,U1095,2026-02-19 23:29:00,product_view
EV-502292,U1205,2026-02-19 23:30:00,product_view
EV-505092,U1443,2026-02-19 23:30:00,app_open
EV-506243,U1567,2026-02-19 23:30:00,product_view
EV-500341,U1037,2026-02-19 23:31:00,add_to_cart
EV-502043,U1189,2026-02-19 23:31:00,product_view
EV-502969,U1268,2026-02-19 23:32:00,add_to_cart
EV-501038,U1095,2026-02-19 23:33:00,product_view
EV-505093,U1443,2026-02-19 23:33:00,product_view
EV-506244,U1567,2026-02-19 23:33:00,product_view
EV-506495,U1589,2026-02-19 23:33:00,app_open
EV-500342,U1037,2026-02-19 23:34:00,checkout_start
EV-502044,U1189,2026-02-19 23:34:00,add_to_cart
EV-500343,U1037,2026-02-19 23:35:00,payment_success
EV-502293,U1205,2026-02-19 23:35:00,product_view
EV-501039,U1095,2026-02-19 23:36:00,add_to_cart
EV-502970,U1268,2026-02-19 23:36:00,checkout_start
EV-505094,U1443,2026-02-19 23:36:00,add_to_cart
EV-506245,U1567,2026-02-19 23:36:00,add_to_cart
EV-506496,U1589,2026-02-19 23:36:00,product_view
EV-502045,U1189,2026-02-19 23:37:00,checkout_start
EV-502294,U1205,2026-02-19 23:37:00,add_to_cart
EV-502971,U1268,2026-02-19 23:38:00,payment_success
EV-505847,U1533,2026-02-19 23:38:00,app_open
EV-506497,U1589,2026-02-19 23:38:00,product_view
EV-502046,U1189,2026-02-19 23:39:00,payment_success
EV-502295,U1205,2026-02-19 23:39:00,checkout_start
EV-505095,U1443,2026-02-19 23:39:00,checkout_start
EV-506246,U1567,2026-02-19 23:39:00,checkout_start
EV-500553,U1057,2026-02-19 23:40:00,app_open
EV-501040,U1095,2026-02-19 23:40:00,checkout_start
EV-502296,U1205,2026-02-19 23:40:00,payment_success
EV-506498,U1589,2026-02-19 23:40:00,add_to_cart
EV-500600,U1060,2026-02-19 23:41:00,app_open
EV-501041,U1095,2026-02-19 23:41:00,payment_success
EV-505096,U1443,2026-02-19 23:41:00,payment_success
EV-506247,U1567,2026-02-19 23:41:00,payment_success
EV-500554,U1057,2026-02-19 23:42:00,product_view
EV-501514,U1136,2026-02-19 23:42:00,app_open
EV-505848,U1533,2026-02-19 23:42:00,product_view
EV-504806,U1417,2026-02-19 23:43:00,app_open
EV-506499,U1589,2026-02-19 23:43:00,checkout_start
EV-500555,U1057,2026-02-19 23:44:00,product_view
EV-504200,U1370,2026-02-19 23:44:00,app_open
EV-500449,U1046,2026-02-19 23:45:00,app_open
EV-500601,U1060,2026-02-19 23:45:00,product_view
EV-503140,U1281,2026-02-19 23:46:00,app_open
EV-500450,U1046,2026-02-19 23:47:00,product_view
EV-500556,U1057,2026-02-19 23:47:00,product_view
EV-501515,U1136,2026-02-19 23:47:00,product_view
EV-504807,U1417,2026-02-19 23:47:00,product_view
EV-505849,U1533,2026-02-19 23:47:00,product_view
EV-501206,U1106,2026-02-19 23:48:00,app_open
EV-504201,U1370,2026-02-19 23:48:00,product_view
EV-500557,U1057,2026-02-19 23:49:00,add_to_cart
EV-500602,U1060,2026-02-19 23:49:00,product_view
EV-505850,U1533,2026-02-19 23:49:00,add_to_cart
EV-503141,U1281,2026-02-19 23:50:00,product_view
EV-500451,U1046,2026-02-19 23:51:00,add_to_cart
EV-504808,U1417,2026-02-19 23:51:00,product_view
EV-505851,U1533,2026-02-19 23:51:00,checkout_start
EV-501516,U1136,2026-02-19 23:52:00,product_view
EV-503142,U1281,2026-02-19 23:52:00,add_to_cart
EV-504202,U1370,2026-02-19 23:52:00,product_view
EV-500558,U1057,2026-02-19 23:53:00,checkout_start
EV-500603,U1060,2026-02-19 23:53:00,add_to_cart
EV-501207,U1106,2026-02-19 23:53:00,product_view
EV-505852,U1533,2026-02-19 23:53:00,payment_success
EV-500452,U1046,2026-02-19 23:54:00,checkout_start
EV-501517,U1136,2026-02-19 23:54:00,product_view
EV-503143,U1281,2026-02-19 23:54:00,checkout_start
EV-500453,U1046,2026-02-19 23:55:00,payment_success
EV-500559,U1057,2026-02-19 23:55:00,payment_success
EV-504809,U1417,2026-02-19 23:55:00,add_to_cart
EV-504203,U1370,2026-02-19 23:56:00,add_to_cart
EV-500604,U1060,2026-02-19 23:57:00,checkout_start
EV-501208,U1106,2026-02-19 23:57:00,product_view
EV-501518,U1136,2026-02-19 23:57:00,add_to_cart
EV-504810,U1417,2026-02-19 23:57:00,checkout_start
EV-504811,U1417,2026-02-19 23:58:00,payment_success
EV-500605,U1060,2026-02-19 23:59:00,payment_success
EV-504204,U1370,2026-02-19 23:59:00,checkout_start
EV-501209,U1106,2026-02-20 00:01:00,add_to_cart
EV-501519,U1136,2026-02-20 00:01:00,checkout_start
EV-504205,U1370,2026-02-20 00:01:00,payment_success
EV-501520,U1136,2026-02-20 00:03:00,payment_success
EV-501210,U1106,2026-02-20 00:05:00,checkout_start
EV-507615,U2333,2026-02-20 02:59:00,app_open
EV-507616,U2333,2026-02-20 03:02:00,product_view
EV-507344,U1093,2026-02-20 07:36:00,app_open
EV-507345,U1093,2026-02-20 07:39:00,product_view
EV-507346,U1093,2026-02-20 07:43:00,add_to_cart
EV-508756,U1719,2026-02-20 11:38:00,app_open
EV-508757,U1719,2026-02-20 11:41:00,product_view
EV-507728,U1140,2026-02-20 12:52:00,app_open
EV-507729,U1140,2026-02-20 12:55:00,product_view
EV-507730,U1140,2026-02-20 12:59:00,add_to_cart
EV-508877,U1872,2026-02-20 16:29:00,app_open
EV-508878,U1872,2026-02-20 16:32:00,product_view
EV-508599,U2283,2026-02-20 19:16:00,app_open
EV-508600,U2283,2026-02-20 19:19:00,product_view
EV-508601,U2283,2026-02-20 19:23:00,add_to_cart
EV-506726,U1607,2026-02-20 23:22:00,app_open
EV-506727,U1607,2026-02-20 23:27:00,product_view
EV-500382,U1041,2026-02-20 23:28:00,app_open
EV-500383,U1041,2026-02-20 23:30:00,product_view
EV-506728,U1607,2026-02-20 23:30:00,add_to_cart
EV-500460,U1048,2026-02-20 23:31:00,app_open
EV-503474,U1318,2026-02-20 23:32:00,app_open
EV-504786,U1416,2026-02-20 23:32:00,app_open
EV-500384,U1041,2026-02-20 23:34:00,product_view
EV-500461,U1048,2026-02-20 23:34:00,product_view
EV-504787,U1416,2026-02-20 23:34:00,product_view
EV-506729,U1607,2026-02-20 23:34:00,checkout_start
EV-505977,U1545,2026-02-20 23:35:00,app_open
EV-506730,U1607,2026-02-20 23:35:00,payment_success
EV-500385,U1041,2026-02-20 23:36:00,add_to_cart
EV-503475,U1318,2026-02-20 23:36:00,product_view
EV-504788,U1416,2026-02-20 23:36:00,product_view
EV-505328,U1474,2026-02-20 23:37:00,app_open
EV-505978,U1545,2026-02-20 23:37:00,product_view
EV-500462,U1048,2026-02-20 23:38:00,product_view
EV-506388,U1580,2026-02-20 23:38:00,app_open
EV-500386,U1041,2026-02-20 23:39:00,checkout_start
EV-504789,U1416,2026-02-20 23:39:00,product_view
EV-500387,U1041,2026-02-20 23:40:00,payment_success
EV-500463,U1048,2026-02-20 23:40:00,add_to_cart
EV-503476,U1318,2026-02-20 23:40:00,product_view
EV-505097,U1443,2026-02-20 23:40:00,app_open
EV-504790,U1416,2026-02-20 23:41:00,add_to_cart
EV-502616,U1233,2026-02-20 23:42:00,app_open
EV-505329,U1474,2026-02-20 23:42:00,product_view
EV-505979,U1545,2026-02-20 23:42:00,product_view
EV-506389,U1580,2026-02-20 23:42:00,product_view
EV-501570,U1142,2026-02-20 23:43:00,app_open
EV-504791,U1416,2026-02-20 23:43:00,checkout_start
EV-505098,U1443,2026-02-20 23:43:00,product_view
EV-500464,U1048,2026-02-20 23:44:00,checkout_start
EV-502617,U1233,2026-02-20 23:44:00,product_view
EV-505980,U1545,2026-02-20 23:44:00,add_to_cart
EV-500465,U1048,2026-02-20 23:45:00,payment_success
EV-503477,U1318,2026-02-20 23:45:00,product_view
EV-504792,U1416,2026-02-20 23:45:00,payment_success
EV-505099,U1443,2026-02-20 23:45:00,add_to_cart
EV-506390,U1580,2026-02-20 23:45:00,add_to_cart
EV-502618,U1233,2026-02-20 23:46:00,product_view
EV-505330,U1474,2026-02-20 23:46:00,add_to_cart
EV-505918,U1542,2026-02-20 23:47:00,app_open
EV-501571,U1142,2026-02-20 23:48:00,product_view
EV-501659,U1147,2026-02-20 23:48:00,app_open
EV-503645,U1329,2026-02-20 23:48:00,app_open
EV-505331,U1474,2026-02-20 23:48:00,checkout_start
EV-505981,U1545,2026-02-20 23:48:00,checkout_start
EV-506391,U1580,2026-02-20 23:48:00,checkout_start
EV-503478,U1318,2026-02-20 23:49:00,add_to_cart
EV-505100,U1443,2026-02-20 23:49:00,checkout_start
EV-506392,U1580,2026-02-20 23:49:00,payment_success
EV-502619,U1233,2026-02-20 23:50:00,add_to_cart
EV-503646,U1329,2026-02-20 23:50:00,product_view
EV-505101,U1443,2026-02-20 23:50:00,payment_success
EV-505332,U1474,2026-02-20 23:50:00,payment_success
EV-505982,U1545,2026-02-20 23:50:00,payment_success
EV-503479,U1318,2026-02-20 23:51:00,checkout_start
EV-501660,U1147,2026-02-20 23:52:00,product_view
EV-502620,U1233,2026-02-20 23:52:00,checkout_start
EV-503480,U1318,2026-02-20 23:52:00,payment_success
EV-505919,U1542,2026-02-20 23:52:00,product_view
EV-501572,U1142,2026-02-20 23:53:00,product_view
EV-503647,U1329,2026-02-20 23:53:00,product_view
EV-502621,U1233,2026-02-20 23:54:00,payment_success
EV-501573,U1142,2026-02-20 23:56:00,add_to_cart
EV-501661,U1147,2026-02-20 23:56:00,add_to_cart
EV-503648,U1329,2026-02-20 23:57:00,add_to_cart
EV-505920,U1542,2026-02-20 23:57:00,product_view
EV-501662,U1147,2026-02-20 23:59:00,checkout_start
EV-501574,U1142,2026-02-21 00:00:00,checkout_start
EV-503649,U1329,2026-02-21 00:00:00,checkout_start
EV-501575,U1142,2026-02-21 00:01:00,payment_success
EV-501663,U1147,2026-02-21 00:01:00,payment_success
EV-503650,U1329,2026-02-21 00:01:00,payment_success
EV-505921,U1542,2026-02-21 00:01:00,add_to_cart
EV-505922,U1542,2026-02-21 00:03:00,checkout_start
EV-505923,U1542,2026-02-21 00:04:00,payment_success
EV-507779,U1148,2026-02-21 02:31:00,app_open
EV-507780,U1148,2026-02-21 02:34:00,product_view
EV-507781,U1148,2026-02-21 02:38:00,add_to_cart
EV-507237,U1484,2026-02-21 02:59:00,app_open
EV-507238,U1484,2026-02-21 03:02:00,product_view
EV-507101,U1284,2026-02-21 10:21:00,app_open
EV-507102,U1284,2026-02-21 10:24:00,product_view
EV-507462,U1699,2026-02-21 15:24:00,app_open
EV-507463,U1699,2026-02-21 15:27:00,product_view
EV-507464,U1699,2026-02-21 15:31:00,add_to_cart
EV-507277,U2196,2026-02-21 17:00:00,app_open
EV-507278,U2196,2026-02-21 17:03:00,product_view
EV-503836,U1342,2026-02-21 23:19:00,app_open
EV-503837,U1342,2026-02-21 23:21:00,product_view
EV-503838,U1342,2026-02-21 23:23:00,add_to_cart
EV-504661,U1406,2026-02-21 23:24:00,app_open
EV-503839,U1342,2026-02-21 23:26:00,checkout_start
EV-504040,U1359,2026-02-21 23:26:00,app_open
EV-503840,U1342,2026-02-21 23:27:00,payment_success
EV-502541,U1223,2026-02-21 23:29:00,app_open
EV-504041,U1359,2026-02-21 23:29:00,product_view
EV-504662,U1406,2026-02-21 23:29:00,product_view
EV-502542,U1223,2026-02-21 23:32:00,product_view
EV-504042,U1359,2026-02-21 23:32:00,product_view
EV-504663,U1406,2026-02-21 23:32:00,product_view
EV-504664,U1406,2026-02-21 23:34:00,add_to_cart
EV-504043,U1359,2026-02-21 23:35:00,add_to_cart
EV-504665,U1406,2026-02-21 23:36:00,checkout_start
EV-502543,U1223,2026-02-21 23:37:00,product_view
EV-504044,U1359,2026-02-21 23:38:00,checkout_start
EV-504666,U1406,2026-02-21 23:38:00,payment_success
EV-502544,U1223,2026-02-21 23:39:00,add_to_cart
EV-504045,U1359,2026-02-21 23:40:00,payment_success
EV-505779,U1526,2026-02-21 23:40:00,app_open
EV-502545,U1223,2026-02-21 23:41:00,checkout_start
EV-501521,U1136,2026-02-21 23:42:00,app_open
EV-502546,U1223,2026-02-21 23:42:00,payment_success
EV-501522,U1136,2026-02-21 23:44:00,product_view
EV-505780,U1526,2026-02-21 23:44:00,product_view
EV-506713,U1606,2026-02-21 23:45:00,app_open
EV-503267,U1288,2026-02-21 23:46:00,app_open
EV-501053,U1097,2026-02-21 23:47:00,app_open
EV-506069,U1553,2026-02-21 23:47:00,app_open
EV-506714,U1606,2026-02-21 23:47:00,product_view
EV-501523,U1136,2026-02-21 23:48:00,add_to_cart
EV-505781,U1526,2026-02-21 23:48:00,add_to_cart
EV-506715,U1606,2026-02-21 23:49:00,product_view
EV-506070,U1553,2026-02-21 23:50:00,product_view
EV-501524,U1136,2026-02-21 23:51:00,checkout_start
EV-503268,U1288,2026-02-21 23:51:00,product_view
EV-505782,U1526,2026-02-21 23:51:00,checkout_start
EV-501054,U1097,2026-02-21 23:52:00,product_view
EV-505783,U1526,2026-02-21 23:52:00,payment_success
EV-501525,U1136,2026-02-21 23:53:00,payment_success
EV-506716,U1606,2026-02-21 23:53:00,product_view
EV-506071,U1553,2026-02-21 23:54:00,product_view
EV-503269,U1288,2026-02-21 23:55:00,product_view
EV-501055,U1097,2026-02-21 23:57:00,product_view
EV-506717,U1606,2026-02-21 23:57:00,add_to_cart
EV-503270,U1288,2026-02-21 23:58:00,add_to_cart
EV-506072,U1553,2026-02-21 23:59:00,product_view
EV-501056,U1097,2026-02-22 00:00:00,add_to_cart
EV-506718,U1606,2026-02-22 00:00:00,checkout_start
EV-506073,U1553,2026-02-22 00:01:00,add_to_cart
EV-503271,U1288,2026-02-22 00:02:00,checkout_start
EV-501057,U1097,2026-02-22 00:03:00,checkout_start
EV-501058,U1097,2026-02-22 00:04:00,payment_success
EV-503272,U1288,2026-02-22 00:04:00,payment_success
EV-506074,U1553,2026-02-22 00:04:00,checkout_start
EV-506075,U1553,2026-02-22 00:06:00,payment_success
EV-508790,U1867,2026-02-22 05:01:00,app_open
EV-508791,U1867,2026-02-22 05:04:00,product_view
EV-508792,U1867,2026-02-22 05:08:00,add_to_cart
EV-507403,U1382,2026-02-22 10:39:00,app_open
EV-507404,U1382,2026-02-22 10:42:00,product_view
EV-507405,U1382,2026-02-22 10:46:00,add_to_cart
EV-507201,U1250,2026-02-22 15:08:00,app_open
EV-507202,U1250,2026-02-22 15:11:00,product_view
EV-507111,U2231,2026-02-22 15:18:00,app_open
EV-507112,U2231,2026-02-22 15:21:00,product_view
EV-507113,U2231,2026-02-22 15:25:00,add_to_cart
EV-508143,U2185,2026-02-22 16:01:00,app_open
EV-508144,U2185,2026-02-22 16:04:00,product_view
EV-507097,U2335,2026-02-22 17:31:00,app_open
EV-507098,U2335,2026-02-22 17:34:00,product_view
EV-507384,U1268,2026-02-22 21:56:00,app_open
EV-507385,U1268,2026-02-22 21:59:00,product_view
EV-505333,U1474,2026-02-22 23:16:00,app_open
EV-505334,U1474,2026-02-22 23:18:00,product_view
EV-503510,U1320,2026-02-22 23:20:00,app_open
EV-503511,U1320,2026-02-22 23:22:00,product_view
EV-501921,U1177,2026-02-22 23:23:00,app_open
EV-505335,U1474,2026-02-22 23:23:00,product_view
EV-505877,U1538,2026-02-22 23:23:00,app_open
EV-503512,U1320,2026-02-22 23:25:00,add_to_cart
EV-505878,U1538,2026-02-22 23:25:00,product_view
EV-503628,U1328,2026-02-22 23:26:00,app_open
EV-505336,U1474,2026-02-22 23:26:00,add_to_cart
EV-501922,U1177,2026-02-22 23:27:00,product_view
EV-500162,U1016,2026-02-22 23:28:00,app_open
EV-503513,U1320,2026-02-22 23:29:00,checkout_start
EV-503629,U1328,2026-02-22 23:30:00,product_view
EV-504812,U1417,2026-02-22 23:30:00,app_open
EV-505337,U1474,2026-02-22 23:30:00,checkout_start
EV-505879,U1538,2026-02-22 23:30:00,product_view
EV-501475,U1133,2026-02-22 23:31:00,app_open
EV-501923,U1177,2026-02-22 23:31:00,add_to_cart
EV-500163,U1016,2026-02-22 23:32:00,product_view
EV-504234,U1372,2026-02-22 23:32:00,app_open
EV-505338,U1474,2026-02-22 23:32:00,payment_success
EV-505880,U1538,2026-02-22 23:33:00,product_view
EV-500164,U1016,2026-02-22 23:34:00,add_to_cart
EV-501476,U1133,2026-02-22 23:34:00,product_view
EV-501924,U1177,2026-02-22 23:34:00,checkout_start
EV-503630,U1328,2026-02-22 23:34:00,product_view
EV-504813,U1417,2026-02-22 23:34:00,product_view
EV-501925,U1177,2026-02-22 23:35:00,payment_success
EV-504235,U1372,2026-02-22 23:37:00,product_view
EV-504814,U1417,2026-02-22 23:37:00,add_to_cart
EV-505881,U1538,2026-02-22 23:37:00,add_to_cart
EV-500165,U1016,2026-02-22 23:38:00,checkout_start
EV-501477,U1133,2026-02-22 23:38:00,add_to_cart
EV-503631,U1328,2026-02-22 23:38:00,add_to_cart
EV-506268,U1569,2026-02-22 23:38:00,app_open
EV-500166,U1016,2026-02-22 23:39:00,payment_success
EV-504236,U1372,2026-02-22 23:39:00,product_view
EV-505882,U1538,2026-02-22 23:39:00,checkout_start
EV-503632,U1328,2026-02-22 23:40:00,checkout_start
EV-504815,U1417,2026-02-22 23:40:00,checkout_start
EV-504816,U1417,2026-02-22 23:41:00,payment_success
EV-505883,U1538,2026-02-22 23:41:00,payment_success
EV-501478,U1133,2026-02-22 23:42:00,checkout_start
EV-502669,U1237,2026-02-22 23:42:00,app_open
EV-503633,U1328,2026-02-22 23:42:00,payment_success
EV-506269,U1569,2026-02-22 23:42:00,product_view
EV-504237,U1372,2026-02-22 23:43:00,add_to_cart
EV-501479,U1133,2026-02-22 23:44:00,payment_success
EV-502670,U1237,2026-02-22 23:46:00,product_view
EV-506270,U1569,2026-02-22 23:46:00,product_view
EV-504238,U1372,2026-02-22 23:47:00,checkout_start
EV-504046,U1359,2026-02-22 23:48:00,app_open
EV-504239,U1372,2026-02-22 23:48:00,payment_success
EV-506271,U1569,2026-02-22 23:48:00,product_view
EV-502671,U1237,2026-02-22 23:49:00,product_view
EV-502672,U1237,2026-02-22 23:51:00,product_view
EV-504047,U1359,2026-02-22 23:51:00,product_view
EV-506272,U1569,2026-02-22 23:51:00,add_to_cart
EV-506273,U1569,2026-02-22 23:53:00,checkout_start
EV-504048,U1359,2026-02-22 23:54:00,product_view
EV-506274,U1569,2026-02-22 23:54:00,payment_success
EV-502673,U1237,2026-02-22 23:55:00,add_to_cart
EV-502674,U1237,2026-02-22 23:59:00,checkout_start
EV-504049,U1359,2026-02-22 23:59:00,product_view
EV-502675,U1237,2026-02-23 00:00:00,payment_success
EV-504050,U1359,2026-02-23 00:02:00,add_to_cart
EV-504051,U1359,2026-02-23 00:04:00,checkout_start
EV-508558,U2061,2026-02-23 02:43:00,app_open
EV-508559,U2061,2026-02-23 02:46:00,product_view
EV-507232,U1402,2026-02-23 03:07:00,app_open
EV-507233,U1402,2026-02-23 03:10:00,product_view
EV-507234,U1402,2026-02-23 03:14:00,add_to_cart
EV-508256,U1586,2026-02-23 04:19:00,app_open
EV-508257,U1586,2026-02-23 04:22:00,product_view
EV-508258,U1586,2026-02-23 04:26:00,add_to_cart
EV-507460,U1953,2026-02-23 05:36:00,app_open
EV-507461,U1953,2026-02-23 05:39:00,product_view
EV-507326,U1826,2026-02-23 08:05:00,app_open
EV-507327,U1826,2026-02-23 08:08:00,product_view
EV-508387,U2233,2026-02-23 10:15:00,app_open
EV-508388,U2233,2026-02-23 10:18:00,product_view
EV-508613,U2246,2026-02-23 11:23:00,app_open
EV-508614,U2246,2026-02-23 11:26:00,product_view
EV-508747,U2421,2026-02-23 11:39:00,app_open
EV-508748,U2421,2026-02-23 11:42:00,product_view
EV-508749,U2421,2026-02-23 11:46:00,add_to_cart
EV-507451,U2256,2026-02-23 14:13:00,app_open
EV-507452,U2256,2026-02-23 14:16:00,product_view
EV-507453,U2256,2026-02-23 14:20:00,add_to_cart
EV-507680,U2060,2026-02-23 16:48:00,app_open
EV-507681,U2060,2026-02-23 16:51:00,product_view
EV-507713,U1639,2026-02-23 20:21:00,app_open
EV-507714,U1639,2026-02-23 20:24:00,product_view
EV-507715,U1639,2026-02-23 20:28:00,add_to_cart
EV-508912,U2242,2026-02-23 21:41:00,app_open
EV-508913,U2242,2026-02-23 21:44:00,product_view
EV-508914,U2242,2026-02-23 21:48:00,add_to_cart
EV-506197,U1563,2026-02-23 23:17:00,app_open
EV-506416,U1583,2026-02-23 23:17:00,app_open
EV-506198,U1563,2026-02-23 23:21:00,product_view
EV-503084,U1275,2026-02-23 23:22:00,app_open
EV-506417,U1583,2026-02-23 23:22:00,product_view
EV-502622,U1233,2026-02-23 23:24:00,app_open
EV-506199,U1563,2026-02-23 23:24:00,product_view
EV-506418,U1583,2026-02-23 23:24:00,product_view
EV-502623,U1233,2026-02-23 23:26:00,product_view
EV-503085,U1275,2026-02-23 23:26:00,product_view
EV-506419,U1583,2026-02-23 23:26:00,product_view
EV-502624,U1233,2026-02-23 23:28:00,product_view
EV-503086,U1275,2026-02-23 23:28:00,add_to_cart
EV-506200,U1563,2026-02-23 23:29:00,product_view
EV-506420,U1583,2026-02-23 23:29:00,add_to_cart
EV-504817,U1417,2026-02-23 23:30:00,app_open
EV-506201,U1563,2026-02-23 23:31:00,add_to_cart
EV-502625,U1233,2026-02-23 23:32:00,add_to_cart
EV-503087,U1275,2026-02-23 23:32:00,checkout_start
EV-506421,U1583,2026-02-23 23:32:00,checkout_start
EV-503088,U1275,2026-02-23 23:33:00,payment_success
EV-503551,U1323,2026-02-23 23:33:00,app_open
EV-504818,U1417,2026-02-23 23:33:00,product_view
EV-506202,U1563,2026-02-23 23:33:00,checkout_start
EV-506203,U1563,2026-02-23 23:34:00,payment_success
EV-504819,U1417,2026-02-23 23:35:00,add_to_cart
EV-502626,U1233,2026-02-23 23:36:00,checkout_start
EV-503552,U1323,2026-02-23 23:37:00,product_view
EV-504820,U1417,2026-02-23 23:37:00,checkout_start
EV-502627,U1233,2026-02-23 23:38:00,payment_success
EV-504821,U1417,2026-02-23 23:39:00,payment_success
EV-503553,U1323,2026-02-23 23:41:00,add_to_cart
EV-501873,U1172,2026-02-23 23:42:00,app_open
EV-501874,U1172,2026-02-23 23:45:00,product_view
EV-503554,U1323,2026-02-23 23:45:00,checkout_start
EV-503739,U1335,2026-02-23 23:45:00,app_open
EV-501875,U1172,2026-02-23 23:47:00,add_to_cart
EV-503555,U1323,2026-02-23 23:47:00,payment_success
EV-503740,U1335,2026-02-23 23:48:00,product_view
EV-504498,U1392,2026-02-23 23:50:00,app_open
EV-501876,U1172,2026-02-23 23:51:00,checkout_start
EV-501877,U1172,2026-02-23 23:52:00,payment_success
EV-503741,U1335,2026-02-23 23:53:00,product_view
EV-504499,U1392,2026-02-23 23:54:00,product_view
EV-503742,U1335,2026-02-23 23:57:00,add_to_cart
EV-504500,U1392,2026-02-23 23:58:00,product_view
EV-503743,U1335,2026-02-24 00:01:00,checkout_start
EV-504501,U1392,2026-02-24 00:03:00,product_view
EV-504502,U1392,2026-02-24 00:07:00,add_to_cart
EV-504503,U1392,2026-02-24 00:10:00,checkout_start
EV-504504,U1392,2026-02-24 00:12:00,payment_success
EV-507076,U2144,2026-02-24 00:17:00,app_open
EV-507077,U2144,2026-02-24 00:20:00,product_view
EV-507078,U2144,2026-02-24 00:24:00,add_to_cart
EV-508344,U1412,2026-02-24 00:36:00,app_open
EV-508345,U1412,2026-02-24 00:39:00,product_view
EV-508346,U1412,2026-02-24 00:43:00,add_to_cart
EV-507876,U1492,2026-02-24 02:07:00,app_open
EV-507877,U1492,2026-02-24 02:10:00,product_view
EV-507428,U2322,2026-02-24 03:55:00,app_open
EV-507429,U2322,2026-02-24 03:58:00,product_view
EV-508209,U2197,2026-02-24 07:38:00,app_open
EV-508210,U2197,2026-02-24 07:41:00,product_view
EV-508655,U1188,2026-02-24 09:39:00,app_open
EV-508656,U1188,2026-02-24 09:42:00,product_view
EV-508657,U1188,2026-02-24 09:46:00,add_to_cart
EV-507448,U2186,2026-02-24 15:16:00,app_open
EV-507449,U2186,2026-02-24 15:19:00,product_view
EV-507450,U2186,2026-02-24 15:23:00,add_to_cart
EV-507033,U1626,2026-02-24 23:19:00,app_open
EV-501480,U1133,2026-02-24 23:22:00,app_open
EV-507034,U1626,2026-02-24 23:23:00,product_view
EV-506834,U1616,2026-02-24 23:24:00,app_open
EV-501481,U1133,2026-02-24 23:26:00,product_view
EV-501482,U1133,2026-02-24 23:28:00,add_to_cart
EV-507035,U1626,2026-02-24 23:28:00,product_view
EV-506835,U1616,2026-02-24 23:29:00,product_view
EV-506115,U1556,2026-02-24 23:30:00,app_open
EV-506359,U1578,2026-02-24 23:30:00,app_open
EV-501483,U1133,2026-02-24 23:32:00,checkout_start
EV-507036,U1626,2026-02-24 23:32:00,add_to_cart
EV-501484,U1133,2026-02-24 23:33:00,payment_success
EV-503385,U1307,2026-02-24 23:33:00,app_open
EV-506836,U1616,2026-02-24 23:34:00,product_view
EV-500076,U1005,2026-02-24 23:35:00,app_open
EV-506116,U1556,2026-02-24 23:35:00,product_view
EV-506360,U1578,2026-02-24 23:35:00,product_view
EV-503386,U1307,2026-02-24 23:36:00,product_view
EV-507037,U1626,2026-02-24 23:36:00,checkout_start
EV-503756,U1338,2026-02-24 23:37:00,app_open
EV-506117,U1556,2026-02-24 23:37:00,add_to_cart
EV-506837,U1616,2026-02-24 23:37:00,add_to_cart
EV-507038,U1626,2026-02-24 23:38:00,payment_success
EV-500077,U1005,2026-02-24 23:39:00,product_view
EV-506118,U1556,2026-02-24 23:39:00,checkout_start
EV-506361,U1578,2026-02-24 23:39:00,product_view
EV-503387,U1307,2026-02-24 23:40:00,product_view
EV-503757,U1338,2026-02-24 23:40:00,product_view
EV-506838,U1616,2026-02-24 23:40:00,checkout_start
EV-504266,U1375,2026-02-24 23:41:00,app_open
EV-506119,U1556,2026-02-24 23:41:00,payment_success
EV-503388,U1307,2026-02-24 23:42:00,product_view
EV-500078,U1005,2026-02-24 23:43:00,product_view
EV-503758,U1338,2026-02-24 23:43:00,add_to_cart
EV-506362,U1578,2026-02-24 23:43:00,product_view
EV-504267,U1375,2026-02-24 23:44:00,product_view
EV-505908,U1541,2026-02-24 23:45:00,app_open
EV-503389,U1307,2026-02-24 23:46:00,add_to_cart
EV-504268,U1375,2026-02-24 23:46:00,add_to_cart
EV-500079,U1005,2026-02-24 23:47:00,add_to_cart
EV-503759,U1338,2026-02-24 23:47:00,checkout_start
EV-505909,U1541,2026-02-24 23:47:00,product_view
EV-506363,U1578,2026-02-24 23:47:00,add_to_cart
EV-500042,U1003,2026-02-24 23:48:00,app_open
EV-503390,U1307,2026-02-24 23:49:00,checkout_start
EV-503760,U1338,2026-02-24 23:49:00,payment_success
EV-504269,U1375,2026-02-24 23:50:00,checkout_start
EV-505910,U1541,2026-02-24 23:50:00,add_to_cart
EV-506364,U1578,2026-02-24 23:50:00,checkout_start
EV-500080,U1005,2026-02-24 23:51:00,checkout_start
EV-506365,U1578,2026-02-24 23:51:00,payment_success
EV-504270,U1375,2026-02-24 23:52:00,payment_success
EV-505911,U1541,2026-02-24 23:52:00,checkout_start
EV-500043,U1003,2026-02-24 23:53:00,product_view
EV-500081,U1005,2026-02-24 23:53:00,payment_success
EV-505912,U1541,2026-02-24 23:53:00,payment_success
EV-500044,U1003,2026-02-24 23:57:00,add_to_cart
EV-500045,U1003,2026-02-24 23:59:00,checkout_start
EV-500046,U1003,2026-02-25 00:01:00,payment_success
EV-507086,U2420,2026-02-25 06:51:00,app_open
EV-507087,U2420,2026-02-25 06:54:00,product_view
EV-507088,U2420,2026-02-25 06:58:00,add_to_cart
EV-508793,U2240,2026-02-25 09:00:00,app_open
EV-508794,U2240,2026-02-25 09:03:00,product_view
EV-507349,U1176,2026-02-25 09:27:00,app_open
EV-507350,U1176,2026-02-25 09:30:00,product_view
EV-507365,U2043,2026-02-25 21:07:00,app_open
EV-507366,U2043,2026-02-25 21:10:00,product_view
EV-507367,U2043,2026-02-25 21:14:00,add_to_cart
EV-508673,U1581,2026-02-25 21:42:00,app_open
EV-508674,U1581,2026-02-25 21:45:00,product_view
EV-508675,U1581,2026-02-25 21:49:00,add_to_cart
EV-503481,U1318,2026-02-25 23:20:00,app_open
EV-501723,U1152,2026-02-25 23:21:00,app_open
EV-505102,U1443,2026-02-25 23:22:00,app_open
EV-503482,U1318,2026-02-25 23:23:00,product_view
EV-500258,U1031,2026-02-25 23:24:00,app_open
EV-501642,U1146,2026-02-25 23:24:00,app_open
EV-500259,U1031,2026-02-25 23:26:00,product_view
EV-501724,U1152,2026-02-25 23:26:00,product_view
EV-503483,U1318,2026-02-25 23:26:00,product_view
EV-505103,U1443,2026-02-25 23:27:00,product_view
EV-500260,U1031,2026-02-25 23:28:00,product_view
EV-501643,U1146,2026-02-25 23:29:00,product_view
EV-503651,U1329,2026-02-25 23:29:00,app_open
EV-500261,U1031,2026-02-25 23:30:00,add_to_cart
EV-503484,U1318,2026-02-25 23:30:00,add_to_cart
EV-505104,U1443,2026-02-25 23:30:00,product_view
EV-501725,U1152,2026-02-25 23:31:00,product_view
EV-501644,U1146,2026-02-25 23:32:00,add_to_cart
EV-503485,U1318,2026-02-25 23:32:00,checkout_start
EV-505105,U1443,2026-02-25 23:32:00,product_view
EV-500262,U1031,2026-02-25 23:33:00,checkout_start
EV-501726,U1152,2026-02-25 23:33:00,add_to_cart
EV-503486,U1318,2026-02-25 23:33:00,payment_success
EV-503652,U1329,2026-02-25 23:34:00,product_view
EV-505106,U1443,2026-02-25 23:34:00,add_to_cart
EV-500263,U1031,2026-02-25 23:35:00,payment_success
EV-500454,U1046,2026-02-25 23:36:00,app_open
EV-501645,U1146,2026-02-25 23:36:00,checkout_start
EV-501646,U1146,2026-02-25 23:37:00,payment_success
EV-501727,U1152,2026-02-25 23:37:00,checkout_start
EV-501728,U1152,2026-02-25 23:38:00,payment_success
EV-503653,U1329,2026-02-25 23:38:00,product_view
EV-505107,U1443,2026-02-25 23:38:00,checkout_start
EV-500455,U1046,2026-02-25 23:39:00,product_view
EV-505108,U1443,2026-02-25 23:39:00,payment_success
EV-503654,U1329,2026-02-25 23:42:00,add_to_cart
EV-500456,U1046,2026-02-25 23:43:00,product_view
EV-506204,U1563,2026-02-25 23:44:00,app_open
EV-503655,U1329,2026-02-25 23:46:00,checkout_start
EV-500457,U1046,2026-02-25 23:47:00,add_to_cart
EV-503656,U1329,2026-02-25 23:47:00,payment_success
EV-506205,U1563,2026-02-25 23:48:00,product_view
EV-502790,U1255,2026-02-25 23:49:00,app_open
EV-500458,U1046,2026-02-25 23:51:00,checkout_start
EV-502791,U1255,2026-02-25 23:51:00,product_view
EV-500459,U1046,2026-02-25 23:52:00,payment_success
EV-506206,U1563,2026-02-25 23:53:00,product_view
EV-506207,U1563,2026-02-25 23:55:00,add_to_cart
EV-502792,U1255,2026-02-25 23:56:00,product_view
EV-502793,U1255,2026-02-25 23:59:00,product_view
EV-506208,U1563,2026-02-25 23:59:00,checkout_start
EV-506209,U1563,2026-02-26 00:00:00,payment_success
EV-502794,U1255,2026-02-26 00:01:00,add_to_cart
EV-502795,U1255,2026-02-26 00:03:00,checkout_start
EV-507239,U1900,2026-02-26 10:43:00,app_open
EV-507240,U1900,2026-02-26 10:46:00,product_view
EV-507241,U1900,2026-02-26 10:50:00,add_to_cart
EV-507570,U1156,2026-02-26 15:42:00,app_open
EV-507571,U1156,2026-02-26 15:45:00,product_view
EV-508865,U1300,2026-02-26 17:40:00,app_open
EV-508866,U1300,2026-02-26 17:43:00,product_view
EV-508867,U1300,2026-02-26 17:47:00,add_to_cart
EV-508556,U2013,2026-02-26 17:48:00,app_open
EV-508557,U2013,2026-02-26 17:51:00,product_view
EV-506422,U1583,2026-02-26 23:20:00,app_open
EV-506423,U1583,2026-02-26 23:23:00,product_view
EV-506424,U1583,2026-02-26 23:27:00,product_view
EV-505076,U1439,2026-02-26 23:30:00,app_open
EV-505077,U1439,2026-02-26 23:32:00,product_view
EV-506425,U1583,2026-02-26 23:32:00,product_view
EV-506775,U1612,2026-02-26 23:32:00,app_open
EV-505078,U1439,2026-02-26 23:34:00,product_view
EV-506288,U1570,2026-02-26 23:34:00,app_open
EV-506426,U1583,2026-02-26 23:35:00,add_to_cart
EV-504859,U1423,2026-02-26 23:36:00,app_open
EV-505079,U1439,2026-02-26 23:36:00,add_to_cart
EV-506427,U1583,2026-02-26 23:37:00,checkout_start
EV-506776,U1612,2026-02-26 23:37:00,product_view
EV-506289,U1570,2026-02-26 23:38:00,product_view
EV-506428,U1583,2026-02-26 23:38:00,payment_success
EV-506777,U1612,2026-02-26 23:39:00,add_to_cart
EV-504860,U1423,2026-02-26 23:40:00,product_view
EV-505080,U1439,2026-02-26 23:40:00,checkout_start
EV-503244,U1287,2026-02-26 23:41:00,app_open
EV-505081,U1439,2026-02-26 23:41:00,payment_success
EV-506290,U1570,2026-02-26 23:42:00,product_view
EV-504430,U1386,2026-02-26 23:43:00,app_open
EV-506778,U1612,2026-02-26 23:43:00,checkout_start
EV-504076,U1363,2026-02-26 23:44:00,app_open
EV-506779,U1612,2026-02-26 23:44:00,payment_success
EV-503245,U1287,2026-02-26 23:45:00,product_view
EV-504861,U1423,2026-02-26 23:45:00,product_view
EV-504431,U1386,2026-02-26 23:46:00,product_view
EV-506076,U1553,2026-02-26 23:46:00,app_open
EV-504077,U1363,2026-02-26 23:47:00,product_view
EV-506291,U1570,2026-02-26 23:47:00,product_view
EV-507009,U1624,2026-02-26 23:47:00,app_open
EV-500499,U1054,2026-02-26 23:48:00,app_open
EV-504432,U1386,2026-02-26 23:48:00,product_view
EV-504862,U1423,2026-02-26 23:48:00,add_to_cart
EV-506077,U1553,2026-02-26 23:48:00,product_view
EV-506393,U1580,2026-02-26 23:48:00,app_open
EV-503246,U1287,2026-02-26 23:49:00,product_view
EV-507010,U1624,2026-02-26 23:49:00,product_view
EV-504078,U1363,2026-02-26 23:51:00,add_to_cart
EV-504863,U1423,2026-02-26 23:51:00,checkout_start
EV-506078,U1553,2026-02-26 23:51:00,add_to_cart
EV-506292,U1570,2026-02-26 23:51:00,add_to_cart
EV-500500,U1054,2026-02-26 23:52:00,product_view
EV-507011,U1624,2026-02-26 23:52:00,product_view
EV-504433,U1386,2026-02-26 23:53:00,product_view
EV-504864,U1423,2026-02-26 23:53:00,payment_success
EV-506394,U1580,2026-02-26 23:53:00,product_view
EV-503247,U1287,2026-02-26 23:54:00,product_view
EV-504079,U1363,2026-02-26 23:54:00,checkout_start
EV-506293,U1570,2026-02-26 23:54:00,checkout_start
EV-507012,U1624,2026-02-26 23:54:00,add_to_cart
EV-500501,U1054,2026-02-26 23:55:00,product_view
EV-504434,U1386,2026-02-26 23:55:00,add_to_cart
EV-506079,U1553,2026-02-26 23:55:00,checkout_start
EV-506294,U1570,2026-02-26 23:55:00,payment_success
EV-506395,U1580,2026-02-26 23:55:00,product_view
EV-503248,U1287,2026-02-26 23:56:00,add_to_cart
EV-504080,U1363,2026-02-26 23:56:00,payment_success
EV-506396,U1580,2026-02-26 23:57:00,add_to_cart
EV-507013,U1624,2026-02-26 23:57:00,checkout_start
EV-500502,U1054,2026-02-26 23:59:00,add_to_cart
EV-503249,U1287,2026-02-26 23:59:00,checkout_start
EV-504435,U1386,2026-02-26 23:59:00,checkout_start
EV-506397,U1580,2026-02-26 23:59:00,checkout_start
EV-507014,U1624,2026-02-26 23:59:00,payment_success
EV-504436,U1386,2026-02-27 00:00:00,payment_success
EV-503250,U1287,2026-02-27 00:01:00,payment_success
EV-506398,U1580,2026-02-27 00:01:00,payment_success
EV-500503,U1054,2026-02-27 00:03:00,checkout_start
EV-500504,U1054,2026-02-27 00:05:00,payment_success
EV-507262,U2150,2026-02-27 02:03:00,app_open
EV-507263,U2150,2026-02-27 02:06:00,product_view
EV-508905,U1600,2026-02-27 03:47:00,app_open
EV-508906,U1600,2026-02-27 03:50:00,product_view
EV-508859,U1349,2026-02-27 04:02:00,app_open
EV-508860,U1349,2026-02-27 04:05:00,product_view
EV-508811,U2084,2026-02-27 04:59:00,app_open
EV-508812,U2084,2026-02-27 05:02:00,product_view
EV-508049,U2391,2026-02-27 05:19:00,app_open
EV-508050,U2391,2026-02-27 05:22:00,product_view
EV-507984,U1197,2026-02-27 06:37:00,app_open
EV-507985,U1197,2026-02-27 06:40:00,product_view
EV-508723,U2165,2026-02-27 12:58:00,app_open
EV-508724,U2165,2026-02-27 13:01:00,product_view
EV-508725,U2165,2026-02-27 13:05:00,add_to_cart
EV-507635,U1726,2026-02-27 13:39:00,app_open
EV-507636,U1726,2026-02-27 13:42:00,product_view
EV-508836,U1762,2026-02-27 18:04:00,app_open
EV-508837,U1762,2026-02-27 18:07:00,product_view
EV-508241,U2079,2026-02-27 20:34:00,app_open
EV-508242,U2079,2026-02-27 20:37:00,product_view
EV-505946,U1544,2026-02-27 23:16:00,app_open
EV-505947,U1544,2026-02-27 23:20:00,product_view
EV-500167,U1018,2026-02-27 23:21:00,app_open
EV-501791,U1161,2026-02-27 23:22:00,app_open
EV-503315,U1295,2026-02-27 23:23:00,app_open
EV-505948,U1544,2026-02-27 23:24:00,product_view
EV-502844,U1260,2026-02-27 23:25:00,app_open
EV-504941,U1428,2026-02-27 23:25:00,app_open
EV-500168,U1018,2026-02-27 23:26:00,product_view
EV-501792,U1161,2026-02-27 23:26:00,product_view
EV-503316,U1295,2026-02-27 23:27:00,product_view
EV-501793,U1161,2026-02-27 23:28:00,product_view
EV-502845,U1260,2026-02-27 23:28:00,product_view
EV-504942,U1428,2026-02-27 23:28:00,product_view
EV-505949,U1544,2026-02-27 23:28:00,add_to_cart
EV-504667,U1406,2026-02-27 23:29:00,app_open
EV-500169,U1018,2026-02-27 23:30:00,product_view
EV-500505,U1054,2026-02-27 23:31:00,app_open
EV-501794,U1161,2026-02-27 23:31:00,add_to_cart
EV-502846,U1260,2026-02-27 23:31:00,product_view
EV-503317,U1295,2026-02-27 23:31:00,add_to_cart
EV-505950,U1544,2026-02-27 23:31:00,checkout_start
EV-500170,U1018,2026-02-27 23:32:00,add_to_cart
EV-501160,U1105,2026-02-27 23:32:00,app_open
EV-504943,U1428,2026-02-27 23:32:00,add_to_cart
EV-505951,U1544,2026-02-27 23:32:00,payment_success
EV-500135,U1015,2026-02-27 23:33:00,app_open
EV-501795,U1161,2026-02-27 23:33:00,checkout_start
EV-502847,U1260,2026-02-27 23:33:00,product_view
EV-500506,U1054,2026-02-27 23:34:00,product_view
EV-501796,U1161,2026-02-27 23:34:00,payment_success
EV-504668,U1406,2026-02-27 23:34:00,product_view
EV-504944,U1428,2026-02-27 23:34:00,checkout_start
EV-500171,U1018,2026-02-27 23:35:00,checkout_start
EV-501161,U1105,2026-02-27 23:35:00,product_view
EV-503079,U1274,2026-02-27 23:35:00,app_open
EV-503318,U1295,2026-02-27 23:35:00,checkout_start
EV-500172,U1018,2026-02-27 23:36:00,payment_success
EV-500507,U1054,2026-02-27 23:36:00,product_view
EV-502848,U1260,2026-02-27 23:36:00,add_to_cart
EV-503319,U1295,2026-02-27 23:36:00,payment_success
EV-504945,U1428,2026-02-27 23:36:00,payment_success
EV-503155,U1282,2026-02-27 23:37:00,app_open
EV-500136,U1015,2026-02-27 23:38:00,product_view
EV-500508,U1054,2026-02-27 23:38:00,product_view
EV-504669,U1406,2026-02-27 23:38:00,add_to_cart
EV-503080,U1274,2026-02-27 23:39:00,product_view
EV-500137,U1015,2026-02-27 23:40:00,product_view
EV-501162,U1105,2026-02-27 23:40:00,product_view
EV-502849,U1260,2026-02-27 23:40:00,checkout_start
EV-503156,U1282,2026-02-27 23:40:00,product_view
EV-504670,U1406,2026-02-27 23:40:00,checkout_start
EV-500509,U1054,2026-02-27 23:41:00,add_to_cart
EV-503081,U1274,2026-02-27 23:41:00,add_to_cart
EV-500138,U1015,2026-02-27 23:42:00,add_to_cart
EV-501163,U1105,2026-02-27 23:42:00,add_to_cart
EV-502850,U1260,2026-02-27 23:42:00,payment_success
EV-503157,U1282,2026-02-27 23:42:00,product_view
EV-504671,U1406,2026-02-27 23:42:00,payment_success
EV-505745,U1520,2026-02-27 23:42:00,app_open
EV-500001,U1000,2026-02-27 23:43:00,app_open
EV-500510,U1054,2026-02-27 23:43:00,checkout_start
EV-500511,U1054,2026-02-27 23:44:00,payment_success
EV-503082,U1274,2026-02-27 23:44:00,checkout_start
EV-505746,U1520,2026-02-27 23:44:00,product_view
EV-503083,U1274,2026-02-27 23:45:00,payment_success
EV-503158,U1282,2026-02-27 23:45:00,product_view
EV-500139,U1015,2026-02-27 23:46:00,checkout_start
EV-501164,U1105,2026-02-27 23:46:00,checkout_start
EV-505747,U1520,2026-02-27 23:46:00,product_view
EV-500002,U1000,2026-02-27 23:48:00,product_view
EV-500140,U1015,2026-02-27 23:48:00,payment_success
EV-503159,U1282,2026-02-27 23:48:00,add_to_cart
EV-505748,U1520,2026-02-27 23:48:00,product_view
EV-500003,U1000,2026-02-27 23:50:00,product_view
EV-503160,U1282,2026-02-27 23:52:00,checkout_start
EV-505749,U1520,2026-02-27 23:52:00,add_to_cart
EV-500004,U1000,2026-02-27 23:54:00,product_view
EV-503161,U1282,2026-02-27 23:54:00,payment_success
EV-505750,U1520,2026-02-27 23:54:00,checkout_start
EV-505751,U1520,2026-02-27 23:56:00,payment_success
EV-500005,U1000,2026-02-27 23:57:00,add_to_cart
EV-500006,U1000,2026-02-27 23:59:00,checkout_start
EV-500007,U1000,2026-02-28 00:00:00,payment_success
EV-507597,U1226,2026-02-28 00:51:00,app_open
EV-507598,U1226,2026-02-28 00:54:00,product_view
EV-507599,U1226,2026-02-28 00:58:00,add_to_cart
EV-508036,U1016,2026-02-28 01:27:00,app_open
EV-508037,U1016,2026-02-28 01:30:00,product_view
EV-508051,U1144,2026-02-28 02:22:00,app_open
EV-508052,U1144,2026-02-28 02:25:00,product_view
EV-508173,U1289,2026-02-28 08:05:00,app_open
EV-508174,U1289,2026-02-28 08:08:00,product_view
EV-507900,U1498,2026-02-28 10:53:00,app_open
EV-507901,U1498,2026-02-28 10:56:00,product_view
EV-507902,U1498,2026-02-28 11:00:00,add_to_cart
EV-507572,U2006,2026-02-28 14:32:00,app_open
EV-507573,U2006,2026-02-28 14:35:00,product_view
EV-507574,U2006,2026-02-28 14:39:00,add_to_cart
EV-508786,U1568,2026-02-28 14:55:00,app_open
EV-508787,U1568,2026-02-28 14:58:00,product_view
EV-507949,U2073,2026-02-28 18:00:00,app_open
EV-507950,U2073,2026-02-28 18:03:00,product_view
EV-500425,U1044,2026-02-28 23:25:00,app_open
EV-502628,U1233,2026-02-28 23:25:00,app_open
EV-500426,U1044,2026-02-28 23:27:00,product_view
EV-502629,U1233,2026-02-28 23:27:00,product_view
EV-501974,U1180,2026-02-28 23:28:00,app_open
EV-503193,U1284,2026-02-28 23:29:00,app_open
EV-500427,U1044,2026-02-28 23:30:00,product_view
EV-501975,U1180,2026-02-28 23:30:00,product_view
EV-502630,U1233,2026-02-28 23:31:00,product_view
EV-501976,U1180,2026-02-28 23:32:00,product_view
EV-500428,U1044,2026-02-28 23:33:00,add_to_cart
EV-502631,U1233,2026-02-28 23:33:00,add_to_cart
EV-501977,U1180,2026-02-28 23:34:00,add_to_cart
EV-503194,U1284,2026-02-28 23:34:00,product_view
EV-504946,U1428,2026-02-28 23:34:00,app_open
EV-506059,U1552,2026-02-28 23:34:00,app_open
EV-502632,U1233,2026-02-28 23:35:00,checkout_start
EV-501978,U1180,2026-02-28 23:36:00,checkout_start
EV-504947,U1428,2026-02-28 23:36:00,product_view
EV-500429,U1044,2026-02-28 23:37:00,checkout_start
EV-501979,U1180,2026-02-28 23:37:00,payment_success
EV-502633,U1233,2026-02-28 23:37:00,payment_success
EV-500430,U1044,2026-02-28 23:38:00,payment_success
EV-503195,U1284,2026-02-28 23:38:00,add_to_cart
EV-504948,U1428,2026-02-28 23:38:00,add_to_cart
EV-503162,U1282,2026-02-28 23:39:00,app_open
EV-503591,U1326,2026-02-28 23:39:00,app_open
EV-506060,U1552,2026-02-28 23:39:00,product_view
EV-503196,U1284,2026-02-28 23:40:00,checkout_start
EV-503592,U1326,2026-02-28 23:41:00,product_view
EV-504949,U1428,2026-02-28 23:41:00,checkout_start
EV-506061,U1552,2026-02-28 23:41:00,add_to_cart
EV-503197,U1284,2026-02-28 23:42:00,payment_success
EV-504643,U1404,2026-02-28 23:42:00,app_open
EV-504950,U1428,2026-02-28 23:42:00,payment_success
EV-503163,U1282,2026-02-28 23:44:00,product_view
EV-503593,U1326,2026-02-28 23:44:00,product_view
EV-506467,U1588,2026-02-28 23:44:00,app_open
EV-506062,U1552,2026-02-28 23:45:00,checkout_start
EV-506719,U1606,2026-02-28 23:45:00,app_open
EV-503594,U1326,2026-02-28 23:46:00,add_to_cart
EV-504644,U1404,2026-02-28 23:46:00,product_view
EV-506063,U1552,2026-02-28 23:47:00,payment_success
EV-503595,U1326,2026-02-28 23:48:00,checkout_start
EV-503164,U1282,2026-02-28 23:49:00,product_view
EV-506468,U1588,2026-02-28 23:49:00,product_view
EV-506720,U1606,2026-02-28 23:49:00,product_view
EV-503596,U1326,2026-02-28 23:50:00,payment_success
EV-504645,U1404,2026-02-28 23:51:00,product_view
EV-503165,U1282,2026-02-28 23:52:00,product_view
EV-506469,U1588,2026-02-28 23:53:00,add_to_cart
EV-503166,U1282,2026-02-28 23:54:00,add_to_cart
EV-504646,U1404,2026-02-28 23:54:00,add_to_cart
EV-506721,U1606,2026-02-28 23:54:00,product_view
EV-506470,U1588,2026-02-28 23:55:00,checkout_start
EV-503167,U1282,2026-02-28 23:57:00,checkout_start
EV-504647,U1404,2026-02-28 23:57:00,checkout_start
EV-506471,U1588,2026-02-28 23:57:00,payment_success
EV-503168,U1282,2026-02-28 23:58:00,payment_success
EV-504648,U1404,2026-02-28 23:59:00,payment_success
EV-506722,U1606,2026-02-28 23:59:00,product_view
EV-506723,U1606,2026-03-01 00:02:00,add_to_cart
EV-506724,U1606,2026-03-01 00:04:00,checkout_start
EV-506725,U1606,2026-03-01 00:06:00,payment_success
EV-508145,U1943,2026-03-01 03:20:00,app_open
EV-508146,U1943,2026-03-01 03:23:00,product_view
EV-508333,U1260,2026-03-01 06:10:00,app_open
EV-508334,U1260,2026-03-01 06:13:00,product_view
EV-507999,U2333,2026-03-01 06:18:00,app_open
EV-508000,U2333,2026-03-01 06:21:00,product_view
EV-508001,U2333,2026-03-01 06:25:00,add_to_cart
EV-507359,U1426,2026-03-01 15:15:00,app_open
EV-507360,U1426,2026-03-01 15:18:00,product_view
EV-508352,U2148,2026-03-01 15:57:00,app_open
EV-508353,U2148,2026-03-01 16:00:00,product_view
EV-508354,U2148,2026-03-01 16:04:00,add_to_cart
EV-508006,U1676,2026-03-01 22:15:00,app_open
EV-508007,U1676,2026-03-01 22:18:00,product_view
EV-508863,U1429,2026-03-01 22:22:00,app_open
EV-508864,U1429,2026-03-01 22:25:00,product_view
EV-500624,U1065,2026-03-01 23:17:00,app_open
EV-500625,U1065,2026-03-01 23:21:00,product_view
EV-500626,U1065,2026-03-01 23:24:00,product_view
EV-506018,U1550,2026-03-01 23:24:00,app_open
EV-500627,U1065,2026-03-01 23:27:00,add_to_cart
EV-500628,U1065,2026-03-01 23:29:00,checkout_start
EV-506019,U1550,2026-03-01 23:29:00,product_view
EV-503597,U1326,2026-03-01 23:30:00,app_open
EV-500629,U1065,2026-03-01 23:31:00,payment_success
EV-506020,U1550,2026-03-01 23:31:00,add_to_cart
EV-503598,U1326,2026-03-01 23:35:00,product_view
EV-504994,U1432,2026-03-01 23:35:00,app_open
EV-506021,U1550,2026-03-01 23:35:00,checkout_start
EV-500966,U1089,2026-03-01 23:36:00,app_open
EV-506022,U1550,2026-03-01 23:36:00,payment_success
EV-503599,U1326,2026-03-01 23:37:00,product_view
EV-501576,U1142,2026-03-01 23:38:00,app_open
EV-504995,U1432,2026-03-01 23:39:00,product_view
EV-506627,U1604,2026-03-01 23:39:00,app_open
EV-500967,U1089,2026-03-01 23:40:00,product_view
EV-506300,U1573,2026-03-01 23:40:00,app_open
EV-503600,U1326,2026-03-01 23:41:00,add_to_cart
EV-501577,U1142,2026-03-01 23:42:00,product_view
EV-501647,U1146,2026-03-01 23:42:00,app_open
EV-504996,U1432,2026-03-01 23:42:00,product_view
EV-500968,U1089,2026-03-01 23:43:00,product_view
EV-505510,U1487,2026-03-01 23:43:00,app_open
EV-506301,U1573,2026-03-01 23:43:00,product_view
EV-506628,U1604,2026-03-01 23:43:00,product_view
EV-503601,U1326,2026-03-01 23:45:00,checkout_start
EV-504997,U1432,2026-03-01 23:45:00,add_to_cart
EV-506302,U1573,2026-03-01 23:45:00,add_to_cart
EV-500063,U1004,2026-03-01 23:46:00,app_open
EV-500969,U1089,2026-03-01 23:46:00,product_view
EV-501578,U1142,2026-03-01 23:46:00,product_view
EV-501648,U1146,2026-03-01 23:46:00,product_view
EV-505511,U1487,2026-03-01 23:46:00,product_view
EV-506629,U1604,2026-03-01 23:46:00,product_view
EV-503602,U1326,2026-03-01 23:47:00,payment_success
EV-504998,U1432,2026-03-01 23:47:00,checkout_start
EV-506303,U1573,2026-03-01 23:47:00,checkout_start
EV-500970,U1089,2026-03-01 23:48:00,add_to_cart
EV-501579,U1142,2026-03-01 23:48:00,product_view
EV-505512,U1487,2026-03-01 23:48:00,product_view
EV-506304,U1573,2026-03-01 23:48:00,payment_success
EV-506891,U1621,2026-03-01 23:48:00,app_open
EV-506644,U1605,2026-03-01 23:49:00,app_open
EV-500064,U1004,2026-03-01 23:50:00,product_view
EV-500971,U1089,2026-03-01 23:50:00,checkout_start
EV-501580,U1142,2026-03-01 23:50:00,add_to_cart
EV-501649,U1146,2026-03-01 23:50:00,add_to_cart
EV-506630,U1604,2026-03-01 23:50:00,add_to_cart
EV-506892,U1621,2026-03-01 23:50:00,product_view
EV-500065,U1004,2026-03-01 23:52:00,product_view
EV-500972,U1089,2026-03-01 23:52:00,payment_success
EV-501650,U1146,2026-03-01 23:52:00,checkout_start
EV-505513,U1487,2026-03-01 23:52:00,product_view
EV-506631,U1604,2026-03-01 23:52:00,checkout_start
EV-506632,U1604,2026-03-01 23:53:00,payment_success
EV-506645,U1605,2026-03-01 23:53:00,product_view
EV-506893,U1621,2026-03-01 23:53:00,product_view
EV-501581,U1142,2026-03-01 23:54:00,checkout_start
EV-501651,U1146,2026-03-01 23:54:00,payment_success
EV-500066,U1004,2026-03-01 23:55:00,add_to_cart
EV-506646,U1605,2026-03-01 23:55:00,product_view
EV-506894,U1621,2026-03-01 23:55:00,add_to_cart
EV-505514,U1487,2026-03-01 23:56:00,add_to_cart
EV-506647,U1605,2026-03-01 23:57:00,product_view
EV-506895,U1621,2026-03-01 23:57:00,checkout_start
EV-500067,U1004,2026-03-01 23:59:00,checkout_start
EV-506648,U1605,2026-03-01 23:59:00,add_to_cart
EV-506896,U1621,2026-03-01 23:59:00,payment_success
EV-505515,U1487,2026-03-02 00:00:00,checkout_start
EV-500068,U1004,2026-03-02 00:01:00,payment_success
EV-505516,U1487,2026-03-02 00:02:00,payment_success
EV-506649,U1605,2026-03-02 00:03:00,checkout_start
EV-506650,U1605,2026-03-02 00:05:00,payment_success
EV-507808,U1479,2026-03-02 02:38:00,app_open
EV-507809,U1479,2026-03-02 02:41:00,product_view
EV-507300,U1350,2026-03-02 04:22:00,app_open
EV-507301,U1350,2026-03-02 04:25:00,product_view
EV-507302,U1350,2026-03-02 04:29:00,add_to_cart
EV-508389,U1009,2026-03-02 09:11:00,app_open
EV-508390,U1009,2026-03-02 09:14:00,product_view
EV-507544,U2093,2026-03-02 10:22:00,app_open
EV-507545,U2093,2026-03-02 10:25:00,product_view
EV-507546,U2093,2026-03-02 10:29:00,add_to_cart
EV-507223,U1136,2026-03-02 15:15:00,app_open
EV-507224,U1136,2026-03-02 15:18:00,product_view
EV-507225,U1136,2026-03-02 15:22:00,add_to_cart
EV-508611,U1425,2026-03-02 16:59:00,app_open
EV-508612,U1425,2026-03-02 17:02:00,product_view
EV-500215,U1027,2026-03-02 23:17:00,app_open
EV-504005,U1355,2026-03-02 23:17:00,app_open
EV-504822,U1418,2026-03-02 23:17:00,app_open
EV-500216,U1027,2026-03-02 23:19:00,product_view
EV-500047,U1003,2026-03-02 23:20:00,app_open
EV-504006,U1355,2026-03-02 23:20:00,product_view
EV-500217,U1027,2026-03-02 23:21:00,add_to_cart
EV-504823,U1418,2026-03-02 23:21:00,product_view
EV-505560,U1491,2026-03-02 23:22:00,app_open
EV-505884,U1538,2026-03-02 23:22:00,app_open
EV-503169,U1282,2026-03-02 23:23:00,app_open
EV-504824,U1418,2026-03-02 23:23:00,product_view
EV-500048,U1003,2026-03-02 23:24:00,product_view
EV-500218,U1027,2026-03-02 23:24:00,checkout_start
EV-504007,U1355,2026-03-02 23:25:00,product_view
EV-505517,U1487,2026-03-02 23:25:00,app_open
EV-505561,U1491,2026-03-02 23:25:00,product_view
EV-505885,U1538,2026-03-02 23:25:00,product_view
EV-500049,U1003,2026-03-02 23:26:00,add_to_cart
EV-500219,U1027,2026-03-02 23:26:00,payment_success
EV-503170,U1282,2026-03-02 23:26:00,product_view
EV-504999,U1432,2026-03-02 23:27:00,app_open
EV-505562,U1491,2026-03-02 23:27:00,add_to_cart
EV-504825,U1418,2026-03-02 23:28:00,product_view
EV-505425,U1482,2026-03-02 23:28:00,app_open
EV-505518,U1487,2026-03-02 23:28:00,product_view
EV-503487,U1318,2026-03-02 23:29:00,app_open
EV-505000,U1432,2026-03-02 23:29:00,product_view
EV-500050,U1003,2026-03-02 23:30:00,checkout_start
EV-504008,U1355,2026-03-02 23:30:00,product_view
EV-504826,U1418,2026-03-02 23:30:00,add_to_cart
EV-505426,U1482,2026-03-02 23:30:00,product_view
EV-505886,U1538,2026-03-02 23:30:00,product_view
EV-500051,U1003,2026-03-02 23:31:00,payment_success
EV-503171,U1282,2026-03-02 23:31:00,product_view
EV-505563,U1491,2026-03-02 23:31:00,checkout_start
EV-500578,U1058,2026-03-02 23:32:00,app_open
EV-505001,U1432,2026-03-02 23:32:00,add_to_cart
EV-505427,U1482,2026-03-02 23:32:00,product_view
EV-505519,U1487,2026-03-02 23:32:00,add_to_cart
EV-505564,U1491,2026-03-02 23:32:00,payment_success
EV-505887,U1538,2026-03-02 23:32:00,product_view
EV-503488,U1318,2026-03-02 23:33:00,product_view
EV-504009,U1355,2026-03-02 23:34:00,add_to_cart
EV-504827,U1418,2026-03-02 23:34:00,checkout_start
EV-505520,U1487,2026-03-02 23:34:00,checkout_start
EV-505888,U1538,2026-03-02 23:34:00,add_to_cart
EV-500579,U1058,2026-03-02 23:35:00,product_view
EV-503489,U1318,2026-03-02 23:35:00,product_view
EV-504271,U1375,2026-03-02 23:35:00,app_open
EV-504828,U1418,2026-03-02 23:35:00,payment_success
EV-505002,U1432,2026-03-02 23:35:00,checkout_start
EV-505521,U1487,2026-03-02 23:35:00,payment_success
EV-503172,U1282,2026-03-02 23:36:00,product_view
EV-504010,U1355,2026-03-02 23:36:00,checkout_start
EV-505003,U1432,2026-03-02 23:36:00,payment_success
EV-505428,U1482,2026-03-02 23:36:00,add_to_cart
EV-503490,U1318,2026-03-02 23:37:00,add_to_cart
EV-504011,U1355,2026-03-02 23:37:00,payment_success
EV-505889,U1538,2026-03-02 23:37:00,checkout_start
EV-500580,U1058,2026-03-02 23:38:00,product_view
EV-504058,U1361,2026-03-02 23:38:00,app_open
EV-503173,U1282,2026-03-02 23:39:00,add_to_cart
EV-504272,U1375,2026-03-02 23:39:00,product_view
EV-505429,U1482,2026-03-02 23:39:00,checkout_start
EV-505890,U1538,2026-03-02 23:39:00,payment_success
EV-503491,U1318,2026-03-02 23:40:00,checkout_start
EV-503492,U1318,2026-03-02 23:41:00,payment_success
EV-504059,U1361,2026-03-02 23:41:00,product_view
EV-505430,U1482,2026-03-02 23:41:00,payment_success
EV-500581,U1058,2026-03-02 23:42:00,add_to_cart
EV-503174,U1282,2026-03-02 23:42:00,checkout_start
EV-503927,U1349,2026-03-02 23:42:00,app_open
EV-504273,U1375,2026-03-02 23:42:00,product_view
EV-502508,U1221,2026-03-02 23:43:00,app_open
EV-503175,U1282,2026-03-02 23:43:00,payment_success
EV-500582,U1058,2026-03-02 23:44:00,checkout_start
EV-503928,U1349,2026-03-02 23:44:00,product_view
EV-504060,U1361,2026-03-02 23:44:00,add_to_cart
EV-504274,U1375,2026-03-02 23:44:00,product_view
EV-506731,U1607,2026-03-02 23:44:00,app_open
EV-500583,U1058,2026-03-02 23:46:00,payment_success
EV-502509,U1221,2026-03-02 23:46:00,product_view
EV-504061,U1361,2026-03-02 23:46:00,checkout_start
EV-503929,U1349,2026-03-02 23:47:00,product_view
EV-504062,U1361,2026-03-02 23:48:00,payment_success
EV-504275,U1375,2026-03-02 23:48:00,add_to_cart
EV-506732,U1607,2026-03-02 23:49:00,product_view
EV-502510,U1221,2026-03-02 23:50:00,product_view
EV-503930,U1349,2026-03-02 23:50:00,add_to_cart
EV-504052,U1360,2026-03-02 23:50:00,app_open
EV-504276,U1375,2026-03-02 23:51:00,checkout_start
EV-504277,U1375,2026-03-02 23:52:00,payment_success
EV-503931,U1349,2026-03-02 23:54:00,checkout_start
EV-506733,U1607,2026-03-02 23:54:00,product_view
EV-502511,U1221,2026-03-02 23:55:00,product_view
EV-503932,U1349,2026-03-02 23:55:00,payment_success
EV-504053,U1360,2026-03-02 23:55:00,product_view
EV-506734,U1607,2026-03-02 23:57:00,add_to_cart
EV-504054,U1360,2026-03-02 23:58:00,product_view
EV-502512,U1221,2026-03-02 23:59:00,add_to_cart
EV-504055,U1360,2026-03-03 00:00:00,add_to_cart
EV-506735,U1607,2026-03-03 00:01:00,checkout_start
EV-504056,U1360,2026-03-03 00:02:00,checkout_start
EV-506736,U1607,2026-03-03 00:02:00,payment_success
EV-502513,U1221,2026-03-03 00:03:00,checkout_start
EV-504057,U1360,2026-03-03 00:03:00,payment_success
EV-507518,U1992,2026-03-03 08:31:00,app_open
EV-507519,U1992,2026-03-03 08:34:00,product_view
EV-508730,U2227,2026-03-03 09:05:00,app_open
EV-508731,U2227,2026-03-03 09:08:00,product_view
EV-508732,U2227,2026-03-03 09:12:00,add_to_cart
EV-507617,U1394,2026-03-03 09:53:00,app_open
EV-507618,U1394,2026-03-03 09:56:00,product_view
EV-507619,U1394,2026-03-03 10:00:00,add_to_cart
EV-508892,U1729,2026-03-03 10:47:00,app_open
EV-508893,U1729,2026-03-03 10:50:00,product_view
EV-507981,U1935,2026-03-03 15:19:00,app_open
EV-507982,U1935,2026-03-03 15:22:00,product_view
EV-507983,U1935,2026-03-03 15:26:00,add_to_cart
EV-508626,U2080,2026-03-03 15:54:00,app_open
EV-508627,U2080,2026-03-03 15:57:00,product_view
EV-508801,U2025,2026-03-03 17:23:00,app_open
EV-508802,U2025,2026-03-03 17:26:00,product_view
EV-507550,U1146,2026-03-03 18:10:00,app_open
EV-507551,U1146,2026-03-03 18:13:00,product_view
EV-508692,U1310,2026-03-03 19:50:00,app_open
EV-508693,U1310,2026-03-03 19:53:00,product_view
EV-508694,U1310,2026-03-03 19:57:00,add_to_cart
EV-503349,U1301,2026-03-03 23:19:00,app_open
EV-500512,U1054,2026-03-03 23:21:00,app_open
EV-503514,U1320,2026-03-03 23:21:00,app_open
EV-506023,U1550,2026-03-03 23:21:00,app_open
EV-503350,U1301,2026-03-03 23:22:00,product_view
EV-500513,U1054,2026-03-03 23:23:00,product_view
EV-506024,U1550,2026-03-03 23:23:00,product_view
EV-500514,U1054,2026-03-03 23:25:00,product_view
EV-503380,U1306,2026-03-03 23:25:00,app_open
EV-503515,U1320,2026-03-03 23:25:00,product_view
EV-503351,U1301,2026-03-03 23:27:00,product_view
EV-506025,U1550,2026-03-03 23:27:00,add_to_cart
EV-503516,U1320,2026-03-03 23:28:00,product_view
EV-500515,U1054,2026-03-03 23:29:00,add_to_cart
EV-503381,U1306,2026-03-03 23:30:00,product_view
EV-503352,U1301,2026-03-03 23:31:00,add_to_cart
EV-506026,U1550,2026-03-03 23:31:00,checkout_start
EV-500516,U1054,2026-03-03 23:32:00,checkout_start
EV-503517,U1320,2026-03-03 23:32:00,add_to_cart
EV-506737,U1607,2026-03-03 23:32:00,app_open
EV-503353,U1301,2026-03-03 23:33:00,checkout_start
EV-506027,U1550,2026-03-03 23:33:00,payment_success
EV-500517,U1054,2026-03-03 23:34:00,payment_success
EV-503382,U1306,2026-03-03 23:34:00,add_to_cart
EV-506738,U1607,2026-03-03 23:34:00,product_view
EV-503354,U1301,2026-03-03 23:35:00,payment_success
EV-503383,U1306,2026-03-03 23:36:00,checkout_start
EV-503518,U1320,2026-03-03 23:36:00,checkout_start
EV-503384,U1306,2026-03-03 23:37:00,payment_success
EV-503519,U1320,2026-03-03 23:38:00,payment_success
EV-506739,U1607,2026-03-03 23:38:00,product_view
EV-506740,U1607,2026-03-03 23:40:00,product_view
EV-506741,U1607,2026-03-03 23:43:00,add_to_cart
EV-508686,U2448,2026-03-03 23:44:00,app_open
EV-501582,U1142,2026-03-03 23:45:00,app_open
EV-506742,U1607,2026-03-03 23:45:00,checkout_start
EV-506743,U1607,2026-03-03 23:46:00,payment_success
EV-508687,U2448,2026-03-03 23:47:00,product_view
EV-505173,U1451,2026-03-03 23:49:00,app_open
EV-501583,U1142,2026-03-03 23:50:00,product_view
EV-505174,U1451,2026-03-03 23:51:00,product_view
EV-508688,U2448,2026-03-03 23:51:00,add_to_cart
EV-501584,U1142,2026-03-03 23:54:00,product_view
EV-505175,U1451,2026-03-03 23:54:00,add_to_cart
EV-501585,U1142,2026-03-03 23:57:00,add_to_cart
EV-505176,U1451,2026-03-03 23:57:00,checkout_start
EV-505177,U1451,2026-03-03 23:58:00,payment_success
EV-501586,U1142,2026-03-04 00:01:00,checkout_start
EV-501587,U1142,2026-03-04 00:02:00,payment_success
EV-507457,U1632,2026-03-04 01:31:00,app_open
EV-507458,U1632,2026-03-04 01:34:00,product_view
EV-507459,U1632,2026-03-04 01:38:00,add_to_cart
EV-508900,U2081,2026-03-04 02:34:00,app_open
EV-508901,U2081,2026-03-04 02:37:00,product_view
EV-508902,U2081,2026-03-04 02:41:00,add_to_cart
EV-507361,U1225,2026-03-04 03:22:00,app_open
EV-507362,U1225,2026-03-04 03:25:00,product_view
EV-508214,U1120,2026-03-04 04:35:00,app_open
EV-508215,U1120,2026-03-04 04:38:00,product_view
EV-507122,U2246,2026-03-04 08:43:00,app_open
EV-507123,U2246,2026-03-04 08:46:00,product_view
EV-507124,U2246,2026-03-04 08:50:00,add_to_cart
EV-508645,U2452,2026-03-04 11:05:00,app_open
EV-508646,U2452,2026-03-04 11:08:00,product_view
EV-507195,U1452,2026-03-04 12:37:00,app_open
EV-507196,U1452,2026-03-04 12:40:00,product_view
EV-508549,U2206,2026-03-04 13:48:00,app_open
EV-508550,U2206,2026-03-04 13:51:00,product_view
EV-508551,U2206,2026-03-04 13:55:00,add_to_cart
EV-508135,U2093,2026-03-04 16:11:00,app_open
EV-508136,U2093,2026-03-04 16:14:00,product_view
EV-507845,U1400,2026-03-04 21:20:00,app_open
EV-507846,U1400,2026-03-04 21:23:00,product_view
EV-507847,U1400,2026-03-04 21:27:00,add_to_cart
EV-506651,U1605,2026-03-04 23:17:00,app_open
EV-506652,U1605,2026-03-04 23:19:00,product_view
EV-500818,U1081,2026-03-04 23:21:00,app_open
EV-506653,U1605,2026-03-04 23:22:00,product_view
EV-500819,U1081,2026-03-04 23:23:00,product_view
EV-504382,U1382,2026-03-04 23:24:00,app_open
EV-504793,U1416,2026-03-04 23:24:00,app_open
EV-500820,U1081,2026-03-04 23:25:00,add_to_cart
EV-506654,U1605,2026-03-04 23:25:00,add_to_cart
EV-502972,U1269,2026-03-04 23:26:00,app_open
EV-500821,U1081,2026-03-04 23:27:00,checkout_start
EV-506655,U1605,2026-03-04 23:27:00,checkout_start
EV-501128,U1103,2026-03-04 23:28:00,app_open
EV-502973,U1269,2026-03-04 23:28:00,product_view
EV-504383,U1382,2026-03-04 23:28:00,product_view
EV-504794,U1416,2026-03-04 23:28:00,product_view
EV-500822,U1081,2026-03-04 23:29:00,payment_success
EV-506656,U1605,2026-03-04 23:29:00,payment_success
EV-502974,U1269,2026-03-04 23:30:00,add_to_cart
EV-501129,U1103,2026-03-04 23:31:00,product_view
EV-504795,U1416,2026-03-04 23:31:00,product_view
EV-505454,U1483,2026-03-04 23:31:00,app_open
EV-502814,U1257,2026-03-04 23:32:00,app_open
EV-502975,U1269,2026-03-04 23:32:00,checkout_start
EV-504384,U1382,2026-03-04 23:32:00,product_view
EV-501130,U1103,2026-03-04 23:33:00,add_to_cart
EV-502976,U1269,2026-03-04 23:33:00,payment_success
EV-505455,U1483,2026-03-04 23:33:00,product_view
EV-506275,U1569,2026-03-04 23:35:00,app_open
EV-502815,U1257,2026-03-04 23:36:00,product_view
EV-504796,U1416,2026-03-04 23:36:00,product_view
EV-505456,U1483,2026-03-04 23:36:00,product_view
EV-501131,U1103,2026-03-04 23:37:00,checkout_start
EV-504385,U1382,2026-03-04 23:37:00,product_view
EV-505752,U1520,2026-03-04 23:37:00,app_open
EV-506276,U1569,2026-03-04 23:37:00,product_view
EV-504797,U1416,2026-03-04 23:38:00,add_to_cart
EV-501132,U1103,2026-03-04 23:39:00,payment_success
EV-504386,U1382,2026-03-04 23:39:00,add_to_cart
EV-506277,U1569,2026-03-04 23:39:00,product_view
EV-502816,U1257,2026-03-04 23:40:00,add_to_cart
EV-504387,U1382,2026-03-04 23:41:00,checkout_start
EV-504798,U1416,2026-03-04 23:41:00,checkout_start
EV-505457,U1483,2026-03-04 23:41:00,product_view
EV-506278,U1569,2026-03-04 23:41:00,add_to_cart
EV-502503,U1220,2026-03-04 23:42:00,app_open
EV-504388,U1382,2026-03-04 23:42:00,payment_success
EV-505753,U1520,2026-03-04 23:42:00,product_view
EV-502817,U1257,2026-03-04 23:43:00,checkout_start
EV-503890,U1345,2026-03-04 23:43:00,app_open
EV-504799,U1416,2026-03-04 23:43:00,payment_success
EV-506516,U1595,2026-03-04 23:43:00,app_open
EV-502504,U1220,2026-03-04 23:44:00,product_view
EV-506279,U1569,2026-03-04 23:44:00,checkout_start
EV-502818,U1257,2026-03-04 23:45:00,payment_success
EV-505458,U1483,2026-03-04 23:45:00,add_to_cart
EV-506280,U1569,2026-03-04 23:45:00,payment_success
EV-506517,U1595,2026-03-04 23:45:00,product_view
EV-505754,U1520,2026-03-04 23:46:00,product_view
EV-502505,U1220,2026-03-04 23:48:00,add_to_cart
EV-503891,U1345,2026-03-04 23:48:00,product_view
EV-505459,U1483,2026-03-04 23:48:00,checkout_start
EV-505755,U1520,2026-03-04 23:48:00,product_view
EV-506518,U1595,2026-03-04 23:49:00,product_view
EV-502506,U1220,2026-03-04 23:50:00,checkout_start
EV-503892,U1345,2026-03-04 23:50:00,add_to_cart
EV-505460,U1483,2026-03-04 23:50:00,payment_success
EV-505756,U1520,2026-03-04 23:51:00,add_to_cart
EV-502507,U1220,2026-03-04 23:52:00,payment_success
EV-506519,U1595,2026-03-04 23:52:00,product_view
EV-503893,U1345,2026-03-04 23:53:00,checkout_start
EV-505757,U1520,2026-03-04 23:53:00,checkout_start
EV-503894,U1345,2026-03-04 23:55:00,payment_success
EV-505758,U1520,2026-03-04 23:55:00,payment_success
EV-506520,U1595,2026-03-04 23:55:00,add_to_cart
EV-506521,U1595,2026-03-04 23:58:00,checkout_start
EV-506522,U1595,2026-03-04 23:59:00,payment_success
EV-508294,U1030,2026-03-05 03:33:00,app_open
EV-508295,U1030,2026-03-05 03:36:00,product_view
EV-507896,U1029,2026-03-05 03:44:00,app_open
EV-507897,U1029,2026-03-05 03:47:00,product_view
EV-508936,U2122,2026-03-05 05:32:00,app_open
EV-508937,U2122,2026-03-05 05:35:00,product_view
EV-508938,U2122,2026-03-05 05:39:00,add_to_cart
EV-508547,U2253,2026-03-05 09:49:00,app_open
EV-508548,U2253,2026-03-05 09:52:00,product_view
EV-508827,U1476,2026-03-05 11:29:00,app_open
EV-508828,U1476,2026-03-05 11:32:00,product_view
EV-508038,U2081,2026-03-05 12:04:00,app_open
EV-508039,U2081,2026-03-05 12:07:00,product_view
EV-508552,U1960,2026-03-05 14:03:00,app_open
EV-508553,U1960,2026-03-05 14:06:00,product_view
EV-508375,U2181,2026-03-05 20:25:00,app_open
EV-508376,U2181,2026-03-05 20:28:00,product_view
EV-507089,U1740,2026-03-05 22:29:00,app_open
EV-507090,U1740,2026-03-05 22:32:00,product_view
EV-507943,U1717,2026-03-05 23:07:00,app_open
EV-507944,U1717,2026-03-05 23:10:00,product_view
EV-502851,U1260,2026-03-05 23:16:00,app_open
EV-508350,U2101,2026-03-05 23:17:00,app_open
EV-502826,U1258,2026-03-05 23:19:00,app_open
EV-502852,U1260,2026-03-05 23:19:00,product_view
EV-503104,U1278,2026-03-05 23:19:00,app_open
EV-508351,U2101,2026-03-05 23:20:00,product_view
EV-502853,U1260,2026-03-05 23:21:00,product_view
EV-503105,U1278,2026-03-05 23:21:00,product_view
EV-502827,U1258,2026-03-05 23:23:00,product_view
EV-503744,U1337,2026-03-05 23:23:00,app_open
EV-502854,U1260,2026-03-05 23:24:00,add_to_cart
EV-500411,U1042,2026-03-05 23:25:00,app_open
EV-500823,U1081,2026-03-05 23:25:00,app_open
EV-503106,U1278,2026-03-05 23:25:00,product_view
EV-504278,U1375,2026-03-05 23:25:00,app_open
EV-502828,U1258,2026-03-05 23:26:00,product_view
EV-502855,U1260,2026-03-05 23:27:00,checkout_start
EV-503745,U1337,2026-03-05 23:27:00,product_view
EV-504279,U1375,2026-03-05 23:27:00,product_view
EV-500412,U1042,2026-03-05 23:28:00,product_view
EV-500824,U1081,2026-03-05 23:28:00,product_view
EV-502856,U1260,2026-03-05 23:28:00,payment_success
EV-503107,U1278,2026-03-05 23:29:00,add_to_cart
EV-503198,U1284,2026-03-05 23:29:00,app_open
EV-504280,U1375,2026-03-05 23:29:00,product_view
EV-500825,U1081,2026-03-05 23:30:00,product_view
EV-502829,U1258,2026-03-05 23:30:00,add_to_cart
EV-500413,U1042,2026-03-05 23:31:00,add_to_cart
EV-503108,U1278,2026-03-05 23:31:00,checkout_start
EV-503746,U1337,2026-03-05 23:31:00,product_view
EV-503199,U1284,2026-03-05 23:32:00,product_view
EV-500826,U1081,2026-03-05 23:33:00,product_view
EV-502424,U1216,2026-03-05 23:33:00,app_open
EV-502830,U1258,2026-03-05 23:33:00,checkout_start
EV-503109,U1278,2026-03-05 23:33:00,payment_success
EV-504281,U1375,2026-03-05 23:33:00,product_view
EV-500414,U1042,2026-03-05 23:34:00,checkout_start
EV-505522,U1487,2026-03-05 23:34:00,app_open
EV-502831,U1258,2026-03-05 23:35:00,payment_success
EV-503200,U1284,2026-03-05 23:36:00,product_view
EV-503747,U1337,2026-03-05 23:36:00,product_view
EV-500827,U1081,2026-03-05 23:37:00,add_to_cart
EV-502425,U1216,2026-03-05 23:37:00,product_view
EV-504282,U1375,2026-03-05 23:37:00,add_to_cart
EV-505523,U1487,2026-03-05 23:37:00,product_view
EV-501497,U1135,2026-03-05 23:38:00,app_open
EV-503748,U1337,2026-03-05 23:38:00,add_to_cart
EV-503201,U1284,2026-03-05 23:39:00,add_to_cart
EV-508652,U1735,2026-03-05 23:39:00,app_open
EV-500828,U1081,2026-03-05 23:40:00,checkout_start
EV-502426,U1216,2026-03-05 23:40:00,add_to_cart
EV-503749,U1337,2026-03-05 23:40:00,checkout_start
EV-504283,U1375,2026-03-05 23:40:00,checkout_start
EV-501498,U1135,2026-03-05 23:41:00,product_view
EV-503202,U1284,2026-03-05 23:41:00,checkout_start
EV-503750,U1337,2026-03-05 23:41:00,payment_success
EV-504284,U1375,2026-03-05 23:41:00,payment_success
EV-505524,U1487,2026-03-05 23:41:00,product_view
EV-502427,U1216,2026-03-05 23:42:00,checkout_start
EV-503203,U1284,2026-03-05 23:42:00,payment_success
EV-508653,U1735,2026-03-05 23:42:00,product_view
EV-502428,U1216,2026-03-05 23:43:00,payment_success
EV-506007,U1548,2026-03-05 23:43:00,app_open
EV-503094,U1277,2026-03-05 23:45:00,app_open
EV-506932,U1622,2026-03-05 23:45:00,app_open
EV-500851,U1082,2026-03-05 23:46:00,app_open
EV-501499,U1135,2026-03-05 23:46:00,product_view
EV-505525,U1487,2026-03-05 23:46:00,product_view
EV-506008,U1548,2026-03-05 23:46:00,product_view
EV-508654,U1735,2026-03-05 23:46:00,add_to_cart
EV-506933,U1622,2026-03-05 23:47:00,product_view
EV-501500,U1135,2026-03-05 23:48:00,add_to_cart
EV-503895,U1346,2026-03-05 23:48:00,app_open
EV-506009,U1548,2026-03-05 23:48:00,product_view
EV-503095,U1277,2026-03-05 23:49:00,product_view
EV-505526,U1487,2026-03-05 23:49:00,add_to_cart
EV-506934,U1622,2026-03-05 23:49:00,add_to_cart
EV-503896,U1346,2026-03-05 23:50:00,product_view
EV-500852,U1082,2026-03-05 23:51:00,product_view
EV-501501,U1135,2026-03-05 23:51:00,checkout_start
EV-505527,U1487,2026-03-05 23:51:00,checkout_start
EV-506010,U1548,2026-03-05 23:51:00,add_to_cart
EV-501502,U1135,2026-03-05 23:52:00,payment_success
EV-503096,U1277,2026-03-05 23:52:00,add_to_cart
EV-503897,U1346,2026-03-05 23:52:00,product_view
EV-506935,U1622,2026-03-05 23:53:00,checkout_start
EV-500853,U1082,2026-03-05 23:54:00,product_view
EV-506011,U1548,2026-03-05 23:54:00,checkout_start
EV-506936,U1622,2026-03-05 23:54:00,payment_success
EV-503097,U1277,2026-03-05 23:55:00,checkout_start
EV-503898,U1346,2026-03-05 23:55:00,product_view
EV-506012,U1548,2026-03-05 23:55:00,payment_success
EV-503098,U1277,2026-03-05 23:56:00,payment_success
EV-500854,U1082,2026-03-05 23:58:00,add_to_cart
EV-503899,U1346,2026-03-05 23:59:00,add_to_cart
EV-500855,U1082,2026-03-06 00:00:00,checkout_start
EV-503900,U1346,2026-03-06 00:01:00,checkout_start
EV-500856,U1082,2026-03-06 00:02:00,payment_success
EV-503901,U1346,2026-03-06 00:02:00,payment_success
EV-507492,U1368,2026-03-06 02:41:00,app_open
EV-507493,U1368,2026-03-06 02:44:00,product_view
EV-508190,U2194,2026-03-06 04:11:00,app_open
EV-508191,U2194,2026-03-06 04:14:00,product_view
EV-508335,U1603,2026-03-06 14:20:00,app_open
EV-508336,U1603,2026-03-06 14:23:00,product_view
EV-508721,U1319,2026-03-06 17:11:00,app_open
EV-508722,U1319,2026-03-06 17:14:00,product_view
EV-507752,U2439,2026-03-06 17:27:00,app_open
EV-507753,U2439,2026-03-06 17:30:00,product_view
EV-508288,U1282,2026-03-06 18:09:00,app_open
EV-508289,U1282,2026-03-06 18:12:00,product_view
EV-508290,U1282,2026-03-06 18:16:00,add_to_cart
EV-507630,U1631,2026-03-06 23:20:00,app_open
EV-503099,U1277,2026-03-06 23:21:00,app_open
EV-501133,U1103,2026-03-06 23:23:00,app_open
EV-507631,U1631,2026-03-06 23:23:00,product_view
EV-501434,U1128,2026-03-06 23:24:00,app_open
EV-501134,U1103,2026-03-06 23:25:00,product_view
EV-503100,U1277,2026-03-06 23:25:00,product_view
EV-501435,U1128,2026-03-06 23:26:00,product_view
EV-506152,U1560,2026-03-06 23:27:00,app_open
EV-501436,U1128,2026-03-06 23:28:00,product_view
EV-501135,U1103,2026-03-06 23:29:00,add_to_cart
EV-503101,U1277,2026-03-06 23:29:00,add_to_cart
EV-501437,U1128,2026-03-06 23:30:00,product_view
EV-501136,U1103,2026-03-06 23:31:00,checkout_start
EV-503102,U1277,2026-03-06 23:32:00,checkout_start
EV-506153,U1560,2026-03-06 23:32:00,product_view
EV-501137,U1103,2026-03-06 23:33:00,payment_success
EV-501438,U1128,2026-03-06 23:33:00,add_to_cart
EV-503103,U1277,2026-03-06 23:33:00,payment_success
EV-501439,U1128,2026-03-06 23:35:00,checkout_start
EV-503803,U1340,2026-03-06 23:35:00,app_open
EV-506154,U1560,2026-03-06 23:35:00,add_to_cart
EV-503804,U1340,2026-03-06 23:37:00,product_view
EV-504829,U1418,2026-03-06 23:37:00,app_open
EV-506155,U1560,2026-03-06 23:37:00,checkout_start
EV-506156,U1560,2026-03-06 23:39:00,payment_success
EV-503687,U1332,2026-03-06 23:40:00,app_open
EV-503805,U1340,2026-03-06 23:40:00,product_view
EV-506281,U1569,2026-03-06 23:40:00,app_open
EV-504830,U1418,2026-03-06 23:41:00,product_view
EV-503688,U1332,2026-03-06 23:42:00,product_view
EV-506399,U1580,2026-03-06 23:42:00,app_open
EV-503806,U1340,2026-03-06 23:43:00,product_view
EV-504831,U1418,2026-03-06 23:43:00,product_view
EV-503689,U1332,2026-03-06 23:44:00,add_to_cart
EV-506282,U1569,2026-03-06 23:44:00,product_view
EV-506400,U1580,2026-03-06 23:44:00,product_view
EV-503807,U1340,2026-03-06 23:45:00,add_to_cart
EV-504832,U1418,2026-03-06 23:46:00,product_view
EV-506283,U1569,2026-03-06 23:47:00,product_view
EV-506401,U1580,2026-03-06 23:47:00,product_view
EV-503690,U1332,2026-03-06 23:48:00,checkout_start
EV-503808,U1340,2026-03-06 23:48:00,checkout_start
EV-504833,U1418,2026-03-06 23:48:00,add_to_cart
EV-503691,U1332,2026-03-06 23:50:00,payment_success
EV-503809,U1340,2026-03-06 23:50:00,payment_success
EV-504834,U1418,2026-03-06 23:51:00,checkout_start
EV-506402,U1580,2026-03-06 23:51:00,add_to_cart
EV-506284,U1569,2026-03-06 23:52:00,product_view
EV-504835,U1418,2026-03-06 23:53:00,payment_success
EV-506403,U1580,2026-03-06 23:54:00,checkout_start
EV-506285,U1569,2026-03-06 23:56:00,add_to_cart
EV-506404,U1580,2026-03-06 23:56:00,payment_success
EV-506286,U1569,2026-03-07 00:00:00,checkout_start
EV-506287,U1569,2026-03-07 00:01:00,payment_success
EV-507620,U1325,2026-03-07 03:02:00,app_open
EV-507621,U1325,2026-03-07 03:05:00,product_view
EV-507622,U1325,2026-03-07 03:09:00,add_to_cart
EV-508943,U1261,2026-03-07 06:59:00,app_open
EV-508944,U1261,2026-03-07 07:02:00,product_view
EV-508945,U1261,2026-03-07 07:06:00,add_to_cart
EV-507338,U1541,2026-03-07 08:05:00,app_open
EV-507339,U1541,2026-03-07 08:08:00,product_view
EV-507133,U1574,2026-03-07 13:53:00,app_open
EV-507134,U1574,2026-03-07 13:56:00,product_view
EV-507135,U1574,2026-03-07 14:00:00,add_to_cart
EV-508719,U1782,2026-03-07 21:49:00,app_open
EV-508720,U1782,2026-03-07 21:52:00,product_view
EV-502612,U1232,2026-03-07 23:19:00,app_open
EV-506839,U1616,2026-03-07 23:21:00,app_open
EV-502613,U1232,2026-03-07 23:22:00,product_view
EV-506120,U1556,2026-03-07 23:23:00,app_open
EV-501914,U1176,2026-03-07 23:24:00,app_open
EV-502796,U1255,2026-03-07 23:24:00,app_open
EV-502614,U1232,2026-03-07 23:25:00,add_to_cart
EV-506121,U1556,2026-03-07 23:25:00,product_view
EV-506840,U1616,2026-03-07 23:25:00,product_view
EV-502797,U1255,2026-03-07 23:26:00,product_view
EV-501915,U1176,2026-03-07 23:27:00,product_view
EV-505924,U1543,2026-03-07 23:27:00,app_open
EV-506122,U1556,2026-03-07 23:27:00,product_view
EV-506841,U1616,2026-03-07 23:27:00,product_view
EV-502615,U1232,2026-03-07 23:29:00,checkout_start
EV-502798,U1255,2026-03-07 23:29:00,product_view
EV-505925,U1543,2026-03-07 23:29:00,product_view
EV-506123,U1556,2026-03-07 23:29:00,add_to_cart
EV-506842,U1616,2026-03-07 23:29:00,product_view
EV-501916,U1176,2026-03-07 23:31:00,product_view
EV-506843,U1616,2026-03-07 23:31:00,add_to_cart
EV-505926,U1543,2026-03-07 23:32:00,add_to_cart
EV-502799,U1255,2026-03-07 23:33:00,add_to_cart
EV-505696,U1510,2026-03-07 23:33:00,app_open
EV-506124,U1556,2026-03-07 23:33:00,checkout_start
EV-506125,U1556,2026-03-07 23:34:00,payment_success
EV-506844,U1616,2026-03-07 23:34:00,checkout_start
EV-501917,U1176,2026-03-07 23:35:00,product_view
EV-505697,U1510,2026-03-07 23:35:00,product_view
EV-505927,U1543,2026-03-07 23:35:00,checkout_start
EV-502395,U1214,2026-03-07 23:36:00,app_open
EV-506845,U1616,2026-03-07 23:36:00,payment_success
EV-501918,U1176,2026-03-07 23:37:00,add_to_cart
EV-502800,U1255,2026-03-07 23:37:00,checkout_start
EV-505928,U1543,2026-03-07 23:37:00,payment_success
EV-502801,U1255,2026-03-07 23:38:00,payment_success
EV-505698,U1510,2026-03-07 23:38:00,product_view
EV-502396,U1214,2026-03-07 23:40:00,product_view
EV-501919,U1176,2026-03-07 23:41:00,checkout_start
EV-503493,U1318,2026-03-07 23:41:00,app_open
EV-502397,U1214,2026-03-07 23:42:00,add_to_cart
EV-505699,U1510,2026-03-07 23:42:00,product_view
EV-501920,U1176,2026-03-07 23:43:00,payment_success
EV-506064,U1552,2026-03-07 23:43:00,app_open
EV-502398,U1214,2026-03-07 23:45:00,checkout_start
EV-505700,U1510,2026-03-07 23:45:00,add_to_cart
EV-506065,U1552,2026-03-07 23:45:00,product_view
EV-502399,U1214,2026-03-07 23:46:00,payment_success
EV-503494,U1318,2026-03-07 23:46:00,product_view
EV-506066,U1552,2026-03-07 23:47:00,add_to_cart
EV-505759,U1520,2026-03-07 23:48:00,app_open
EV-505701,U1510,2026-03-07 23:49:00,checkout_start
EV-505760,U1520,2026-03-07 23:50:00,product_view
EV-506067,U1552,2026-03-07 23:50:00,checkout_start
EV-503495,U1318,2026-03-07 23:51:00,product_view
EV-505702,U1510,2026-03-07 23:51:00,payment_success
EV-506068,U1552,2026-03-07 23:51:00,payment_success
EV-503496,U1318,2026-03-07 23:55:00,add_to_cart
EV-505761,U1520,2026-03-07 23:55:00,product_view
EV-503497,U1318,2026-03-07 23:58:00,checkout_start
EV-505762,U1520,2026-03-07 23:58:00,product_view
EV-505763,U1520,2026-03-08 00:02:00,add_to_cart
EV-505764,U1520,2026-03-08 00:06:00,checkout_start
EV-505765,U1520,2026-03-08 00:08:00,payment_success
EV-508004,U2128,2026-03-08 04:50:00,app_open
EV-508005,U2128,2026-03-08 04:53:00,product_view
EV-507235,U1254,2026-03-08 07:04:00,app_open
EV-507236,U1254,2026-03-08 07:07:00,product_view
EV-508643,U1587,2026-03-08 08:08:00,app_open
EV-508644,U1587,2026-03-08 08:11:00,product_view
EV-507095,U2290,2026-03-08 15:35:00,app_open
EV-507096,U2290,2026-03-08 15:38:00,product_view
EV-508567,U1710,2026-03-08 20:31:00,app_open
EV-508568,U1710,2026-03-08 20:34:00,product_view
EV-508569,U1710,2026-03-08 20:38:00,add_to_cart
EV-507958,U1257,2026-03-08 20:43:00,app_open
EV-507959,U1257,2026-03-08 20:46:00,product_view
EV-507960,U1257,2026-03-08 20:50:00,add_to_cart
EV-508703,U1851,2026-03-08 21:55:00,app_open
EV-508704,U1851,2026-03-08 21:58:00,product_view
EV-508705,U1851,2026-03-08 22:02:00,add_to_cart
EV-502634,U1233,2026-03-08 23:17:00,app_open
EV-502576,U1227,2026-03-08 23:21:00,app_open
EV-502635,U1233,2026-03-08 23:22:00,product_view
EV-502577,U1227,2026-03-08 23:24:00,product_view
EV-500242,U1030,2026-03-08 23:25:00,app_open
EV-502578,U1227,2026-03-08 23:26:00,product_view
EV-502636,U1233,2026-03-08 23:26:00,product_view
EV-501114,U1102,2026-03-08 23:28:00,app_open
EV-502579,U1227,2026-03-08 23:28:00,add_to_cart
EV-502637,U1233,2026-03-08 23:29:00,add_to_cart
EV-500243,U1030,2026-03-08 23:30:00,product_view
EV-502580,U1227,2026-03-08 23:31:00,checkout_start
EV-506780,U1612,2026-03-08 23:31:00,app_open
EV-502581,U1227,2026-03-08 23:32:00,payment_success
EV-501115,U1102,2026-03-08 23:33:00,product_view
EV-502638,U1233,2026-03-08 23:33:00,checkout_start
EV-500244,U1030,2026-03-08 23:34:00,product_view
EV-500388,U1041,2026-03-08 23:34:00,app_open
EV-502639,U1233,2026-03-08 23:34:00,payment_success
EV-503921,U1348,2026-03-08 23:34:00,app_open
EV-506781,U1612,2026-03-08 23:36:00,product_view
EV-500245,U1030,2026-03-08 23:37:00,add_to_cart
EV-500389,U1041,2026-03-08 23:38:00,product_view
EV-501116,U1102,2026-03-08 23:38:00,product_view
EV-503922,U1348,2026-03-08 23:38:00,product_view
EV-500246,U1030,2026-03-08 23:40:00,checkout_start
EV-500390,U1041,2026-03-08 23:40:00,add_to_cart
EV-501832,U1170,2026-03-08 23:40:00,app_open
EV-503923,U1348,2026-03-08 23:40:00,product_view
EV-506782,U1612,2026-03-08 23:40:00,product_view
EV-501117,U1102,2026-03-08 23:41:00,product_view
EV-500247,U1030,2026-03-08 23:42:00,payment_success
EV-501833,U1170,2026-03-08 23:42:00,product_view
EV-501118,U1102,2026-03-08 23:43:00,add_to_cart
EV-500391,U1041,2026-03-08 23:44:00,checkout_start
EV-503924,U1348,2026-03-08 23:44:00,product_view
EV-501926,U1177,2026-03-08 23:45:00,app_open
EV-506783,U1612,2026-03-08 23:45:00,product_view
EV-500392,U1041,2026-03-08 23:46:00,payment_success
EV-501119,U1102,2026-03-08 23:46:00,checkout_start
EV-501120,U1102,2026-03-08 23:47:00,payment_success
EV-501834,U1170,2026-03-08 23:47:00,product_view
EV-503925,U1348,2026-03-08 23:48:00,add_to_cart
EV-501927,U1177,2026-03-08 23:49:00,product_view
EV-506784,U1612,2026-03-08 23:49:00,add_to_cart
EV-501835,U1170,2026-03-08 23:50:00,add_to_cart
EV-503926,U1348,2026-03-08 23:50:00,checkout_start
EV-506785,U1612,2026-03-08 23:51:00,checkout_start
EV-501836,U1170,2026-03-08 23:52:00,checkout_start
EV-501928,U1177,2026-03-08 23:52:00,product_view
EV-506786,U1612,2026-03-08 23:53:00,payment_success
EV-501837,U1170,2026-03-08 23:54:00,payment_success
EV-501929,U1177,2026-03-08 23:54:00,product_view
EV-501930,U1177,2026-03-08 23:57:00,add_to_cart
EV-501931,U1177,2026-03-08 23:59:00,checkout_start
EV-501932,U1177,2026-03-09 00:00:00,payment_success
EV-507812,U1511,2026-03-09 01:55:00,app_open
EV-507813,U1511,2026-03-09 01:58:00,product_view
EV-507814,U1511,2026-03-09 02:02:00,add_to_cart
EV-508532,U1777,2026-03-09 02:19:00,app_open
EV-508533,U1777,2026-03-09 02:22:00,product_view
EV-508534,U1777,2026-03-09 02:26:00,add_to_cart
EV-508044,U2021,2026-03-09 04:10:00,app_open
EV-508045,U2021,2026-03-09 04:13:00,product_view
EV-507979,U1424,2026-03-09 05:17:00,app_open
EV-507980,U1424,2026-03-09 05:20:00,product_view
EV-507642,U1459,2026-03-09 06:55:00,app_open
EV-507643,U1459,2026-03-09 06:58:00,product_view
EV-507644,U1459,2026-03-09 07:02:00,add_to_cart
EV-508795,U1653,2026-03-09 10:13:00,app_open
EV-508796,U1653,2026-03-09 10:16:00,product_view
EV-508280,U1713,2026-03-09 12:22:00,app_open
EV-508281,U1713,2026-03-09 12:25:00,product_view
EV-508950,U1541,2026-03-09 15:48:00,app_open
EV-508951,U1541,2026-03-09 15:51:00,product_view
EV-508952,U1541,2026-03-09 15:55:00,add_to_cart
EV-508225,U1542,2026-03-09 18:05:00,app_open
EV-508226,U1542,2026-03-09 18:08:00,product_view
EV-503520,U1321,2026-03-09 23:16:00,app_open
EV-502819,U1257,2026-03-09 23:17:00,app_open
EV-501101,U1101,2026-03-09 23:18:00,app_open
EV-503521,U1321,2026-03-09 23:18:00,product_view
EV-503522,U1321,2026-03-09 23:20:00,add_to_cart
EV-502820,U1257,2026-03-09 23:22:00,product_view
EV-503523,U1321,2026-03-09 23:22:00,checkout_start
EV-500069,U1004,2026-03-09 23:23:00,app_open
EV-501102,U1101,2026-03-09 23:23:00,product_view
EV-503933,U1349,2026-03-09 23:23:00,app_open
EV-503524,U1321,2026-03-09 23:24:00,payment_success
EV-500070,U1004,2026-03-09 23:25:00,product_view
EV-503934,U1349,2026-03-09 23:25:00,product_view
EV-501503,U1135,2026-03-09 23:26:00,app_open
EV-501103,U1101,2026-03-09 23:27:00,product_view
EV-502821,U1257,2026-03-09 23:27:00,product_view
EV-500071,U1004,2026-03-09 23:29:00,product_view
EV-503935,U1349,2026-03-09 23:29:00,add_to_cart
EV-502822,U1257,2026-03-09 23:30:00,product_view
EV-501104,U1101,2026-03-09 23:31:00,add_to_cart
EV-501504,U1135,2026-03-09 23:31:00,product_view
EV-506897,U1621,2026-03-09 23:31:00,app_open
EV-503936,U1349,2026-03-09 23:32:00,checkout_start
EV-500072,U1004,2026-03-09 23:33:00,product_view
EV-506787,U1612,2026-03-09 23:33:00,app_open
EV-501105,U1101,2026-03-09 23:34:00,checkout_start
EV-501505,U1135,2026-03-09 23:34:00,add_to_cart
EV-502823,U1257,2026-03-09 23:34:00,add_to_cart
EV-503937,U1349,2026-03-09 23:34:00,payment_success
EV-500073,U1004,2026-03-09 23:36:00,add_to_cart
EV-501106,U1101,2026-03-09 23:36:00,payment_success
EV-506898,U1621,2026-03-09 23:36:00,product_view
EV-501506,U1135,2026-03-09 23:37:00,checkout_start
EV-502824,U1257,2026-03-09 23:37:00,checkout_start
EV-506788,U1612,2026-03-09 23:38:00,product_view
EV-506899,U1621,2026-03-09 23:38:00,product_view
EV-501507,U1135,2026-03-09 23:39:00,payment_success
EV-502435,U1218,2026-03-09 23:39:00,app_open
EV-502825,U1257,2026-03-09 23:39:00,payment_success
EV-500074,U1004,2026-03-09 23:40:00,checkout_start
EV-500173,U1020,2026-03-09 23:40:00,app_open
EV-506789,U1612,2026-03-09 23:41:00,add_to_cart
EV-506900,U1621,2026-03-09 23:41:00,product_view
EV-500075,U1004,2026-03-09 23:42:00,payment_success
EV-502436,U1218,2026-03-09 23:42:00,product_view
EV-506901,U1621,2026-03-09 23:44:00,add_to_cart
EV-500174,U1020,2026-03-09 23:45:00,product_view
EV-505647,U1504,2026-03-09 23:45:00,app_open
EV-506790,U1612,2026-03-09 23:45:00,checkout_start
EV-502437,U1218,2026-03-09 23:46:00,add_to_cart
EV-506902,U1621,2026-03-09 23:46:00,checkout_start
EV-506791,U1612,2026-03-09 23:47:00,payment_success
EV-502047,U1189,2026-03-09 23:48:00,app_open
EV-505648,U1504,2026-03-09 23:48:00,product_view
EV-500175,U1020,2026-03-09 23:50:00,product_view
EV-502438,U1218,2026-03-09 23:50:00,checkout_start
EV-502439,U1218,2026-03-09 23:51:00,payment_success
EV-502048,U1189,2026-03-09 23:52:00,product_view
EV-505649,U1504,2026-03-09 23:52:00,add_to_cart
EV-500176,U1020,2026-03-09 23:54:00,add_to_cart
EV-502049,U1189,2026-03-09 23:56:00,product_view
EV-505650,U1504,2026-03-09 23:56:00,checkout_start
EV-500177,U1020,2026-03-09 23:58:00,checkout_start
EV-500178,U1020,2026-03-09 23:59:00,payment_success
EV-502050,U1189,2026-03-10 00:00:00,add_to_cart
EV-502051,U1189,2026-03-10 00:02:00,checkout_start
EV-502052,U1189,2026-03-10 00:04:00,payment_success
EV-507941,U2321,2026-03-10 02:50:00,app_open
EV-507942,U2321,2026-03-10 02:53:00,product_view
EV-507547,U1233,2026-03-10 08:55:00,app_open
EV-507548,U1233,2026-03-10 08:58:00,product_view
EV-507549,U1233,2026-03-10 09:02:00,add_to_cart
EV-507702,U1132,2026-03-10 10:33:00,app_open
EV-507703,U1132,2026-03-10 10:36:00,product_view
EV-507704,U1132,2026-03-10 10:40:00,add_to_cart
EV-508359,U1163,2026-03-10 13:00:00,app_open
EV-508360,U1163,2026-03-10 13:03:00,product_view
EV-508361,U1163,2026-03-10 13:07:00,add_to_cart
EV-508410,U1367,2026-03-10 20:12:00,app_open
EV-508411,U1367,2026-03-10 20:15:00,product_view
EV-508412,U1367,2026-03-10 20:19:00,add_to_cart
EV-502553,U1225,2026-03-10 23:18:00,app_open
EV-502514,U1221,2026-03-10 23:19:00,app_open
EV-503251,U1287,2026-03-10 23:19:00,app_open
EV-502554,U1225,2026-03-10 23:21:00,product_view
EV-503252,U1287,2026-03-10 23:21:00,product_view
EV-504951,U1428,2026-03-10 23:22:00,app_open
EV-500220,U1027,2026-03-10 23:23:00,app_open
EV-503253,U1287,2026-03-10 23:23:00,add_to_cart
EV-502515,U1221,2026-03-10 23:24:00,product_view
EV-502555,U1225,2026-03-10 23:24:00,add_to_cart
EV-503902,U1346,2026-03-10 23:24:00,app_open
EV-503254,U1287,2026-03-10 23:25:00,checkout_start
EV-500221,U1027,2026-03-10 23:26:00,product_view
EV-502516,U1221,2026-03-10 23:26:00,product_view
EV-503255,U1287,2026-03-10 23:26:00,payment_success
EV-504952,U1428,2026-03-10 23:26:00,product_view
EV-503903,U1346,2026-03-10 23:27:00,product_view
EV-501588,U1142,2026-03-10 23:28:00,app_open
EV-502556,U1225,2026-03-10 23:28:00,checkout_start
EV-504953,U1428,2026-03-10 23:28:00,product_view
EV-503904,U1346,2026-03-10 23:29:00,product_view
EV-500222,U1027,2026-03-10 23:30:00,add_to_cart
EV-502517,U1221,2026-03-10 23:30:00,add_to_cart
EV-503905,U1346,2026-03-10 23:31:00,product_view
EV-504954,U1428,2026-03-10 23:31:00,product_view
EV-500973,U1089,2026-03-10 23:32:00,app_open
EV-501589,U1142,2026-03-10 23:32:00,product_view
EV-502518,U1221,2026-03-10 23:33:00,checkout_start
EV-500223,U1027,2026-03-10 23:34:00,checkout_start
EV-502519,U1221,2026-03-10 23:34:00,payment_success
EV-503906,U1346,2026-03-10 23:34:00,add_to_cart
EV-506633,U1604,2026-03-10 23:34:00,app_open
EV-504955,U1428,2026-03-10 23:35:00,add_to_cart
EV-500224,U1027,2026-03-10 23:36:00,payment_success
EV-500974,U1089,2026-03-10 23:36:00,product_view
EV-501590,U1142,2026-03-10 23:36:00,product_view
EV-505794,U1527,2026-03-10 23:36:00,app_open
EV-503907,U1346,2026-03-10 23:37:00,checkout_start
EV-501591,U1142,2026-03-10 23:38:00,product_view
EV-505795,U1527,2026-03-10 23:38:00,product_view
EV-506634,U1604,2026-03-10 23:38:00,product_view
EV-503908,U1346,2026-03-10 23:39:00,payment_success
EV-504956,U1428,2026-03-10 23:39:00,checkout_start
EV-501592,U1142,2026-03-10 23:40:00,add_to_cart
EV-504957,U1428,2026-03-10 23:40:00,payment_success
EV-500975,U1089,2026-03-10 23:41:00,product_view
EV-505796,U1527,2026-03-10 23:41:00,product_view
EV-506635,U1604,2026-03-10 23:41:00,add_to_cart
EV-500976,U1089,2026-03-10 23:44:00,add_to_cart
EV-501593,U1142,2026-03-10 23:44:00,checkout_start
EV-506636,U1604,2026-03-10 23:45:00,checkout_start
EV-501594,U1142,2026-03-10 23:46:00,payment_success
EV-505797,U1527,2026-03-10 23:46:00,product_view
EV-506637,U1604,2026-03-10 23:46:00,payment_success
EV-500052,U1003,2026-03-10 23:47:00,app_open
EV-500977,U1089,2026-03-10 23:47:00,checkout_start
EV-500393,U1041,2026-03-10 23:48:00,app_open
EV-500978,U1089,2026-03-10 23:49:00,payment_success
EV-505798,U1527,2026-03-10 23:49:00,add_to_cart
EV-500394,U1041,2026-03-10 23:50:00,product_view
EV-500053,U1003,2026-03-10 23:52:00,product_view
EV-505799,U1527,2026-03-10 23:52:00,checkout_start
EV-505800,U1527,2026-03-10 23:53:00,payment_success
EV-500395,U1041,2026-03-10 23:54:00,product_view
EV-500054,U1003,2026-03-10 23:55:00,add_to_cart
EV-500055,U1003,2026-03-10 23:57:00,checkout_start
EV-500396,U1041,2026-03-10 23:57:00,add_to_cart
EV-500056,U1003,2026-03-10 23:59:00,payment_success
EV-500397,U1041,2026-03-11 00:00:00,checkout_start
EV-500398,U1041,2026-03-11 00:01:00,payment_success
EV-507973,U2296,2026-03-11 02:07:00,app_open
EV-507974,U2296,2026-03-11 02:10:00,product_view
EV-508697,U2113,2026-03-11 03:04:00,app_open
EV-508698,U2113,2026-03-11 03:07:00,product_view
EV-508022,U2075,2026-03-11 04:19:00,app_open
EV-508023,U2075,2026-03-11 04:22:00,product_view
EV-507870,U1210,2026-03-11 04:29:00,app_open
EV-507871,U1210,2026-03-11 04:32:00,product_view
EV-507156,U1758,2026-03-11 07:21:00,app_open
EV-507157,U1758,2026-03-11 07:24:00,product_view
EV-507848,U1493,2026-03-11 08:08:00,app_open
EV-507849,U1493,2026-03-11 08:11:00,product_view
EV-507850,U1493,2026-03-11 08:15:00,add_to_cart
EV-507206,U1121,2026-03-11 13:00:00,app_open
EV-507207,U1121,2026-03-11 13:03:00,product_view
EV-500905,U1087,2026-03-11 23:19:00,app_open
EV-506080,U1553,2026-03-11 23:20:00,app_open
EV-503841,U1342,2026-03-11 23:21:00,app_open
EV-500906,U1087,2026-03-11 23:22:00,product_view
EV-508633,U1881,2026-03-11 23:22:00,app_open
EV-501729,U1153,2026-03-11 23:23:00,app_open
EV-506081,U1553,2026-03-11 23:23:00,product_view
EV-508634,U1881,2026-03-11 23:25:00,product_view
EV-500907,U1087,2026-03-11 23:26:00,product_view
EV-501730,U1153,2026-03-11 23:26:00,product_view
EV-503842,U1342,2026-03-11 23:26:00,product_view
EV-506082,U1553,2026-03-11 23:26:00,add_to_cart
EV-503331,U1298,2026-03-11 23:27:00,app_open
EV-500857,U1082,2026-03-11 23:28:00,app_open
EV-501731,U1153,2026-03-11 23:29:00,add_to_cart
EV-506556,U1596,2026-03-11 23:29:00,app_open
EV-508635,U1881,2026-03-11 23:29:00,add_to_cart
EV-500908,U1087,2026-03-11 23:30:00,product_view
EV-503843,U1342,2026-03-11 23:30:00,product_view
EV-506083,U1553,2026-03-11 23:30:00,checkout_start
EV-501808,U1169,2026-03-11 23:31:00,app_open
EV-506084,U1553,2026-03-11 23:31:00,payment_success
EV-506974,U1623,2026-03-11 23:31:00,app_open
EV-501732,U1153,2026-03-11 23:32:00,checkout_start
EV-503332,U1298,2026-03-11 23:32:00,product_view
EV-503844,U1342,2026-03-11 23:32:00,product_view
EV-500858,U1082,2026-03-11 23:33:00,product_view
EV-501809,U1169,2026-03-11 23:33:00,product_view
EV-503859,U1343,2026-03-11 23:33:00,app_open
EV-500909,U1087,2026-03-11 23:34:00,add_to_cart
EV-501733,U1153,2026-03-11 23:34:00,payment_success
EV-506557,U1596,2026-03-11 23:34:00,product_view
EV-503333,U1298,2026-03-11 23:35:00,add_to_cart
EV-503845,U1342,2026-03-11 23:35:00,add_to_cart
EV-506975,U1623,2026-03-11 23:36:00,product_view
EV-501810,U1169,2026-03-11 23:37:00,product_view
EV-503846,U1342,2026-03-11 23:37:00,checkout_start
EV-506558,U1596,2026-03-11 23:37:00,add_to_cart
EV-500859,U1082,2026-03-11 23:38:00,product_view
EV-500910,U1087,2026-03-11 23:38:00,checkout_start
EV-503334,U1298,2026-03-11 23:38:00,checkout_start
EV-503860,U1343,2026-03-11 23:38:00,product_view
EV-503335,U1298,2026-03-11 23:39:00,payment_success
EV-503847,U1342,2026-03-11 23:39:00,payment_success
EV-506559,U1596,2026-03-11 23:39:00,checkout_start
EV-500911,U1087,2026-03-11 23:40:00,payment_success
EV-501811,U1169,2026-03-11 23:40:00,add_to_cart
EV-500860,U1082,2026-03-11 23:41:00,product_view
EV-506560,U1596,2026-03-11 23:41:00,payment_success
EV-506976,U1623,2026-03-11 23:41:00,product_view
EV-501812,U1169,2026-03-11 23:42:00,checkout_start
EV-502352,U1211,2026-03-11 23:42:00,app_open
EV-503861,U1343,2026-03-11 23:42:00,product_view
EV-500861,U1082,2026-03-11 23:44:00,add_to_cart
EV-501813,U1169,2026-03-11 23:44:00,payment_success
EV-503862,U1343,2026-03-11 23:44:00,product_view
EV-501933,U1177,2026-03-11 23:45:00,app_open
EV-502353,U1211,2026-03-11 23:45:00,product_view
EV-506977,U1623,2026-03-11 23:45:00,product_view
EV-500264,U1031,2026-03-11 23:47:00,app_open
EV-500862,U1082,2026-03-11 23:47:00,checkout_start
EV-503863,U1343,2026-03-11 23:47:00,add_to_cart
EV-506978,U1623,2026-03-11 23:47:00,add_to_cart
EV-500863,U1082,2026-03-11 23:49:00,payment_success
EV-501934,U1177,2026-03-11 23:49:00,product_view
EV-502354,U1211,2026-03-11 23:49:00,product_view
EV-506979,U1623,2026-03-11 23:49:00,checkout_start
EV-506132,U1558,2026-03-11 23:50:00,app_open
EV-506980,U1623,2026-03-11 23:50:00,payment_success
EV-500265,U1031,2026-03-11 23:51:00,product_view
EV-502355,U1211,2026-03-11 23:51:00,product_view
EV-503864,U1343,2026-03-11 23:51:00,checkout_start
EV-503865,U1343,2026-03-11 23:52:00,payment_success
EV-501935,U1177,2026-03-11 23:53:00,product_view
EV-502356,U1211,2026-03-11 23:53:00,add_to_cart
EV-500266,U1031,2026-03-11 23:55:00,add_to_cart
EV-501936,U1177,2026-03-11 23:55:00,add_to_cart
EV-506133,U1558,2026-03-11 23:55:00,product_view
EV-502357,U1211,2026-03-11 23:57:00,checkout_start
EV-506134,U1558,2026-03-11 23:57:00,product_view
EV-500267,U1031,2026-03-11 23:58:00,checkout_start
EV-500268,U1031,2026-03-11 23:59:00,payment_success
EV-501937,U1177,2026-03-11 23:59:00,checkout_start
EV-502358,U1211,2026-03-11 23:59:00,payment_success
EV-506135,U1558,2026-03-11 23:59:00,product_view
EV-501938,U1177,2026-03-12 00:01:00,payment_success
EV-506136,U1558,2026-03-12 00:03:00,add_to_cart
EV-506137,U1558,2026-03-12 00:07:00,checkout_start
EV-506138,U1558,2026-03-12 00:09:00,payment_success
EV-507784,U1806,2026-03-12 00:32:00,app_open
EV-507785,U1806,2026-03-12 00:35:00,product_view
EV-507945,U2083,2026-03-12 05:35:00,app_open
EV-507946,U2083,2026-03-12 05:38:00,product_view
EV-507511,U1213,2026-03-12 14:05:00,app_open
EV-507512,U1213,2026-03-12 14:08:00,product_view
EV-507375,U1999,2026-03-12 19:17:00,app_open
EV-507433,U1790,2026-03-12 19:18:00,app_open
EV-507376,U1999,2026-03-12 19:20:00,product_view
EV-507434,U1790,2026-03-12 19:21:00,product_view
EV-507435,U1790,2026-03-12 19:25:00,add_to_cart
EV-503761,U1338,2026-03-12 23:18:00,app_open
EV-500082,U1005,2026-03-12 23:22:00,app_open
EV-503762,U1338,2026-03-12 23:23:00,product_view
EV-506472,U1588,2026-03-12 23:23:00,app_open
EV-506473,U1588,2026-03-12 23:26:00,product_view
EV-506937,U1622,2026-03-12 23:26:00,app_open
EV-500083,U1005,2026-03-12 23:27:00,product_view
EV-503763,U1338,2026-03-12 23:27:00,product_view
EV-502657,U1235,2026-03-12 23:28:00,app_open
EV-506938,U1622,2026-03-12 23:29:00,product_view
EV-500084,U1005,2026-03-12 23:30:00,add_to_cart
EV-505472,U1484,2026-03-12 23:30:00,app_open
EV-501838,U1170,2026-03-12 23:31:00,app_open
EV-502658,U1235,2026-03-12 23:31:00,product_view
EV-506474,U1588,2026-03-12 23:31:00,product_view
EV-506939,U1622,2026-03-12 23:31:00,add_to_cart
EV-500085,U1005,2026-03-12 23:32:00,checkout_start
EV-503764,U1338,2026-03-12 23:32:00,product_view
EV-505473,U1484,2026-03-12 23:32:00,product_view
EV-500086,U1005,2026-03-12 23:33:00,payment_success
EV-501839,U1170,2026-03-12 23:33:00,product_view
EV-502923,U1266,2026-03-12 23:34:00,app_open
EV-505474,U1484,2026-03-12 23:34:00,add_to_cart
EV-506940,U1622,2026-03-12 23:34:00,checkout_start
EV-501840,U1170,2026-03-12 23:35:00,add_to_cart
EV-505994,U1547,2026-03-12 23:35:00,app_open
EV-506475,U1588,2026-03-12 23:35:00,product_view
EV-502659,U1235,2026-03-12 23:36:00,product_view
EV-503765,U1338,2026-03-12 23:36:00,add_to_cart
EV-506941,U1622,2026-03-12 23:36:00,payment_success
EV-500725,U1075,2026-03-12 23:37:00,app_open
EV-502924,U1266,2026-03-12 23:37:00,product_view
EV-506903,U1621,2026-03-12 23:37:00,app_open
EV-501841,U1170,2026-03-12 23:38:00,checkout_start
EV-503766,U1338,2026-03-12 23:38:00,checkout_start
EV-505475,U1484,2026-03-12 23:38:00,checkout_start
EV-505801,U1527,2026-03-12 23:38:00,app_open
EV-506476,U1588,2026-03-12 23:38:00,add_to_cart
EV-501842,U1170,2026-03-12 23:39:00,payment_success
EV-502925,U1266,2026-03-12 23:39:00,product_view
EV-503767,U1338,2026-03-12 23:39:00,payment_success
EV-505476,U1484,2026-03-12 23:39:00,payment_success
EV-506904,U1621,2026-03-12 23:39:00,product_view
EV-502660,U1235,2026-03-12 23:40:00,add_to_cart
EV-505995,U1547,2026-03-12 23:40:00,product_view
EV-506477,U1588,2026-03-12 23:40:00,checkout_start
EV-507039,U1626,2026-03-12 23:40:00,app_open
EV-500726,U1075,2026-03-12 23:41:00,product_view
EV-502926,U1266,2026-03-12 23:41:00,product_view
EV-505802,U1527,2026-03-12 23:41:00,product_view
EV-506905,U1621,2026-03-12 23:41:00,add_to_cart
EV-506478,U1588,2026-03-12 23:42:00,payment_success
EV-502927,U1266,2026-03-12 23:43:00,add_to_cart
EV-502661,U1235,2026-03-12 23:44:00,checkout_start
EV-506906,U1621,2026-03-12 23:44:00,checkout_start
EV-500727,U1075,2026-03-12 23:45:00,add_to_cart
EV-502662,U1235,2026-03-12 23:45:00,payment_success
EV-502928,U1266,2026-03-12 23:45:00,checkout_start
EV-505996,U1547,2026-03-12 23:45:00,product_view
EV-507040,U1626,2026-03-12 23:45:00,product_view
EV-505803,U1527,2026-03-12 23:46:00,product_view
EV-506907,U1621,2026-03-12 23:46:00,payment_success
EV-502929,U1266,2026-03-12 23:47:00,payment_success
EV-500728,U1075,2026-03-12 23:48:00,checkout_start
EV-505804,U1527,2026-03-12 23:48:00,add_to_cart
EV-507041,U1626,2026-03-12 23:48:00,product_view
EV-505997,U1547,2026-03-12 23:50:00,product_view
EV-505805,U1527,2026-03-12 23:52:00,checkout_start
EV-505998,U1547,2026-03-12 23:52:00,add_to_cart
EV-505806,U1527,2026-03-12 23:53:00,payment_success
EV-507042,U1626,2026-03-12 23:53:00,product_view
EV-505999,U1547,2026-03-12 23:55:00,checkout_start
EV-507043,U1626,2026-03-12 23:55:00,add_to_cart
EV-506000,U1547,2026-03-12 23:56:00,payment_success
EV-507044,U1626,2026-03-12 23:59:00,checkout_start
EV-507045,U1626,2026-03-13 00:00:00,payment_success
EV-508315,U1424,2026-03-13 00:10:00,app_open
EV-508316,U1424,2026-03-13 00:13:00,product_view
EV-507685,U1142,2026-03-13 01:47:00,app_open
EV-507686,U1142,2026-03-13 01:50:00,product_view
EV-508094,U2499,2026-03-13 04:11:00,app_open
EV-508095,U2499,2026-03-13 04:14:00,product_view
EV-508096,U2499,2026-03-13 04:18:00,add_to_cart
EV-507184,U1571,2026-03-13 05:06:00,app_open
EV-507185,U1571,2026-03-13 05:09:00,product_view
EV-508948,U1533,2026-03-13 10:17:00,app_open
EV-508949,U1533,2026-03-13 10:20:00,product_view
EV-508299,U1935,2026-03-13 14:14:00,app_open
EV-508300,U1935,2026-03-13 14:17:00,product_view
EV-508092,U1318,2026-03-13 14:20:00,app_open
EV-508301,U1935,2026-03-13 14:21:00,add_to_cart
EV-508093,U1318,2026-03-13 14:23:00,product_view
EV-508073,U2120,2026-03-13 15:28:00,app_open
EV-508074,U2120,2026-03-13 15:31:00,product_view
EV-507394,U1566,2026-03-13 17:45:00,app_open
EV-507395,U1566,2026-03-13 17:48:00,product_view
EV-507117,U1732,2026-03-13 19:29:00,app_open
EV-508046,U1920,2026-03-13 19:29:00,app_open
EV-507118,U1732,2026-03-13 19:32:00,product_view
EV-508047,U1920,2026-03-13 19:32:00,product_view
EV-507119,U1732,2026-03-13 19:36:00,add_to_cart
EV-508048,U1920,2026-03-13 19:36:00,add_to_cart
EV-507560,U1583,2026-03-13 21:52:00,app_open
EV-507561,U1583,2026-03-13 21:55:00,product_view
EV-507562,U1583,2026-03-13 21:59:00,add_to_cart
EV-505058,U1438,2026-03-13 23:20:00,app_open
EV-505059,U1438,2026-03-13 23:22:00,product_view
EV-501595,U1142,2026-03-13 23:24:00,app_open
EV-505060,U1438,2026-03-13 23:24:00,add_to_cart
EV-505061,U1438,2026-03-13 23:26:00,checkout_start
EV-502606,U1230,2026-03-13 23:27:00,app_open
EV-505062,U1438,2026-03-13 23:27:00,payment_success
EV-501596,U1142,2026-03-13 23:28:00,product_view
EV-502607,U1230,2026-03-13 23:31:00,product_view
EV-503692,U1332,2026-03-13 23:31:00,app_open
EV-506981,U1623,2026-03-13 23:31:00,app_open
EV-501597,U1142,2026-03-13 23:32:00,add_to_cart
EV-508953,U1072,2026-03-13 23:32:00,app_open
EV-501598,U1142,2026-03-13 23:34:00,checkout_start
EV-503693,U1332,2026-03-13 23:34:00,product_view
EV-502608,U1230,2026-03-13 23:35:00,product_view
EV-506982,U1623,2026-03-13 23:35:00,product_view
EV-508954,U1072,2026-03-13 23:35:00,product_view
EV-501599,U1142,2026-03-13 23:36:00,payment_success
EV-502609,U1230,2026-03-13 23:37:00,add_to_cart
EV-503110,U1279,2026-03-13 23:37:00,app_open
EV-503694,U1332,2026-03-13 23:38:00,product_view
EV-506983,U1623,2026-03-13 23:38:00,product_view
EV-503695,U1332,2026-03-13 23:40:00,add_to_cart
EV-502610,U1230,2026-03-13 23:41:00,checkout_start
EV-506984,U1623,2026-03-13 23:41:00,product_view
EV-502611,U1230,2026-03-13 23:42:00,payment_success
EV-503111,U1279,2026-03-13 23:42:00,product_view
EV-503696,U1332,2026-03-13 23:42:00,checkout_start
EV-503697,U1332,2026-03-13 23:43:00,payment_success
EV-506985,U1623,2026-03-13 23:43:00,add_to_cart
EV-501752,U1157,2026-03-13 23:44:00,app_open
EV-502557,U1225,2026-03-13 23:44:00,app_open
EV-502440,U1218,2026-03-13 23:45:00,app_open
EV-503112,U1279,2026-03-13 23:46:00,add_to_cart
EV-506986,U1623,2026-03-13 23:46:00,checkout_start
EV-501753,U1157,2026-03-13 23:47:00,product_view
EV-502558,U1225,2026-03-13 23:47:00,product_view
EV-506987,U1623,2026-03-13 23:48:00,payment_success
EV-502441,U1218,2026-03-13 23:49:00,product_view
EV-501754,U1157,2026-03-13 23:50:00,add_to_cart
EV-502559,U1225,2026-03-13 23:50:00,product_view
EV-503113,U1279,2026-03-13 23:50:00,checkout_start
EV-502560,U1225,2026-03-13 23:52:00,product_view
EV-503114,U1279,2026-03-13 23:52:00,payment_success
EV-501755,U1157,2026-03-13 23:53:00,checkout_start
EV-501756,U1157,2026-03-13 23:54:00,payment_success
EV-502442,U1218,2026-03-13 23:54:00,product_view
EV-502561,U1225,2026-03-13 23:56:00,add_to_cart
EV-502443,U1218,2026-03-13 23:58:00,product_view
EV-502562,U1225,2026-03-13 23:58:00,checkout_start
EV-502563,U1225,2026-03-14 00:00:00,payment_success
EV-502444,U1218,2026-03-14 00:02:00,add_to_cart
EV-502445,U1218,2026-03-14 00:04:00,checkout_start
EV-502446,U1218,2026-03-14 00:06:00,payment_success
EV-508159,U1767,2026-03-14 03:33:00,app_open
EV-508160,U1767,2026-03-14 03:36:00,product_view
EV-508161,U1767,2026-03-14 03:40:00,add_to_cart
EV-507864,U1190,2026-03-14 06:25:00,app_open
EV-507865,U1190,2026-03-14 06:28:00,product_view
EV-507310,U2061,2026-03-14 07:17:00,app_open
EV-507311,U2061,2026-03-14 07:20:00,product_view
EV-507312,U2061,2026-03-14 07:24:00,add_to_cart
EV-508824,U2012,2026-03-14 08:10:00,app_open
EV-508825,U2012,2026-03-14 08:13:00,product_view
EV-508826,U2012,2026-03-14 08:17:00,add_to_cart
EV-507400,U1016,2026-03-14 15:42:00,app_open
EV-507401,U1016,2026-03-14 15:45:00,product_view
EV-507402,U1016,2026-03-14 15:49:00,add_to_cart
EV-506523,U1595,2026-03-14 23:20:00,app_open
EV-506657,U1605,2026-03-14 23:20:00,app_open
EV-506658,U1605,2026-03-14 23:22:00,product_view
EV-504285,U1375,2026-03-14 23:23:00,app_open
EV-504371,U1381,2026-03-14 23:25:00,app_open
EV-506524,U1595,2026-03-14 23:25:00,product_view
EV-504286,U1375,2026-03-14 23:27:00,product_view
EV-505143,U1447,2026-03-14 23:27:00,app_open
EV-506525,U1595,2026-03-14 23:27:00,product_view
EV-506659,U1605,2026-03-14 23:27:00,product_view
EV-504372,U1381,2026-03-14 23:29:00,product_view
EV-505144,U1447,2026-03-14 23:29:00,product_view
EV-506526,U1595,2026-03-14 23:29:00,add_to_cart
EV-506660,U1605,2026-03-14 23:29:00,product_view
EV-504287,U1375,2026-03-14 23:30:00,add_to_cart
EV-503144,U1281,2026-03-14 23:31:00,app_open
EV-504373,U1381,2026-03-14 23:32:00,add_to_cart
EV-505145,U1447,2026-03-14 23:32:00,product_view
EV-506527,U1595,2026-03-14 23:32:00,checkout_start
EV-501779,U1159,2026-03-14 23:33:00,app_open
EV-503145,U1281,2026-03-14 23:33:00,product_view
EV-504288,U1375,2026-03-14 23:33:00,checkout_start
EV-506661,U1605,2026-03-14 23:33:00,add_to_cart
EV-504289,U1375,2026-03-14 23:34:00,payment_success
EV-504374,U1381,2026-03-14 23:34:00,checkout_start
EV-505237,U1462,2026-03-14 23:34:00,app_open
EV-506528,U1595,2026-03-14 23:34:00,payment_success
EV-501780,U1159,2026-03-14 23:35:00,product_view
EV-503146,U1281,2026-03-14 23:35:00,product_view
EV-504375,U1381,2026-03-14 23:35:00,payment_success
EV-505146,U1447,2026-03-14 23:35:00,add_to_cart
EV-506662,U1605,2026-03-14 23:35:00,checkout_start
EV-501781,U1159,2026-03-14 23:37:00,add_to_cart
EV-506663,U1605,2026-03-14 23:37:00,payment_success
EV-503147,U1281,2026-03-14 23:38:00,add_to_cart
EV-505147,U1447,2026-03-14 23:38:00,checkout_start
EV-505238,U1462,2026-03-14 23:38:00,product_view
EV-505604,U1500,2026-03-14 23:38:00,app_open
EV-501782,U1159,2026-03-14 23:40:00,checkout_start
EV-503148,U1281,2026-03-14 23:40:00,checkout_start
EV-503556,U1323,2026-03-14 23:40:00,app_open
EV-504463,U1389,2026-03-14 23:40:00,app_open
EV-505148,U1447,2026-03-14 23:40:00,payment_success
EV-500893,U1086,2026-03-14 23:41:00,app_open
EV-503149,U1281,2026-03-14 23:41:00,payment_success
EV-505239,U1462,2026-03-14 23:41:00,product_view
EV-501783,U1159,2026-03-14 23:42:00,payment_success
EV-503557,U1323,2026-03-14 23:42:00,product_view
EV-504464,U1389,2026-03-14 23:43:00,product_view
EV-505240,U1462,2026-03-14 23:43:00,product_view
EV-505605,U1500,2026-03-14 23:43:00,product_view
EV-500894,U1086,2026-03-14 23:44:00,product_view
EV-503498,U1318,2026-03-14 23:44:00,app_open
EV-504465,U1389,2026-03-14 23:45:00,add_to_cart
EV-503558,U1323,2026-03-14 23:46:00,product_view
EV-505241,U1462,2026-03-14 23:46:00,add_to_cart
EV-505606,U1500,2026-03-14 23:46:00,product_view
EV-500630,U1065,2026-03-14 23:47:00,app_open
EV-502889,U1262,2026-03-14 23:47:00,app_open
EV-505578,U1496,2026-03-14 23:47:00,app_open
EV-500895,U1086,2026-03-14 23:48:00,add_to_cart
EV-504466,U1389,2026-03-14 23:48:00,checkout_start
EV-505607,U1500,2026-03-14 23:48:00,add_to_cart
EV-500631,U1065,2026-03-14 23:49:00,product_view
EV-502890,U1262,2026-03-14 23:49:00,product_view
EV-503499,U1318,2026-03-14 23:49:00,product_view
EV-505242,U1462,2026-03-14 23:49:00,checkout_start
EV-505579,U1496,2026-03-14 23:50:00,product_view
EV-503500,U1318,2026-03-14 23:51:00,add_to_cart
EV-503559,U1323,2026-03-14 23:51:00,product_view
EV-505243,U1462,2026-03-14 23:51:00,payment_success
EV-505608,U1500,2026-03-14 23:51:00,checkout_start
EV-500632,U1065,2026-03-14 23:52:00,product_view
EV-500896,U1086,2026-03-14 23:52:00,checkout_start
EV-500897,U1086,2026-03-14 23:53:00,payment_success
EV-502891,U1262,2026-03-14 23:53:00,product_view
EV-503560,U1323,2026-03-14 23:53:00,add_to_cart
EV-505580,U1496,2026-03-14 23:53:00,product_view
EV-505609,U1500,2026-03-14 23:53:00,payment_success
EV-503501,U1318,2026-03-14 23:54:00,checkout_start
EV-503502,U1318,2026-03-14 23:56:00,payment_success
EV-505581,U1496,2026-03-14 23:56:00,add_to_cart
EV-500633,U1065,2026-03-14 23:57:00,product_view
EV-502892,U1262,2026-03-14 23:57:00,add_to_cart
EV-503561,U1323,2026-03-14 23:57:00,checkout_start
EV-503562,U1323,2026-03-14 23:58:00,payment_success
EV-500634,U1065,2026-03-14 23:59:00,add_to_cart
EV-505582,U1496,2026-03-14 23:59:00,checkout_start
EV-502893,U1262,2026-03-15 00:00:00,checkout_start
EV-502894,U1262,2026-03-15 00:01:00,payment_success
EV-505583,U1496,2026-03-15 00:01:00,payment_success
EV-500635,U1065,2026-03-15 00:03:00,checkout_start
EV-500636,U1065,2026-03-15 00:05:00,payment_success
EV-507419,U1107,2026-03-15 02:59:00,app_open
EV-507420,U1107,2026-03-15 03:02:00,product_view
EV-508764,U1223,2026-03-15 13:50:00,app_open
EV-508765,U1223,2026-03-15 13:53:00,product_view
EV-507504,U2037,2026-03-15 14:33:00,app_open
EV-507505,U2037,2026-03-15 14:36:00,product_view
EV-507506,U2037,2026-03-15 14:40:00,add_to_cart
EV-508107,U2437,2026-03-15 17:59:00,app_open
EV-508108,U2437,2026-03-15 18:02:00,product_view
EV-508620,U1547,2026-03-15 19:39:00,app_open
EV-508621,U1547,2026-03-15 19:42:00,product_view
EV-508413,U1149,2026-03-15 20:36:00,app_open
EV-508414,U1149,2026-03-15 20:39:00,product_view
EV-507933,U1468,2026-03-15 20:41:00,app_open
EV-507934,U1468,2026-03-15 20:44:00,product_view
EV-507152,U1569,2026-03-15 21:05:00,app_open
EV-507153,U1569,2026-03-15 21:08:00,product_view
EV-500141,U1015,2026-03-15 23:16:00,app_open
EV-506638,U1604,2026-03-15 23:17:00,app_open
EV-506366,U1578,2026-03-15 23:18:00,app_open
EV-505318,U1472,2026-03-15 23:19:00,app_open
EV-506367,U1578,2026-03-15 23:20:00,product_view
EV-506639,U1604,2026-03-15 23:20:00,product_view
EV-500142,U1015,2026-03-15 23:21:00,product_view
EV-505319,U1472,2026-03-15 23:21:00,product_view
EV-506368,U1578,2026-03-15 23:22:00,add_to_cart
EV-506640,U1604,2026-03-15 23:22:00,product_view
EV-500143,U1015,2026-03-15 23:24:00,product_view
EV-506369,U1578,2026-03-15 23:24:00,checkout_start
EV-503962,U1350,2026-03-15 23:25:00,app_open
EV-505320,U1472,2026-03-15 23:25:00,product_view
EV-506370,U1578,2026-03-15 23:25:00,payment_success
EV-506641,U1604,2026-03-15 23:26:00,add_to_cart
EV-500144,U1015,2026-03-15 23:27:00,add_to_cart
EV-500996,U1094,2026-03-15 23:27:00,app_open
EV-505321,U1472,2026-03-15 23:28:00,add_to_cart
EV-500997,U1094,2026-03-15 23:29:00,product_view
EV-503963,U1350,2026-03-15 23:29:00,product_view
EV-506642,U1604,2026-03-15 23:29:00,checkout_start
EV-506643,U1604,2026-03-15 23:30:00,payment_success
EV-500145,U1015,2026-03-15 23:31:00,checkout_start
EV-505322,U1472,2026-03-15 23:31:00,checkout_start
EV-506500,U1591,2026-03-15 23:31:00,app_open
EV-502447,U1218,2026-03-15 23:32:00,app_open
EV-500998,U1094,2026-03-15 23:33:00,product_view
EV-503964,U1350,2026-03-15 23:33:00,product_view
EV-500999,U1094,2026-03-15 23:35:00,product_view
EV-503965,U1350,2026-03-15 23:36:00,add_to_cart
EV-506501,U1591,2026-03-15 23:36:00,product_view
EV-502448,U1218,2026-03-15 23:37:00,product_view
EV-501000,U1094,2026-03-15 23:39:00,add_to_cart
EV-503966,U1350,2026-03-15 23:39:00,checkout_start
EV-502449,U1218,2026-03-15 23:41:00,add_to_cart
EV-503967,U1350,2026-03-15 23:41:00,payment_success
EV-506502,U1591,2026-03-15 23:41:00,product_view
EV-501001,U1094,2026-03-15 23:42:00,checkout_start
EV-503768,U1338,2026-03-15 23:42:00,app_open
EV-504893,U1425,2026-03-15 23:42:00,app_open
EV-501002,U1094,2026-03-15 23:43:00,payment_success
EV-504240,U1372,2026-03-15 23:44:00,app_open
EV-506503,U1591,2026-03-15 23:44:00,add_to_cart
EV-502450,U1218,2026-03-15 23:45:00,checkout_start
EV-503769,U1338,2026-03-15 23:45:00,product_view
EV-504894,U1425,2026-03-15 23:45:00,product_view
EV-502451,U1218,2026-03-15 23:46:00,payment_success
EV-503770,U1338,2026-03-15 23:47:00,product_view
EV-504241,U1372,2026-03-15 23:47:00,product_view
EV-506504,U1591,2026-03-15 23:47:00,checkout_start
EV-504895,U1425,2026-03-15 23:48:00,product_view
EV-506505,U1591,2026-03-15 23:48:00,payment_success
EV-500013,U1002,2026-03-15 23:49:00,app_open
EV-503771,U1338,2026-03-15 23:49:00,product_view
EV-504242,U1372,2026-03-15 23:50:00,product_view
EV-504896,U1425,2026-03-15 23:50:00,add_to_cart
EV-500014,U1002,2026-03-15 23:52:00,product_view
EV-503772,U1338,2026-03-15 23:52:00,add_to_cart
EV-504897,U1425,2026-03-15 23:53:00,checkout_start
EV-504243,U1372,2026-03-15 23:54:00,add_to_cart
EV-504898,U1425,2026-03-15 23:55:00,payment_success
EV-500015,U1002,2026-03-15 23:56:00,add_to_cart
EV-503773,U1338,2026-03-15 23:56:00,checkout_start
EV-500016,U1002,2026-03-15 23:58:00,checkout_start
EV-503774,U1338,2026-03-15 23:58:00,payment_success
EV-504244,U1372,2026-03-15 23:58:00,checkout_start
EV-504245,U1372,2026-03-15 23:59:00,payment_success
EV-500017,U1002,2026-03-16 00:00:00,payment_success
EV-507771,U2362,2026-03-16 00:03:00,app_open
EV-507772,U2362,2026-03-16 00:06:00,product_view
EV-508090,U1824,2026-03-16 00:17:00,app_open
EV-508091,U1824,2026-03-16 00:20:00,product_view
EV-508436,U1220,2026-03-16 02:55:00,app_open
EV-508437,U1220,2026-03-16 02:58:00,product_view
EV-507803,U2059,2026-03-16 07:37:00,app_open
EV-507804,U2059,2026-03-16 07:40:00,product_view
EV-508853,U1868,2026-03-16 08:11:00,app_open
EV-508854,U1868,2026-03-16 08:14:00,product_view
EV-508147,U2229,2026-03-16 10:05:00,app_open
EV-508148,U2229,2026-03-16 10:08:00,product_view
EV-508149,U2229,2026-03-16 10:12:00,add_to_cart
EV-508270,U2051,2026-03-16 11:06:00,app_open
EV-508271,U2051,2026-03-16 11:09:00,product_view
EV-507079,U1109,2026-03-16 15:45:00,app_open
EV-507080,U1109,2026-03-16 15:48:00,product_view
EV-507081,U1109,2026-03-16 15:52:00,add_to_cart
EV-507937,U1104,2026-03-16 18:38:00,app_open
EV-507938,U1104,2026-03-16 18:41:00,product_view
EV-508578,U2232,2026-03-16 21:06:00,app_open
EV-508579,U2232,2026-03-16 21:09:00,product_view
EV-508580,U2232,2026-03-16 21:13:00,add_to_cart
EV-503848,U1342,2026-03-16 23:17:00,app_open
EV-503849,U1342,2026-03-16 23:19:00,product_view
EV-503850,U1342,2026-03-16 23:22:00,product_view
EV-503851,U1342,2026-03-16 23:24:00,add_to_cart
EV-500225,U1028,2026-03-16 23:25:00,app_open
EV-503852,U1342,2026-03-16 23:28:00,checkout_start
EV-506846,U1618,2026-03-16 23:28:00,app_open
EV-500226,U1028,2026-03-16 23:30:00,product_view
EV-503001,U1271,2026-03-16 23:31:00,app_open
EV-506942,U1622,2026-03-16 23:31:00,app_open
EV-500227,U1028,2026-03-16 23:33:00,add_to_cart
EV-506847,U1618,2026-03-16 23:33:00,product_view
EV-503002,U1271,2026-03-16 23:34:00,product_view
EV-504649,U1404,2026-03-16 23:34:00,app_open
EV-500228,U1028,2026-03-16 23:35:00,checkout_start
EV-500229,U1028,2026-03-16 23:36:00,payment_success
EV-506943,U1622,2026-03-16 23:36:00,product_view
EV-506848,U1618,2026-03-16 23:37:00,add_to_cart
EV-503003,U1271,2026-03-16 23:38:00,product_view
EV-505952,U1544,2026-03-16 23:38:00,app_open
EV-506944,U1622,2026-03-16 23:38:00,add_to_cart
EV-504650,U1404,2026-03-16 23:39:00,product_view
EV-506849,U1618,2026-03-16 23:39:00,checkout_start
EV-506850,U1618,2026-03-16 23:40:00,payment_success
EV-505953,U1544,2026-03-16 23:42:00,product_view
EV-506945,U1622,2026-03-16 23:42:00,checkout_start
EV-503004,U1271,2026-03-16 23:43:00,product_view
EV-504651,U1404,2026-03-16 23:43:00,product_view
EV-506946,U1622,2026-03-16 23:43:00,payment_success
EV-500712,U1074,2026-03-16 23:45:00,app_open
EV-505954,U1544,2026-03-16 23:45:00,product_view
EV-504540,U1394,2026-03-16 23:46:00,app_open
EV-502053,U1189,2026-03-16 23:47:00,app_open
EV-503005,U1271,2026-03-16 23:47:00,add_to_cart
EV-503585,U1325,2026-03-16 23:47:00,app_open
EV-504652,U1404,2026-03-16 23:47:00,product_view
EV-505955,U1544,2026-03-16 23:47:00,add_to_cart
EV-506770,U1609,2026-03-16 23:48:00,app_open
EV-501939,U1177,2026-03-16 23:49:00,app_open
EV-503586,U1325,2026-03-16 23:49:00,product_view
EV-500713,U1074,2026-03-16 23:50:00,product_view
EV-502054,U1189,2026-03-16 23:50:00,product_view
EV-503006,U1271,2026-03-16 23:50:00,checkout_start
EV-504541,U1394,2026-03-16 23:50:00,product_view
EV-504653,U1404,2026-03-16 23:50:00,add_to_cart
EV-503007,U1271,2026-03-16 23:51:00,payment_success
EV-505956,U1544,2026-03-16 23:51:00,checkout_start
EV-506771,U1609,2026-03-16 23:52:00,product_view
EV-500714,U1074,2026-03-16 23:53:00,product_view
EV-501940,U1177,2026-03-16 23:53:00,product_view
EV-502055,U1189,2026-03-16 23:53:00,product_view
EV-505957,U1544,2026-03-16 23:53:00,payment_success
EV-503587,U1325,2026-03-16 23:54:00,product_view
EV-504542,U1394,2026-03-16 23:54:00,add_to_cart
EV-504654,U1404,2026-03-16 23:54:00,checkout_start
EV-506772,U1609,2026-03-16 23:54:00,product_view
EV-502056,U1189,2026-03-16 23:55:00,product_view
EV-500715,U1074,2026-03-16 23:56:00,add_to_cart
EV-504655,U1404,2026-03-16 23:56:00,payment_success
EV-501941,U1177,2026-03-16 23:57:00,add_to_cart
EV-503588,U1325,2026-03-16 23:57:00,add_to_cart
EV-506773,U1609,2026-03-16 23:57:00,add_to_cart
EV-502057,U1189,2026-03-16 23:58:00,add_to_cart
EV-504543,U1394,2026-03-16 23:58:00,checkout_start
EV-500716,U1074,2026-03-16 23:59:00,checkout_start
EV-504544,U1394,2026-03-16 23:59:00,payment_success
EV-501942,U1177,2026-03-17 00:00:00,checkout_start
EV-503589,U1325,2026-03-17 00:00:00,checkout_start
EV-500717,U1074,2026-03-17 00:01:00,payment_success
EV-503590,U1325,2026-03-17 00:01:00,payment_success
EV-506774,U1609,2026-03-17 00:01:00,checkout_start
EV-501943,U1177,2026-03-17 00:02:00,payment_success
EV-502058,U1189,2026-03-17 00:02:00,checkout_start
EV-502059,U1189,2026-03-17 00:03:00,payment_success
EV-508903,U1112,2026-03-17 13:55:00,app_open
EV-508904,U1112,2026-03-17 13:58:00,product_view
EV-508259,U2422,2026-03-17 15:30:00,app_open
EV-508260,U2422,2026-03-17 15:33:00,product_view
EV-508261,U2422,2026-03-17 15:37:00,add_to_cart
EV-508347,U1724,2026-03-17 18:53:00,app_open
EV-508348,U1724,2026-03-17 18:56:00,product_view
EV-508349,U1724,2026-03-17 19:00:00,add_to_cart
EV-502640,U1233,2026-03-17 23:17:00,app_open
EV-504843,U1421,2026-03-17 23:17:00,app_open
EV-501343,U1126,2026-03-17 23:19:00,app_open
EV-502582,U1227,2026-03-17 23:19:00,app_open
EV-502857,U1260,2026-03-17 23:19:00,app_open
EV-504844,U1421,2026-03-17 23:19:00,product_view
EV-503503,U1318,2026-03-17 23:20:00,app_open
EV-502641,U1233,2026-03-17 23:21:00,product_view
EV-504845,U1421,2026-03-17 23:21:00,add_to_cart
EV-503504,U1318,2026-03-17 23:22:00,product_view
EV-501344,U1126,2026-03-17 23:23:00,product_view
EV-502583,U1227,2026-03-17 23:24:00,product_view
EV-502858,U1260,2026-03-17 23:24:00,product_view
EV-503505,U1318,2026-03-17 23:24:00,product_view
EV-501345,U1126,2026-03-17 23:25:00,product_view
EV-501440,U1128,2026-03-17 23:25:00,app_open
EV-504846,U1421,2026-03-17 23:25:00,checkout_start
EV-502642,U1233,2026-03-17 23:26:00,product_view
EV-503866,U1343,2026-03-17 23:26:00,app_open
EV-504899,U1425,2026-03-17 23:26:00,app_open
EV-501346,U1126,2026-03-17 23:27:00,add_to_cart
EV-501441,U1128,2026-03-17 23:27:00,product_view
EV-503436,U1314,2026-03-17 23:27:00,app_open
EV-503506,U1318,2026-03-17 23:27:00,product_view
EV-504847,U1421,2026-03-17 23:27:00,payment_success
EV-502859,U1260,2026-03-17 23:28:00,product_view
EV-501442,U1128,2026-03-17 23:29:00,add_to_cart
EV-502584,U1227,2026-03-17 23:29:00,product_view
EV-503437,U1314,2026-03-17 23:29:00,product_view
EV-500718,U1074,2026-03-17 23:30:00,app_open
EV-501347,U1126,2026-03-17 23:30:00,checkout_start
EV-503507,U1318,2026-03-17 23:30:00,add_to_cart
EV-504900,U1425,2026-03-17 23:30:00,product_view
EV-507786,U1777,2026-03-17 23:30:00,app_open
EV-502585,U1227,2026-03-17 23:31:00,add_to_cart
EV-502643,U1233,2026-03-17 23:31:00,product_view
EV-502860,U1260,2026-03-17 23:31:00,product_view
EV-503867,U1343,2026-03-17 23:31:00,product_view
EV-501348,U1126,2026-03-17 23:32:00,payment_success
EV-503438,U1314,2026-03-17 23:32:00,add_to_cart
EV-505528,U1487,2026-03-17 23:32:00,app_open
EV-501443,U1128,2026-03-17 23:33:00,checkout_start
EV-507787,U1777,2026-03-17 23:33:00,product_view
EV-500719,U1074,2026-03-17 23:34:00,product_view
EV-501444,U1128,2026-03-17 23:34:00,payment_success
EV-502644,U1233,2026-03-17 23:34:00,add_to_cart
EV-503439,U1314,2026-03-17 23:34:00,checkout_start
EV-503508,U1318,2026-03-17 23:34:00,checkout_start
EV-505529,U1487,2026-03-17 23:34:00,product_view
EV-502586,U1227,2026-03-17 23:35:00,checkout_start
EV-502861,U1260,2026-03-17 23:35:00,add_to_cart
EV-503440,U1314,2026-03-17 23:35:00,payment_success
EV-503868,U1343,2026-03-17 23:35:00,product_view
EV-504901,U1425,2026-03-17 23:35:00,product_view
EV-503509,U1318,2026-03-17 23:36:00,payment_success
EV-500720,U1074,2026-03-17 23:37:00,product_view
EV-502587,U1227,2026-03-17 23:37:00,payment_success
EV-502645,U1233,2026-03-17 23:37:00,checkout_start
EV-502646,U1233,2026-03-17 23:38:00,payment_success
EV-503869,U1343,2026-03-17 23:38:00,product_view
EV-505530,U1487,2026-03-17 23:38:00,product_view
EV-502862,U1260,2026-03-17 23:39:00,checkout_start
EV-504902,U1425,2026-03-17 23:39:00,add_to_cart
EV-500721,U1074,2026-03-17 23:40:00,product_view
EV-502863,U1260,2026-03-17 23:41:00,payment_success
EV-503176,U1282,2026-03-17 23:41:00,app_open
EV-500722,U1074,2026-03-17 23:42:00,add_to_cart
EV-503870,U1343,2026-03-17 23:42:00,add_to_cart
EV-504672,U1406,2026-03-17 23:42:00,app_open
EV-505531,U1487,2026-03-17 23:42:00,add_to_cart
EV-504903,U1425,2026-03-17 23:43:00,checkout_start
EV-503871,U1343,2026-03-17 23:44:00,checkout_start
EV-504904,U1425,2026-03-17 23:44:00,payment_success
EV-500723,U1074,2026-03-17 23:45:00,checkout_start
EV-503872,U1343,2026-03-17 23:45:00,payment_success
EV-505532,U1487,2026-03-17 23:45:00,checkout_start
EV-500724,U1074,2026-03-17 23:46:00,payment_success
EV-503177,U1282,2026-03-17 23:46:00,product_view
EV-504673,U1406,2026-03-17 23:46:00,product_view
EV-505386,U1480,2026-03-17 23:47:00,app_open
EV-505533,U1487,2026-03-17 23:47:00,payment_success
EV-503178,U1282,2026-03-17 23:48:00,add_to_cart
EV-504674,U1406,2026-03-17 23:48:00,add_to_cart
EV-504675,U1406,2026-03-17 23:50:00,checkout_start
EV-505387,U1480,2026-03-17 23:50:00,product_view
EV-503179,U1282,2026-03-17 23:51:00,checkout_start
EV-503180,U1282,2026-03-17 23:52:00,payment_success
EV-504676,U1406,2026-03-17 23:52:00,payment_success
EV-505388,U1480,2026-03-17 23:54:00,product_view
EV-505389,U1480,2026-03-17 23:59:00,product_view
EV-505390,U1480,2026-03-18 00:02:00,add_to_cart
EV-505391,U1480,2026-03-18 00:05:00,checkout_start
EV-505392,U1480,2026-03-18 00:06:00,payment_success
EV-507748,U1315,2026-03-18 01:01:00,app_open
EV-507749,U1315,2026-03-18 01:04:00,product_view
EV-508829,U1827,2026-03-18 01:58:00,app_open
EV-508830,U1827,2026-03-18 02:01:00,product_view
EV-507189,U1931,2026-03-18 17:39:00,app_open
EV-507190,U1931,2026-03-18 17:42:00,product_view
EV-507669,U1183,2026-03-18 22:17:00,app_open
EV-507670,U1183,2026-03-18 22:20:00,product_view
EV-507671,U1183,2026-03-18 22:24:00,add_to_cart
EV-500864,U1082,2026-03-18 23:20:00,app_open
EV-507046,U1626,2026-03-18 23:21:00,app_open
EV-500865,U1082,2026-03-18 23:22:00,product_view
EV-500866,U1082,2026-03-18 23:25:00,product_view
EV-500979,U1091,2026-03-18 23:25:00,app_open
EV-507047,U1626,2026-03-18 23:26:00,product_view
EV-500867,U1082,2026-03-18 23:27:00,add_to_cart
EV-500980,U1091,2026-03-18 23:27:00,product_view
EV-507048,U1626,2026-03-18 23:28:00,product_view
EV-500868,U1082,2026-03-18 23:29:00,checkout_start
EV-500981,U1091,2026-03-18 23:31:00,product_view
EV-507049,U1626,2026-03-18 23:31:00,add_to_cart
EV-507050,U1626,2026-03-18 23:33:00,checkout_start
EV-500982,U1091,2026-03-18 23:34:00,add_to_cart
EV-507051,U1626,2026-03-18 23:35:00,payment_success
EV-500983,U1091,2026-03-18 23:36:00,checkout_start
EV-500707,U1073,2026-03-18 23:37:00,app_open
EV-500984,U1091,2026-03-18 23:38:00,payment_success
EV-506908,U1621,2026-03-18 23:38:00,app_open
EV-500708,U1073,2026-03-18 23:40:00,product_view
EV-508162,U2258,2026-03-18 23:40:00,app_open
EV-502802,U1255,2026-03-18 23:41:00,app_open
EV-500709,U1073,2026-03-18 23:42:00,add_to_cart
EV-506909,U1621,2026-03-18 23:42:00,product_view
EV-502803,U1255,2026-03-18 23:43:00,product_view
EV-508163,U2258,2026-03-18 23:43:00,product_view
EV-500710,U1073,2026-03-18 23:44:00,checkout_start
EV-506910,U1621,2026-03-18 23:44:00,product_view
EV-500711,U1073,2026-03-18 23:45:00,payment_success
EV-500248,U1030,2026-03-18 23:46:00,app_open
EV-502804,U1255,2026-03-18 23:48:00,product_view
EV-506911,U1621,2026-03-18 23:48:00,add_to_cart
EV-500249,U1030,2026-03-18 23:49:00,product_view
EV-506157,U1560,2026-03-18 23:49:00,app_open
EV-501814,U1169,2026-03-18 23:50:00,app_open
EV-503008,U1271,2026-03-18 23:50:00,app_open
EV-502805,U1255,2026-03-18 23:51:00,add_to_cart
EV-506158,U1560,2026-03-18 23:51:00,product_view
EV-506912,U1621,2026-03-18 23:51:00,checkout_start
EV-503009,U1271,2026-03-18 23:52:00,product_view
EV-506913,U1621,2026-03-18 23:52:00,payment_success
EV-500250,U1030,2026-03-18 23:53:00,add_to_cart
EV-501815,U1169,2026-03-18 23:54:00,product_view
EV-503010,U1271,2026-03-18 23:54:00,product_view
EV-502806,U1255,2026-03-18 23:55:00,checkout_start
EV-506159,U1560,2026-03-18 23:55:00,add_to_cart
EV-501816,U1169,2026-03-18 23:56:00,product_view
EV-500251,U1030,2026-03-18 23:57:00,checkout_start
EV-502807,U1255,2026-03-18 23:57:00,payment_success
EV-503011,U1271,2026-03-18 23:57:00,add_to_cart
EV-506160,U1560,2026-03-18 23:58:00,checkout_start
EV-500252,U1030,2026-03-18 23:59:00,payment_success
EV-501817,U1169,2026-03-19 00:00:00,product_view
EV-506161,U1560,2026-03-19 00:00:00,payment_success
EV-503012,U1271,2026-03-19 00:01:00,checkout_start
EV-501818,U1169,2026-03-19 00:02:00,add_to_cart
EV-503013,U1271,2026-03-19 00:03:00,payment_success
EV-501819,U1169,2026-03-19 00:04:00,checkout_start
EV-501820,U1169,2026-03-19 00:06:00,payment_success
EV-507878,U1451,2026-03-19 07:17:00,app_open
EV-507879,U1451,2026-03-19 07:20:00,product_view
EV-507880,U1451,2026-03-19 07:24:00,add_to_cart
EV-507473,U1894,2026-03-19 07:28:00,app_open
EV-507474,U1894,2026-03-19 07:31:00,product_view
EV-507726,U2214,2026-03-19 08:18:00,app_open
EV-507727,U2214,2026-03-19 08:21:00,product_view
EV-508097,U1967,2026-03-19 10:30:00,app_open
EV-508098,U1967,2026-03-19 10:33:00,product_view
EV-507494,U1570,2026-03-19 11:01:00,app_open
EV-507495,U1570,2026-03-19 11:04:00,product_view
EV-507084,U2160,2026-03-19 11:58:00,app_open
EV-507085,U2160,2026-03-19 12:01:00,product_view
EV-507167,U1252,2026-03-19 12:48:00,app_open
EV-507168,U1252,2026-03-19 12:51:00,product_view
EV-507169,U1252,2026-03-19 12:55:00,add_to_cart
EV-507147,U1815,2026-03-19 13:38:00,app_open
EV-507148,U1815,2026-03-19 13:41:00,product_view
EV-508398,U1787,2026-03-19 15:51:00,app_open
EV-508399,U1787,2026-03-19 15:54:00,product_view
EV-507961,U1532,2026-03-19 18:02:00,app_open
EV-507962,U1532,2026-03-19 18:05:00,product_view
EV-507903,U1993,2026-03-19 22:40:00,app_open
EV-507904,U1993,2026-03-19 22:43:00,product_view
EV-505860,U1536,2026-03-19 23:21:00,app_open
EV-505861,U1536,2026-03-19 23:23:00,product_view
EV-505862,U1536,2026-03-19 23:27:00,product_view
EV-505863,U1536,2026-03-19 23:29:00,add_to_cart
EV-500269,U1031,2026-03-19 23:30:00,app_open
EV-505814,U1529,2026-03-19 23:32:00,app_open
EV-500270,U1031,2026-03-19 23:33:00,product_view
EV-503603,U1326,2026-03-19 23:33:00,app_open
EV-505864,U1536,2026-03-19 23:33:00,checkout_start
EV-505865,U1536,2026-03-19 23:34:00,payment_success
EV-504344,U1378,2026-03-19 23:35:00,app_open
EV-505815,U1529,2026-03-19 23:35:00,product_view
EV-500271,U1031,2026-03-19 23:38:00,product_view
EV-503604,U1326,2026-03-19 23:38:00,product_view
EV-505816,U1529,2026-03-19 23:39:00,add_to_cart
EV-504345,U1378,2026-03-19 23:40:00,product_view
EV-500230,U1028,2026-03-19 23:41:00,app_open
EV-500057,U1003,2026-03-19 23:42:00,app_open
EV-500272,U1031,2026-03-19 23:42:00,add_to_cart
EV-503605,U1326,2026-03-19 23:42:00,product_view
EV-505817,U1529,2026-03-19 23:43:00,checkout_start
EV-500231,U1028,2026-03-19 23:44:00,product_view
EV-504346,U1378,2026-03-19 23:44:00,add_to_cart
EV-500273,U1031,2026-03-19 23:45:00,checkout_start
EV-503606,U1326,2026-03-19 23:45:00,add_to_cart
EV-505818,U1529,2026-03-19 23:45:00,payment_success
EV-504347,U1378,2026-03-19 23:46:00,checkout_start
EV-504376,U1381,2026-03-19 23:46:00,app_open
EV-500058,U1003,2026-03-19 23:47:00,product_view
EV-500232,U1028,2026-03-19 23:47:00,product_view
EV-500274,U1031,2026-03-19 23:47:00,payment_success
EV-503607,U1326,2026-03-19 23:47:00,checkout_start
EV-506139,U1558,2026-03-19 23:47:00,app_open
EV-503608,U1326,2026-03-19 23:48:00,payment_success
EV-504348,U1378,2026-03-19 23:48:00,payment_success
EV-500233,U1028,2026-03-19 23:49:00,product_view
EV-504377,U1381,2026-03-19 23:49:00,product_view
EV-500234,U1028,2026-03-19 23:51:00,add_to_cart
EV-506140,U1558,2026-03-19 23:51:00,product_view
EV-500059,U1003,2026-03-19 23:52:00,product_view
EV-504378,U1381,2026-03-19 23:52:00,product_view
EV-500235,U1028,2026-03-19 23:54:00,checkout_start
EV-506141,U1558,2026-03-19 23:54:00,product_view
EV-504379,U1381,2026-03-19 23:55:00,add_to_cart
EV-500060,U1003,2026-03-19 23:56:00,add_to_cart
EV-506142,U1558,2026-03-19 23:57:00,add_to_cart
EV-504380,U1381,2026-03-19 23:58:00,checkout_start
EV-500061,U1003,2026-03-19 23:59:00,checkout_start
EV-506143,U1558,2026-03-19 23:59:00,checkout_start
EV-500062,U1003,2026-03-20 00:00:00,payment_success
EV-504381,U1381,2026-03-20 00:00:00,payment_success
EV-506144,U1558,2026-03-20 00:00:00,payment_success
EV-507697,U2263,2026-03-20 02:31:00,app_open
EV-507698,U2263,2026-03-20 02:34:00,product_view
EV-507699,U2263,2026-03-20 02:38:00,add_to_cart
EV-508560,U1125,2026-03-20 04:26:00,app_open
EV-508561,U1125,2026-03-20 04:29:00,product_view
EV-508499,U2347,2026-03-20 07:22:00,app_open
EV-508500,U2347,2026-03-20 07:25:00,product_view
EV-507600,U2146,2026-03-20 07:50:00,app_open
EV-507601,U2146,2026-03-20 07:53:00,product_view
EV-508367,U2017,2026-03-20 11:19:00,app_open
EV-508368,U2017,2026-03-20 11:22:00,product_view
EV-508758,U1218,2026-03-20 14:19:00,app_open
EV-508759,U1218,2026-03-20 14:22:00,product_view
EV-508528,U2221,2026-03-20 16:21:00,app_open
EV-508529,U2221,2026-03-20 16:24:00,product_view
EV-508404,U2495,2026-03-20 21:13:00,app_open
EV-508405,U2495,2026-03-20 21:16:00,product_view
EV-508406,U2495,2026-03-20 21:20:00,add_to_cart
EV-507929,U1619,2026-03-20 21:22:00,app_open
EV-507930,U1619,2026-03-20 21:25:00,product_view
EV-505710,U1513,2026-03-20 23:18:00,app_open
EV-501843,U1170,2026-03-20 23:19:00,app_open
EV-502400,U1214,2026-03-20 23:21:00,app_open
EV-504677,U1406,2026-03-20 23:21:00,app_open
EV-505711,U1513,2026-03-20 23:21:00,product_view
EV-501844,U1170,2026-03-20 23:24:00,product_view
EV-505712,U1513,2026-03-20 23:25:00,add_to_cart
EV-501845,U1170,2026-03-20 23:26:00,product_view
EV-502401,U1214,2026-03-20 23:26:00,product_view
EV-504678,U1406,2026-03-20 23:26:00,product_view
EV-504545,U1394,2026-03-20 23:27:00,app_open
EV-504679,U1406,2026-03-20 23:28:00,product_view
EV-505713,U1513,2026-03-20 23:28:00,checkout_start
EV-504546,U1394,2026-03-20 23:29:00,product_view
EV-505714,U1513,2026-03-20 23:29:00,payment_success
EV-502121,U1194,2026-03-20 23:30:00,app_open
EV-501846,U1170,2026-03-20 23:31:00,product_view
EV-502402,U1214,2026-03-20 23:31:00,product_view
EV-504680,U1406,2026-03-20 23:31:00,add_to_cart
EV-501399,U1127,2026-03-20 23:32:00,app_open
EV-504681,U1406,2026-03-20 23:33:00,checkout_start
EV-501400,U1127,2026-03-20 23:34:00,product_view
EV-502122,U1194,2026-03-20 23:34:00,product_view
EV-502223,U1204,2026-03-20 23:34:00,app_open
EV-504547,U1394,2026-03-20 23:34:00,product_view
EV-501847,U1170,2026-03-20 23:35:00,add_to_cart
EV-502403,U1214,2026-03-20 23:35:00,add_to_cart
EV-504682,U1406,2026-03-20 23:35:00,payment_success
EV-500099,U1007,2026-03-20 23:36:00,app_open
EV-502123,U1194,2026-03-20 23:36:00,product_view
EV-501401,U1127,2026-03-20 23:37:00,product_view
EV-502404,U1214,2026-03-20 23:37:00,checkout_start
EV-504548,U1394,2026-03-20 23:37:00,product_view
EV-501848,U1170,2026-03-20 23:38:00,checkout_start
EV-502224,U1204,2026-03-20 23:38:00,product_view
EV-502405,U1214,2026-03-20 23:39:00,payment_success
EV-504549,U1394,2026-03-20 23:39:00,add_to_cart
EV-500100,U1007,2026-03-20 23:40:00,product_view
EV-501821,U1169,2026-03-20 23:40:00,app_open
EV-501849,U1170,2026-03-20 23:40:00,payment_success
EV-502124,U1194,2026-03-20 23:40:00,product_view
EV-501402,U1127,2026-03-20 23:41:00,product_view
EV-502225,U1204,2026-03-20 23:41:00,add_to_cart
EV-505393,U1480,2026-03-20 23:41:00,app_open
EV-504550,U1394,2026-03-20 23:42:00,checkout_start
EV-505190,U1457,2026-03-20 23:42:00,app_open
EV-501276,U1119,2026-03-20 23:43:00,app_open
EV-502125,U1194,2026-03-20 23:43:00,add_to_cart
EV-504551,U1394,2026-03-20 23:43:00,payment_success
EV-501403,U1127,2026-03-20 23:44:00,add_to_cart
EV-502226,U1204,2026-03-20 23:44:00,checkout_start
EV-500101,U1007,2026-03-20 23:45:00,product_view
EV-501822,U1169,2026-03-20 23:45:00,product_view
EV-505191,U1457,2026-03-20 23:45:00,product_view
EV-505394,U1480,2026-03-20 23:45:00,product_view
EV-502227,U1204,2026-03-20 23:46:00,payment_success
EV-500275,U1031,2026-03-20 23:47:00,app_open
EV-501277,U1119,2026-03-20 23:47:00,product_view
EV-501404,U1127,2026-03-20 23:47:00,checkout_start
EV-501823,U1169,2026-03-20 23:47:00,product_view
EV-502126,U1194,2026-03-20 23:47:00,checkout_start
EV-505192,U1457,2026-03-20 23:47:00,product_view
EV-505395,U1480,2026-03-20 23:47:00,add_to_cart
EV-501405,U1127,2026-03-20 23:48:00,payment_success
EV-500102,U1007,2026-03-20 23:49:00,product_view
EV-502127,U1194,2026-03-20 23:49:00,payment_success
EV-501278,U1119,2026-03-20 23:50:00,add_to_cart
EV-503664,U1331,2026-03-20 23:50:00,app_open
EV-505396,U1480,2026-03-20 23:50:00,checkout_start
EV-500276,U1031,2026-03-20 23:51:00,product_view
EV-501824,U1169,2026-03-20 23:51:00,add_to_cart
EV-500103,U1007,2026-03-20 23:52:00,add_to_cart
EV-505193,U1457,2026-03-20 23:52:00,product_view
EV-505397,U1480,2026-03-20 23:52:00,payment_success
EV-500277,U1031,2026-03-20 23:53:00,product_view
EV-501279,U1119,2026-03-20 23:53:00,checkout_start
EV-501825,U1169,2026-03-20 23:53:00,checkout_start
EV-503665,U1331,2026-03-20 23:53:00,product_view
EV-500104,U1007,2026-03-20 23:55:00,checkout_start
EV-501826,U1169,2026-03-20 23:55:00,payment_success
EV-503666,U1331,2026-03-20 23:55:00,add_to_cart
EV-505194,U1457,2026-03-20 23:55:00,add_to_cart
EV-500105,U1007,2026-03-20 23:56:00,payment_success
EV-500278,U1031,2026-03-20 23:57:00,product_view
EV-505195,U1457,2026-03-20 23:58:00,checkout_start
EV-503667,U1331,2026-03-20 23:59:00,checkout_start
EV-505196,U1457,2026-03-21 00:00:00,payment_success
EV-500279,U1031,2026-03-21 00:01:00,add_to_cart
EV-503668,U1331,2026-03-21 00:01:00,payment_success
EV-500280,U1031,2026-03-21 00:04:00,checkout_start
EV-500281,U1031,2026-03-21 00:06:00,payment_success
EV-507106,U2105,2026-03-21 03:30:00,app_open
EV-507107,U2105,2026-03-21 03:33:00,product_view
EV-507108,U2105,2026-03-21 03:37:00,add_to_cart
EV-507074,U2402,2026-03-21 08:20:00,app_open
EV-507075,U2402,2026-03-21 08:23:00,product_view
EV-508205,U1929,2026-03-21 19:18:00,app_open
EV-508206,U1929,2026-03-21 19:21:00,product_view
EV-508457,U2408,2026-03-21 22:01:00,app_open
EV-508458,U2408,2026-03-21 22:04:00,product_view
EV-508377,U1673,2026-03-21 22:42:00,app_open
EV-508378,U1673,2026-03-21 22:45:00,product_view
EV-507052,U1626,2026-03-21 23:23:00,app_open
EV-504290,U1375,2026-03-21 23:26:00,app_open
EV-501652,U1146,2026-03-21 23:27:00,app_open
EV-507053,U1626,2026-03-21 23:28:00,product_view
EV-501653,U1146,2026-03-21 23:31:00,product_view
EV-504291,U1375,2026-03-21 23:31:00,product_view
EV-507054,U1626,2026-03-21 23:31:00,add_to_cart
EV-502767,U1252,2026-03-21 23:32:00,app_open
EV-507055,U1626,2026-03-21 23:34:00,checkout_start
EV-501654,U1146,2026-03-21 23:35:00,product_view
EV-502768,U1252,2026-03-21 23:35:00,product_view
EV-504292,U1375,2026-03-21 23:35:00,product_view
EV-507056,U1626,2026-03-21 23:35:00,payment_success
EV-506914,U1621,2026-03-21 23:36:00,app_open
EV-501757,U1157,2026-03-21 23:37:00,app_open
EV-505109,U1444,2026-03-21 23:38:00,app_open
EV-506915,U1621,2026-03-21 23:38:00,product_view
EV-502769,U1252,2026-03-21 23:39:00,product_view
EV-500898,U1086,2026-03-21 23:40:00,app_open
EV-501655,U1146,2026-03-21 23:40:00,product_view
EV-504293,U1375,2026-03-21 23:40:00,product_view
EV-501758,U1157,2026-03-21 23:41:00,product_view
EV-506916,U1621,2026-03-21 23:41:00,product_view
EV-500236,U1028,2026-03-21 23:42:00,app_open
EV-505110,U1444,2026-03-21 23:42:00,product_view
EV-500253,U1030,2026-03-21 23:43:00,app_open
EV-501656,U1146,2026-03-21 23:43:00,add_to_cart
EV-502770,U1252,2026-03-21 23:43:00,add_to_cart
EV-500899,U1086,2026-03-21 23:44:00,product_view
EV-501759,U1157,2026-03-21 23:44:00,product_view
EV-504294,U1375,2026-03-21 23:44:00,add_to_cart
EV-505111,U1444,2026-03-21 23:44:00,add_to_cart
EV-506917,U1621,2026-03-21 23:44:00,add_to_cart
EV-504958,U1428,2026-03-21 23:45:00,app_open
EV-501657,U1146,2026-03-21 23:46:00,checkout_start
EV-501760,U1157,2026-03-21 23:46:00,add_to_cart
EV-502771,U1252,2026-03-21 23:46:00,checkout_start
EV-504295,U1375,2026-03-21 23:46:00,checkout_start
EV-506918,U1621,2026-03-21 23:46:00,checkout_start
EV-500237,U1028,2026-03-21 23:47:00,product_view
EV-500900,U1086,2026-03-21 23:47:00,product_view
EV-502772,U1252,2026-03-21 23:47:00,payment_success
EV-500254,U1030,2026-03-21 23:48:00,product_view
EV-501658,U1146,2026-03-21 23:48:00,payment_success
EV-505112,U1444,2026-03-21 23:48:00,checkout_start
EV-506919,U1621,2026-03-21 23:48:00,payment_success
EV-500901,U1086,2026-03-21 23:49:00,product_view
EV-501761,U1157,2026-03-21 23:49:00,checkout_start
EV-501797,U1161,2026-03-21 23:49:00,app_open
EV-504959,U1428,2026-03-21 23:49:00,product_view
EV-500238,U1028,2026-03-21 23:50:00,product_view
EV-501762,U1157,2026-03-21 23:50:00,payment_success
EV-505113,U1444,2026-03-21 23:50:00,payment_success
EV-500255,U1030,2026-03-21 23:51:00,add_to_cart
EV-500902,U1086,2026-03-21 23:51:00,add_to_cart
EV-500239,U1028,2026-03-21 23:52:00,product_view
EV-500256,U1030,2026-03-21 23:53:00,checkout_start
EV-500903,U1086,2026-03-21 23:53:00,checkout_start
EV-504960,U1428,2026-03-21 23:53:00,product_view
EV-500257,U1030,2026-03-21 23:54:00,payment_success
EV-500904,U1086,2026-03-21 23:54:00,payment_success
EV-501798,U1161,2026-03-21 23:54:00,product_view
EV-500240,U1028,2026-03-21 23:55:00,add_to_cart
EV-500241,U1028,2026-03-21 23:57:00,checkout_start
EV-504961,U1428,2026-03-21 23:57:00,add_to_cart
EV-501799,U1161,2026-03-21 23:58:00,add_to_cart
EV-501800,U1161,2026-03-22 00:00:00,checkout_start
EV-504962,U1428,2026-03-22 00:01:00,checkout_start
EV-501801,U1161,2026-03-22 00:02:00,payment_success
EV-504963,U1428,2026-03-22 00:02:00,payment_success
EV-508847,U1220,2026-03-22 04:34:00,app_open
EV-508848,U1220,2026-03-22 04:37:00,product_view
EV-508464,U1022,2026-03-22 07:06:00,app_open
EV-508465,U1022,2026-03-22 07:09:00,product_view
EV-508466,U1022,2026-03-22 07:13:00,add_to_cart
EV-508737,U1882,2026-03-22 09:12:00,app_open
EV-508738,U1882,2026-03-22 09:15:00,product_view
EV-508313,U1110,2026-03-22 20:01:00,app_open
EV-508314,U1110,2026-03-22 20:04:00,product_view
EV-504586,U1397,2026-03-22 23:18:00,app_open
EV-504587,U1397,2026-03-22 23:21:00,product_view
EV-503089,U1276,2026-03-22 23:22:00,app_open
EV-504588,U1397,2026-03-22 23:24:00,product_view
EV-503090,U1276,2026-03-22 23:25:00,product_view
EV-506561,U1596,2026-03-22 23:26:00,app_open
EV-504589,U1397,2026-03-22 23:28:00,add_to_cart
EV-506562,U1596,2026-03-22 23:28:00,product_view
EV-503091,U1276,2026-03-22 23:29:00,add_to_cart
EV-504590,U1397,2026-03-22 23:30:00,checkout_start
EV-506563,U1596,2026-03-22 23:30:00,product_view
EV-506145,U1558,2026-03-22 23:31:00,app_open
EV-504591,U1397,2026-03-22 23:32:00,payment_success
EV-506564,U1596,2026-03-22 23:32:00,add_to_cart
EV-501042,U1095,2026-03-22 23:33:00,app_open
EV-503092,U1276,2026-03-22 23:33:00,checkout_start
EV-504081,U1363,2026-03-22 23:34:00,app_open
EV-501043,U1095,2026-03-22 23:35:00,product_view
EV-502864,U1260,2026-03-22 23:35:00,app_open
EV-503093,U1276,2026-03-22 23:35:00,payment_success
EV-503355,U1304,2026-03-22 23:35:00,app_open
EV-506146,U1558,2026-03-22 23:35:00,product_view
EV-506565,U1596,2026-03-22 23:35:00,checkout_start
EV-501044,U1095,2026-03-22 23:37:00,product_view
EV-502865,U1260,2026-03-22 23:37:00,product_view
EV-506566,U1596,2026-03-22 23:37:00,payment_success
EV-504082,U1363,2026-03-22 23:38:00,product_view
EV-506147,U1558,2026-03-22 23:38:00,product_view
EV-501045,U1095,2026-03-22 23:39:00,product_view
EV-502128,U1194,2026-03-22 23:39:00,app_open
EV-502866,U1260,2026-03-22 23:39:00,product_view
EV-506013,U1549,2026-03-22 23:39:00,app_open
EV-503356,U1304,2026-03-22 23:40:00,product_view
EV-504083,U1363,2026-03-22 23:41:00,add_to_cart
EV-505431,U1482,2026-03-22 23:41:00,app_open
EV-506148,U1558,2026-03-22 23:41:00,product_view
EV-502129,U1194,2026-03-22 23:42:00,product_view
EV-506014,U1549,2026-03-22 23:42:00,product_view
EV-501046,U1095,2026-03-22 23:43:00,add_to_cart
EV-502867,U1260,2026-03-22 23:43:00,product_view
EV-503357,U1304,2026-03-22 23:43:00,product_view
EV-504084,U1363,2026-03-22 23:43:00,checkout_start
EV-506149,U1558,2026-03-22 23:43:00,add_to_cart
EV-504085,U1363,2026-03-22 23:44:00,payment_success
EV-506015,U1549,2026-03-22 23:44:00,add_to_cart
EV-502930,U1266,2026-03-22 23:45:00,app_open
EV-503358,U1304,2026-03-22 23:45:00,product_view
EV-502130,U1194,2026-03-22 23:46:00,add_to_cart
EV-505432,U1482,2026-03-22 23:46:00,product_view
EV-501047,U1095,2026-03-22 23:47:00,checkout_start
EV-502868,U1260,2026-03-22 23:47:00,add_to_cart
EV-502931,U1266,2026-03-22 23:47:00,product_view
EV-506016,U1549,2026-03-22 23:47:00,checkout_start
EV-506150,U1558,2026-03-22 23:47:00,checkout_start
EV-501048,U1095,2026-03-22 23:48:00,payment_success
EV-503391,U1307,2026-03-22 23:48:00,app_open
EV-506151,U1558,2026-03-22 23:48:00,payment_success
EV-502932,U1266,2026-03-22 23:49:00,add_to_cart
EV-503359,U1304,2026-03-22 23:49:00,add_to_cart
EV-505433,U1482,2026-03-22 23:49:00,product_view
EV-506017,U1549,2026-03-22 23:49:00,payment_success
EV-502131,U1194,2026-03-22 23:50:00,checkout_start
EV-502132,U1194,2026-03-22 23:51:00,payment_success
EV-502869,U1260,2026-03-22 23:51:00,checkout_start
EV-503392,U1307,2026-03-22 23:51:00,product_view
EV-503360,U1304,2026-03-22 23:52:00,checkout_start
EV-505434,U1482,2026-03-22 23:52:00,add_to_cart
EV-502933,U1266,2026-03-22 23:53:00,checkout_start
EV-503361,U1304,2026-03-22 23:53:00,payment_success
EV-502934,U1266,2026-03-22 23:54:00,payment_success
EV-503393,U1307,2026-03-22 23:55:00,product_view
EV-505435,U1482,2026-03-22 23:55:00,checkout_start
EV-503394,U1307,2026-03-22 23:57:00,product_view
EV-505436,U1482,2026-03-22 23:57:00,payment_success
EV-503395,U1307,2026-03-23 00:01:00,add_to_cart
EV-503396,U1307,2026-03-23 00:04:00,checkout_start
EV-503397,U1307,2026-03-23 00:06:00,payment_success
EV-508155,U1993,2026-03-23 02:46:00,app_open
EV-508156,U1993,2026-03-23 02:49:00,product_view
EV-507229,U2158,2026-03-23 09:54:00,app_open
EV-507230,U2158,2026-03-23 09:57:00,product_view
EV-507231,U2158,2026-03-23 10:01:00,add_to_cart
EV-507920,U1372,2026-03-23 14:50:00,app_open
EV-507921,U1372,2026-03-23 14:53:00,product_view
EV-508689,U2165,2026-03-23 19:32:00,app_open
EV-508690,U2165,2026-03-23 19:35:00,product_view
EV-508691,U2165,2026-03-23 19:39:00,add_to_cart
EV-503115,U1279,2026-03-23 23:18:00,app_open
EV-503116,U1279,2026-03-23 23:22:00,product_view
EV-503117,U1279,2026-03-23 23:24:00,product_view
EV-503441,U1314,2026-03-23 23:24:00,app_open
EV-505819,U1529,2026-03-23 23:25:00,app_open
EV-500198,U1025,2026-03-23 23:27:00,app_open
EV-506028,U1551,2026-03-23 23:27:00,app_open
EV-503118,U1279,2026-03-23 23:28:00,product_view
EV-503442,U1314,2026-03-23 23:28:00,product_view
EV-505820,U1529,2026-03-23 23:28:00,product_view
EV-501225,U1113,2026-03-23 23:29:00,app_open
EV-502011,U1183,2026-03-23 23:29:00,app_open
EV-506029,U1551,2026-03-23 23:29:00,product_view
EV-503119,U1279,2026-03-23 23:30:00,add_to_cart
EV-503443,U1314,2026-03-23 23:30:00,product_view
EV-503525,U1322,2026-03-23 23:30:00,app_open
EV-506030,U1551,2026-03-23 23:31:00,product_view
EV-500199,U1025,2026-03-23 23:32:00,product_view
EV-501165,U1105,2026-03-23 23:32:00,app_open
EV-503120,U1279,2026-03-23 23:32:00,checkout_start
EV-503444,U1314,2026-03-23 23:32:00,product_view
EV-503526,U1322,2026-03-23 23:32:00,product_view
EV-505821,U1529,2026-03-23 23:32:00,add_to_cart
EV-500200,U1025,2026-03-23 23:34:00,add_to_cart
EV-501226,U1113,2026-03-23 23:34:00,product_view
EV-502012,U1183,2026-03-23 23:34:00,product_view
EV-503121,U1279,2026-03-23 23:34:00,payment_success
EV-503527,U1322,2026-03-23 23:34:00,add_to_cart
EV-503445,U1314,2026-03-23 23:35:00,add_to_cart
EV-505822,U1529,2026-03-23 23:35:00,checkout_start
EV-506031,U1551,2026-03-23 23:35:00,add_to_cart
EV-501166,U1105,2026-03-23 23:36:00,product_view
EV-504848,U1421,2026-03-23 23:36:00,app_open
EV-500201,U1025,2026-03-23 23:37:00,checkout_start
EV-502013,U1183,2026-03-23 23:37:00,product_view
EV-503446,U1314,2026-03-23 23:37:00,checkout_start
EV-503528,U1322,2026-03-23 23:37:00,checkout_start
EV-505823,U1529,2026-03-23 23:37:00,payment_success
EV-500202,U1025,2026-03-23 23:38:00,payment_success
EV-501167,U1105,2026-03-23 23:38:00,product_view
EV-503529,U1322,2026-03-23 23:38:00,payment_success
EV-506032,U1551,2026-03-23 23:38:00,checkout_start
EV-501227,U1113,2026-03-23 23:39:00,product_view
EV-502014,U1183,2026-03-23 23:39:00,add_to_cart
EV-503447,U1314,2026-03-23 23:39:00,payment_success
EV-506033,U1551,2026-03-23 23:39:00,payment_success
EV-500985,U1092,2026-03-23 23:40:00,app_open
EV-504849,U1421,2026-03-23 23:40:00,product_view
EV-502015,U1183,2026-03-23 23:41:00,checkout_start
EV-500986,U1092,2026-03-23 23:42:00,product_view
EV-501168,U1105,2026-03-23 23:43:00,product_view
EV-502016,U1183,2026-03-23 23:43:00,payment_success
EV-503204,U1284,2026-03-23 23:43:00,app_open
EV-501228,U1113,2026-03-23 23:44:00,product_view
EV-504850,U1421,2026-03-23 23:44:00,product_view
EV-500987,U1092,2026-03-23 23:45:00,add_to_cart
EV-501169,U1105,2026-03-23 23:45:00,add_to_cart
EV-503205,U1284,2026-03-23 23:45:00,product_view
EV-501170,U1105,2026-03-23 23:47:00,checkout_start
EV-501229,U1113,2026-03-23 23:47:00,add_to_cart
EV-502761,U1251,2026-03-23 23:47:00,app_open
EV-503206,U1284,2026-03-23 23:47:00,add_to_cart
EV-504851,U1421,2026-03-23 23:47:00,product_view
EV-500644,U1067,2026-03-23 23:48:00,app_open
EV-500988,U1092,2026-03-23 23:48:00,checkout_start
EV-500989,U1092,2026-03-23 23:49:00,payment_success
EV-501171,U1105,2026-03-23 23:49:00,payment_success
EV-501230,U1113,2026-03-23 23:49:00,checkout_start
EV-503207,U1284,2026-03-23 23:49:00,checkout_start
EV-501231,U1113,2026-03-23 23:50:00,payment_success
EV-502762,U1251,2026-03-23 23:50:00,product_view
EV-503208,U1284,2026-03-23 23:50:00,payment_success
EV-504852,U1421,2026-03-23 23:50:00,add_to_cart
EV-505484,U1485,2026-03-23 23:50:00,app_open
EV-500645,U1067,2026-03-23 23:52:00,product_view
EV-504853,U1421,2026-03-23 23:54:00,checkout_start
EV-505485,U1485,2026-03-23 23:54:00,product_view
EV-500646,U1067,2026-03-23 23:55:00,add_to_cart
EV-502763,U1251,2026-03-23 23:55:00,product_view
EV-504854,U1421,2026-03-23 23:56:00,payment_success
EV-500647,U1067,2026-03-23 23:57:00,checkout_start
EV-500648,U1067,2026-03-23 23:58:00,payment_success
EV-505486,U1485,2026-03-23 23:58:00,product_view
EV-502764,U1251,2026-03-23 23:59:00,add_to_cart
EV-505487,U1485,2026-03-24 00:01:00,add_to_cart
EV-502765,U1251,2026-03-24 00:02:00,checkout_start
EV-502766,U1251,2026-03-24 00:04:00,payment_success
EV-508186,U2254,2026-03-24 00:04:00,app_open
EV-505488,U1485,2026-03-24 00:05:00,checkout_start
EV-505489,U1485,2026-03-24 00:06:00,payment_success
EV-508187,U2254,2026-03-24 00:07:00,product_view
EV-507589,U2406,2026-03-24 05:32:00,app_open
EV-507590,U2406,2026-03-24 05:35:00,product_view
EV-507591,U2406,2026-03-24 05:39:00,add_to_cart
EV-508231,U2472,2026-03-24 06:18:00,app_open
EV-508232,U2472,2026-03-24 06:21:00,product_view
EV-508233,U2472,2026-03-24 06:25:00,add_to_cart
EV-502310,U1207,2026-03-24 23:17:00,app_open
EV-500912,U1087,2026-03-24 23:19:00,app_open
EV-503021,U1272,2026-03-24 23:20:00,app_open
EV-502311,U1207,2026-03-24 23:21:00,product_view
EV-500913,U1087,2026-03-24 23:23:00,product_view
EV-502312,U1207,2026-03-24 23:23:00,product_view
EV-503342,U1300,2026-03-24 23:23:00,app_open
EV-503022,U1272,2026-03-24 23:24:00,product_view
EV-502313,U1207,2026-03-24 23:25:00,add_to_cart
EV-503023,U1272,2026-03-24 23:26:00,product_view
EV-503343,U1300,2026-03-24 23:26:00,product_view
EV-503014,U1271,2026-03-24 23:27:00,app_open
EV-500914,U1087,2026-03-24 23:28:00,product_view
EV-502314,U1207,2026-03-24 23:28:00,checkout_start
EV-503015,U1271,2026-03-24 23:29:00,product_view
EV-502315,U1207,2026-03-24 23:30:00,payment_success
EV-503344,U1300,2026-03-24 23:30:00,product_view
EV-503024,U1272,2026-03-24 23:31:00,product_view
EV-505554,U1489,2026-03-24 23:31:00,app_open
EV-500915,U1087,2026-03-24 23:32:00,add_to_cart
EV-503016,U1271,2026-03-24 23:33:00,product_view
EV-503362,U1304,2026-03-24 23:33:00,app_open
EV-500916,U1087,2026-03-24 23:34:00,checkout_start
EV-502832,U1258,2026-03-24 23:34:00,app_open
EV-503025,U1272,2026-03-24 23:34:00,add_to_cart
EV-505555,U1489,2026-03-24 23:34:00,product_view
EV-500917,U1087,2026-03-24 23:35:00,payment_success
EV-503017,U1271,2026-03-24 23:35:00,product_view
EV-503345,U1300,2026-03-24 23:35:00,product_view
EV-506085,U1554,2026-03-24 23:35:00,app_open
EV-506988,U1623,2026-03-24 23:35:00,app_open
EV-503363,U1304,2026-03-24 23:36:00,product_view
EV-503018,U1271,2026-03-24 23:37:00,add_to_cart
EV-503346,U1300,2026-03-24 23:37:00,add_to_cart
EV-505556,U1489,2026-03-24 23:37:00,product_view
EV-501059,U1097,2026-03-24 23:38:00,app_open
EV-501245,U1115,2026-03-24 23:38:00,app_open
EV-501670,U1150,2026-03-24 23:38:00,app_open
EV-502833,U1258,2026-03-24 23:38:00,product_view
EV-503026,U1272,2026-03-24 23:38:00,checkout_start
EV-506989,U1623,2026-03-24 23:38:00,product_view
EV-503019,U1271,2026-03-24 23:39:00,checkout_start
EV-503027,U1272,2026-03-24 23:39:00,payment_success
EV-503347,U1300,2026-03-24 23:40:00,checkout_start
EV-503364,U1304,2026-03-24 23:40:00,product_view
EV-505557,U1489,2026-03-24 23:40:00,add_to_cart
EV-506086,U1554,2026-03-24 23:40:00,product_view
EV-506990,U1623,2026-03-24 23:40:00,product_view
EV-501671,U1150,2026-03-24 23:41:00,product_view
EV-502594,U1228,2026-03-24 23:41:00,app_open
EV-503020,U1271,2026-03-24 23:41:00,payment_success
EV-504389,U1383,2026-03-24 23:41:00,app_open
EV-505398,U1480,2026-03-24 23:41:00,app_open
EV-501060,U1097,2026-03-24 23:42:00,product_view
EV-503348,U1300,2026-03-24 23:42:00,payment_success
EV-503365,U1304,2026-03-24 23:42:00,product_view
EV-504836,U1418,2026-03-24 23:42:00,app_open
EV-501246,U1115,2026-03-24 23:43:00,product_view
EV-502834,U1258,2026-03-24 23:43:00,product_view
EV-505558,U1489,2026-03-24 23:43:00,checkout_start
EV-501061,U1097,2026-03-24 23:44:00,product_view
EV-501672,U1150,2026-03-24 23:44:00,product_view
EV-503366,U1304,2026-03-24 23:44:00,add_to_cart
EV-505559,U1489,2026-03-24 23:44:00,payment_success
EV-502835,U1258,2026-03-24 23:45:00,add_to_cart
EV-504390,U1383,2026-03-24 23:45:00,product_view
EV-504837,U1418,2026-03-24 23:45:00,product_view
EV-505399,U1480,2026-03-24 23:45:00,product_view
EV-506087,U1554,2026-03-24 23:45:00,product_view
EV-506991,U1623,2026-03-24 23:45:00,product_view
EV-501247,U1115,2026-03-24 23:46:00,add_to_cart
EV-501673,U1150,2026-03-24 23:46:00,add_to_cart
EV-502595,U1228,2026-03-24 23:46:00,product_view
EV-504391,U1383,2026-03-24 23:47:00,product_view
EV-505400,U1480,2026-03-24 23:47:00,product_view
EV-501062,U1097,2026-03-24 23:48:00,add_to_cart
EV-501674,U1150,2026-03-24 23:48:00,checkout_start
EV-503367,U1304,2026-03-24 23:48:00,checkout_start
EV-506088,U1554,2026-03-24 23:48:00,product_view
EV-506992,U1623,2026-03-24 23:48:00,add_to_cart
EV-501248,U1115,2026-03-24 23:49:00,checkout_start
EV-501675,U1150,2026-03-24 23:49:00,payment_success
EV-502836,U1258,2026-03-24 23:49:00,checkout_start
EV-503219,U1286,2026-03-24 23:49:00,app_open
EV-501063,U1097,2026-03-24 23:50:00,checkout_start
EV-502596,U1228,2026-03-24 23:50:00,add_to_cart
EV-502837,U1258,2026-03-24 23:50:00,payment_success
EV-503283,U1292,2026-03-24 23:50:00,app_open
EV-503368,U1304,2026-03-24 23:50:00,payment_success
EV-504392,U1383,2026-03-24 23:50:00,product_view
EV-504838,U1418,2026-03-24 23:50:00,product_view
EV-501249,U1115,2026-03-24 23:51:00,payment_success
EV-505401,U1480,2026-03-24 23:51:00,add_to_cart
EV-506089,U1554,2026-03-24 23:51:00,add_to_cart
EV-506993,U1623,2026-03-24 23:51:00,checkout_start
EV-501064,U1097,2026-03-24 23:52:00,payment_success
EV-502597,U1228,2026-03-24 23:52:00,checkout_start
EV-503220,U1286,2026-03-24 23:52:00,product_view
EV-504393,U1383,2026-03-24 23:52:00,add_to_cart
EV-502598,U1228,2026-03-24 23:53:00,payment_success
EV-503284,U1292,2026-03-24 23:53:00,product_view
EV-504839,U1418,2026-03-24 23:53:00,product_view
EV-505402,U1480,2026-03-24 23:53:00,checkout_start
EV-506994,U1623,2026-03-24 23:53:00,payment_success
EV-505403,U1480,2026-03-24 23:54:00,payment_success
EV-503221,U1286,2026-03-24 23:55:00,product_view
EV-504394,U1383,2026-03-24 23:55:00,checkout_start
EV-504840,U1418,2026-03-24 23:55:00,add_to_cart
EV-506090,U1554,2026-03-24 23:55:00,checkout_start
EV-503285,U1292,2026-03-24 23:56:00,product_view
EV-503222,U1286,2026-03-24 23:57:00,add_to_cart
EV-504395,U1383,2026-03-24 23:57:00,payment_success
EV-506091,U1554,2026-03-24 23:57:00,payment_success
EV-504841,U1418,2026-03-24 23:58:00,checkout_start
EV-503223,U1286,2026-03-24 23:59:00,checkout_start
EV-504842,U1418,2026-03-24 23:59:00,payment_success
EV-503286,U1292,2026-03-25 00:00:00,product_view
EV-503224,U1286,2026-03-25 00:01:00,payment_success
EV-503287,U1292,2026-03-25 00:04:00,add_to_cart
EV-503288,U1292,2026-03-25 00:06:00,checkout_start
EV-508357,U2399,2026-03-25 00:07:00,app_open
EV-503289,U1292,2026-03-25 00:08:00,payment_success
EV-508358,U2399,2026-03-25 00:10:00,product_view
EV-507242,U1101,2026-03-25 04:42:00,app_open
EV-507243,U1101,2026-03-25 04:45:00,product_view
EV-507244,U1101,2026-03-25 04:49:00,add_to_cart
EV-507368,U1391,2026-03-25 12:15:00,app_open
EV-507369,U1391,2026-03-25 12:18:00,product_view
EV-508581,U1145,2026-03-25 14:25:00,app_open
EV-508582,U1145,2026-03-25 14:28:00,product_view
EV-508583,U1145,2026-03-25 14:32:00,add_to_cart
EV-507154,U1609,2026-03-25 15:23:00,app_open
EV-507155,U1609,2026-03-25 15:26:00,product_view
EV-507417,U1024,2026-03-25 18:49:00,app_open
EV-507418,U1024,2026-03-25 18:52:00,product_view
EV-507759,U1887,2026-03-25 20:29:00,app_open
EV-507760,U1887,2026-03-25 20:32:00,product_view
EV-507761,U1887,2026-03-25 20:36:00,add_to_cart
EV-508921,U1791,2026-03-25 21:23:00,app_open
EV-508922,U1791,2026-03-25 21:26:00,product_view
EV-507988,U2341,2026-03-25 21:36:00,app_open
EV-507989,U2341,2026-03-25 21:39:00,product_view
EV-507411,U1671,2026-03-25 22:36:00,app_open
EV-507412,U1671,2026-03-25 22:39:00,product_view
EV-507502,U2434,2026-03-25 23:12:00,app_open
EV-507503,U2434,2026-03-25 23:15:00,product_view
EV-503938,U1349,2026-03-25 23:18:00,app_open
EV-503939,U1349,2026-03-25 23:23:00,product_view
EV-504505,U1392,2026-03-25 23:25:00,app_open
EV-502133,U1194,2026-03-25 23:26:00,app_open
EV-503940,U1349,2026-03-25 23:27:00,product_view
EV-502134,U1194,2026-03-25 23:29:00,product_view
EV-504506,U1392,2026-03-25 23:30:00,product_view
EV-502895,U1262,2026-03-25 23:31:00,app_open
EV-503398,U1307,2026-03-25 23:31:00,app_open
EV-503941,U1349,2026-03-25 23:31:00,add_to_cart
EV-502135,U1194,2026-03-25 23:32:00,product_view
EV-504507,U1392,2026-03-25 23:32:00,product_view
EV-504865,U1423,2026-03-25 23:32:00,app_open
EV-503399,U1307,2026-03-25 23:33:00,product_view
EV-503942,U1349,2026-03-25 23:33:00,checkout_start
EV-502896,U1262,2026-03-25 23:35:00,product_view
EV-503400,U1307,2026-03-25 23:35:00,product_view
EV-503943,U1349,2026-03-25 23:35:00,payment_success
EV-502136,U1194,2026-03-25 23:36:00,add_to_cart
EV-504508,U1392,2026-03-25 23:36:00,add_to_cart
EV-504866,U1423,2026-03-25 23:36:00,product_view
EV-504155,U1367,2026-03-25 23:38:00,app_open
EV-502897,U1262,2026-03-25 23:39:00,product_view
EV-503401,U1307,2026-03-25 23:39:00,product_view
EV-504867,U1423,2026-03-25 23:39:00,add_to_cart
EV-502137,U1194,2026-03-25 23:40:00,checkout_start
EV-504509,U1392,2026-03-25 23:40:00,checkout_start
EV-504156,U1367,2026-03-25 23:41:00,product_view
EV-504510,U1392,2026-03-25 23:41:00,payment_success
EV-502898,U1262,2026-03-25 23:43:00,product_view
EV-503402,U1307,2026-03-25 23:43:00,add_to_cart
EV-504157,U1367,2026-03-25 23:43:00,add_to_cart
EV-504868,U1423,2026-03-25 23:43:00,checkout_start
EV-502022,U1188,2026-03-25 23:45:00,app_open
EV-502899,U1262,2026-03-25 23:45:00,add_to_cart
EV-503403,U1307,2026-03-25 23:45:00,checkout_start
EV-504869,U1423,2026-03-25 23:45:00,payment_success
EV-504158,U1367,2026-03-25 23:46:00,checkout_start
EV-503290,U1292,2026-03-25 23:47:00,app_open
EV-503404,U1307,2026-03-25 23:47:00,payment_success
EV-504159,U1367,2026-03-25 23:47:00,payment_success
EV-502900,U1262,2026-03-25 23:49:00,checkout_start
EV-502023,U1188,2026-03-25 23:50:00,product_view
EV-502599,U1228,2026-03-25 23:50:00,app_open
EV-503291,U1292,2026-03-25 23:50:00,product_view
EV-505409,U1481,2026-03-25 23:50:00,app_open
EV-502901,U1262,2026-03-25 23:51:00,payment_success
EV-502024,U1188,2026-03-25 23:52:00,product_view
EV-502600,U1228,2026-03-25 23:54:00,product_view
EV-503292,U1292,2026-03-25 23:54:00,product_view
EV-505410,U1481,2026-03-25 23:55:00,product_view
EV-502025,U1188,2026-03-25 23:56:00,product_view
EV-502601,U1228,2026-03-25 23:57:00,product_view
EV-503293,U1292,2026-03-25 23:58:00,add_to_cart
EV-502026,U1188,2026-03-25 23:59:00,add_to_cart
EV-505411,U1481,2026-03-25 23:59:00,add_to_cart
EV-502602,U1228,2026-03-26 00:01:00,product_view
EV-503294,U1292,2026-03-26 00:02:00,checkout_start
EV-502027,U1188,2026-03-26 00:03:00,checkout_start
EV-505412,U1481,2026-03-26 00:03:00,checkout_start
EV-503295,U1292,2026-03-26 00:04:00,payment_success
EV-505413,U1481,2026-03-26 00:04:00,payment_success
EV-502028,U1188,2026-03-26 00:05:00,payment_success
EV-502603,U1228,2026-03-26 00:05:00,add_to_cart
EV-502604,U1228,2026-03-26 00:07:00,checkout_start
EV-502605,U1228,2026-03-26 00:09:00,payment_success
EV-508701,U2147,2026-03-26 03:01:00,app_open
EV-508702,U2147,2026-03-26 03:04:00,product_view
EV-507423,U1222,2026-03-26 04:37:00,app_open
EV-507424,U1222,2026-03-26 04:40:00,product_view
EV-507425,U1222,2026-03-26 04:44:00,add_to_cart
EV-508815,U1590,2026-03-26 06:42:00,app_open
EV-508816,U1590,2026-03-26 06:45:00,product_view
EV-508211,U1950,2026-03-26 11:36:00,app_open
EV-508212,U1950,2026-03-26 11:39:00,product_view
EV-508213,U1950,2026-03-26 11:43:00,add_to_cart
EV-508440,U1323,2026-03-26 16:59:00,app_open
EV-508441,U1323,2026-03-26 17:02:00,product_view
EV-508636,U2223,2026-03-26 17:44:00,app_open
EV-508637,U2223,2026-03-26 17:47:00,product_view
EV-508784,U1586,2026-03-26 20:37:00,app_open
EV-508785,U1586,2026-03-26 20:40:00,product_view
EV-508473,U2297,2026-03-26 20:56:00,app_open
EV-508474,U2297,2026-03-26 20:59:00,product_view
EV-508475,U2297,2026-03-26 21:03:00,add_to_cart
EV-507138,U2295,2026-03-26 21:58:00,app_open
EV-507139,U2295,2026-03-26 22:01:00,product_view
EV-508955,U2345,2026-03-26 22:08:00,app_open
EV-508956,U2345,2026-03-26 22:11:00,product_view
EV-508957,U2345,2026-03-26 22:15:00,add_to_cart
EV-502808,U1256,2026-03-26 23:18:00,app_open
EV-506947,U1622,2026-03-26 23:18:00,app_open
EV-503530,U1322,2026-03-26 23:20:00,app_open
EV-506948,U1622,2026-03-26 23:20:00,product_view
EV-502809,U1256,2026-03-26 23:22:00,product_view
EV-506949,U1622,2026-03-26 23:22:00,add_to_cart
EV-503531,U1322,2026-03-26 23:23:00,product_view
EV-505197,U1457,2026-03-26 23:23:00,app_open
EV-501827,U1169,2026-03-26 23:26:00,app_open
EV-503532,U1322,2026-03-26 23:26:00,product_view
EV-506950,U1622,2026-03-26 23:26:00,checkout_start
EV-502810,U1256,2026-03-26 23:27:00,product_view
EV-505198,U1457,2026-03-26 23:28:00,product_view
EV-506951,U1622,2026-03-26 23:28:00,payment_success
EV-501526,U1136,2026-03-26 23:29:00,app_open
EV-503533,U1322,2026-03-26 23:29:00,product_view
EV-501527,U1136,2026-03-26 23:31:00,product_view
EV-501828,U1169,2026-03-26 23:31:00,product_view
EV-502811,U1256,2026-03-26 23:31:00,add_to_cart
EV-503534,U1322,2026-03-26 23:31:00,add_to_cart
EV-501890,U1174,2026-03-26 23:32:00,app_open
EV-501528,U1136,2026-03-26 23:33:00,product_view
EV-502812,U1256,2026-03-26 23:33:00,checkout_start
EV-505199,U1457,2026-03-26 23:33:00,product_view
EV-501891,U1174,2026-03-26 23:34:00,product_view
EV-503535,U1322,2026-03-26 23:34:00,checkout_start
EV-501529,U1136,2026-03-26 23:35:00,product_view
EV-501829,U1169,2026-03-26 23:35:00,add_to_cart
EV-502813,U1256,2026-03-26 23:35:00,payment_success
EV-501892,U1174,2026-03-26 23:36:00,product_view
EV-505200,U1457,2026-03-26 23:36:00,product_view
EV-504246,U1372,2026-03-26 23:38:00,app_open
EV-505149,U1447,2026-03-26 23:38:00,app_open
EV-501530,U1136,2026-03-26 23:39:00,add_to_cart
EV-501830,U1169,2026-03-26 23:39:00,checkout_start
EV-505201,U1457,2026-03-26 23:39:00,add_to_cart
EV-501893,U1174,2026-03-26 23:40:00,add_to_cart
EV-505150,U1447,2026-03-26 23:40:00,product_view
EV-501831,U1169,2026-03-26 23:41:00,payment_success
EV-505202,U1457,2026-03-26 23:41:00,checkout_start
EV-501232,U1113,2026-03-26 23:42:00,app_open
EV-504247,U1372,2026-03-26 23:42:00,product_view
EV-505203,U1457,2026-03-26 23:42:00,payment_success
EV-501531,U1136,2026-03-26 23:43:00,checkout_start
EV-501894,U1174,2026-03-26 23:43:00,checkout_start
EV-505151,U1447,2026-03-26 23:43:00,product_view
EV-501233,U1113,2026-03-26 23:44:00,product_view
EV-501532,U1136,2026-03-26 23:44:00,payment_success
EV-501138,U1103,2026-03-26 23:45:00,app_open
EV-501895,U1174,2026-03-26 23:45:00,payment_success
EV-504248,U1372,2026-03-26 23:45:00,product_view
EV-501349,U1126,2026-03-26 23:46:00,app_open
EV-505152,U1447,2026-03-26 23:46:00,product_view
EV-506664,U1605,2026-03-26 23:46:00,app_open
EV-504249,U1372,2026-03-26 23:47:00,add_to_cart
EV-501139,U1103,2026-03-26 23:48:00,product_view
EV-501234,U1113,2026-03-26 23:48:00,product_view
EV-505153,U1447,2026-03-26 23:49:00,add_to_cart
EV-501350,U1126,2026-03-26 23:50:00,product_view
EV-504250,U1372,2026-03-26 23:50:00,checkout_start
EV-506665,U1605,2026-03-26 23:51:00,product_view
EV-501140,U1103,2026-03-26 23:53:00,product_view
EV-501235,U1113,2026-03-26 23:53:00,product_view
EV-505154,U1447,2026-03-26 23:53:00,checkout_start
EV-501351,U1126,2026-03-26 23:54:00,product_view
EV-505155,U1447,2026-03-26 23:54:00,payment_success
EV-501141,U1103,2026-03-26 23:55:00,add_to_cart
EV-501236,U1113,2026-03-26 23:55:00,add_to_cart
EV-506666,U1605,2026-03-26 23:56:00,product_view
EV-501237,U1113,2026-03-26 23:57:00,checkout_start
EV-501352,U1126,2026-03-26 23:57:00,add_to_cart
EV-501142,U1103,2026-03-26 23:58:00,checkout_start
EV-501238,U1113,2026-03-26 23:58:00,payment_success
EV-506667,U1605,2026-03-26 23:58:00,add_to_cart
EV-501353,U1126,2026-03-27 00:00:00,checkout_start
EV-506668,U1605,2026-03-27 00:00:00,checkout_start
EV-501354,U1126,2026-03-27 00:02:00,payment_success
EV-506669,U1605,2026-03-27 00:02:00,payment_success
EV-507281,U1887,2026-03-27 07:19:00,app_open
EV-507282,U1887,2026-03-27 07:22:00,product_view
EV-507283,U1887,2026-03-27 07:26:00,add_to_cart
EV-507334,U1825,2026-03-27 12:23:00,app_open
EV-507335,U1825,2026-03-27 12:26:00,product_view
EV-500415,U1043,2026-03-27 23:16:00,app_open
EV-501280,U1119,2026-03-27 23:18:00,app_open
EV-500416,U1043,2026-03-27 23:19:00,product_view
EV-501281,U1119,2026-03-27 23:21:00,product_view
EV-500417,U1043,2026-03-27 23:24:00,product_view
EV-500008,U1001,2026-03-27 23:25:00,app_open
EV-501282,U1119,2026-03-27 23:25:00,product_view
EV-500418,U1043,2026-03-27 23:26:00,add_to_cart
EV-500009,U1001,2026-03-27 23:27:00,product_view
EV-504160,U1367,2026-03-27 23:27:00,app_open
EV-500419,U1043,2026-03-27 23:28:00,checkout_start
EV-500420,U1043,2026-03-27 23:29:00,payment_success
EV-501283,U1119,2026-03-27 23:29:00,product_view
EV-501676,U1150,2026-03-27 23:29:00,app_open
EV-501998,U1182,2026-03-27 23:30:00,app_open
EV-504161,U1367,2026-03-27 23:30:00,product_view
EV-500010,U1001,2026-03-27 23:31:00,add_to_cart
EV-501284,U1119,2026-03-27 23:31:00,add_to_cart
EV-501999,U1182,2026-03-27 23:32:00,product_view
EV-501677,U1150,2026-03-27 23:34:00,product_view
EV-503209,U1284,2026-03-27 23:34:00,app_open
EV-504162,U1367,2026-03-27 23:34:00,product_view
EV-500011,U1001,2026-03-27 23:35:00,checkout_start
EV-501285,U1119,2026-03-27 23:35:00,checkout_start
EV-502000,U1182,2026-03-27 23:35:00,product_view
EV-501286,U1119,2026-03-27 23:36:00,payment_success
EV-502935,U1266,2026-03-27 23:36:00,app_open
EV-504163,U1367,2026-03-27 23:36:00,add_to_cart
EV-500012,U1001,2026-03-27 23:37:00,payment_success
EV-501678,U1150,2026-03-27 23:37:00,add_to_cart
EV-503210,U1284,2026-03-27 23:37:00,product_view
EV-504164,U1367,2026-03-27 23:38:00,checkout_start
EV-502001,U1182,2026-03-27 23:39:00,product_view
EV-501679,U1150,2026-03-27 23:40:00,checkout_start
EV-502936,U1266,2026-03-27 23:40:00,product_view
EV-504165,U1367,2026-03-27 23:40:00,payment_success
EV-501680,U1150,2026-03-27 23:41:00,payment_success
EV-503211,U1284,2026-03-27 23:41:00,add_to_cart
EV-505114,U1445,2026-03-27 23:41:00,app_open
EV-502002,U1182,2026-03-27 23:42:00,add_to_cart
EV-506217,U1565,2026-03-27 23:42:00,app_open
EV-500344,U1037,2026-03-27 23:43:00,app_open
EV-501543,U1137,2026-03-27 23:43:00,app_open
EV-502870,U1260,2026-03-27 23:43:00,app_open
EV-502937,U1266,2026-03-27 23:43:00,add_to_cart
EV-502003,U1182,2026-03-27 23:44:00,checkout_start
EV-503212,U1284,2026-03-27 23:44:00,checkout_start
EV-502871,U1260,2026-03-27 23:45:00,product_view
EV-505115,U1445,2026-03-27 23:45:00,product_view
EV-502004,U1182,2026-03-27 23:46:00,payment_success
EV-506218,U1565,2026-03-27 23:46:00,product_view
EV-501544,U1137,2026-03-27 23:47:00,product_view
EV-502872,U1260,2026-03-27 23:47:00,product_view
EV-502938,U1266,2026-03-27 23:47:00,checkout_start
EV-500345,U1037,2026-03-27 23:48:00,product_view
EV-502939,U1266,2026-03-27 23:48:00,payment_success
EV-506219,U1565,2026-03-27 23:48:00,product_view
EV-504987,U1431,2026-03-27 23:49:00,app_open
EV-505116,U1445,2026-03-27 23:49:00,add_to_cart
EV-501545,U1137,2026-03-27 23:50:00,product_view
EV-506220,U1565,2026-03-27 23:50:00,product_view
EV-500346,U1037,2026-03-27 23:51:00,product_view
EV-502873,U1260,2026-03-27 23:51:00,add_to_cart
EV-505117,U1445,2026-03-27 23:51:00,checkout_start
EV-504988,U1431,2026-03-27 23:52:00,product_view
EV-505118,U1445,2026-03-27 23:52:00,payment_success
EV-501546,U1137,2026-03-27 23:53:00,add_to_cart
EV-506221,U1565,2026-03-27 23:53:00,add_to_cart
EV-502874,U1260,2026-03-27 23:55:00,checkout_start
EV-500347,U1037,2026-03-27 23:56:00,product_view
EV-504989,U1431,2026-03-27 23:56:00,product_view
EV-506222,U1565,2026-03-27 23:56:00,checkout_start
EV-501547,U1137,2026-03-27 23:57:00,checkout_start
EV-502875,U1260,2026-03-27 23:57:00,payment_success
EV-501548,U1137,2026-03-27 23:58:00,payment_success
EV-504990,U1431,2026-03-27 23:58:00,product_view
EV-506223,U1565,2026-03-27 23:58:00,payment_success
EV-500348,U1037,2026-03-28 00:00:00,add_to_cart
EV-504991,U1431,2026-03-28 00:01:00,add_to_cart
EV-507777,U1935,2026-03-28 00:01:00,app_open
EV-500349,U1037,2026-03-28 00:04:00,checkout_start
EV-507778,U1935,2026-03-28 00:04:00,product_view
EV-504992,U1431,2026-03-28 00:05:00,checkout_start
EV-500350,U1037,2026-03-28 00:06:00,payment_success
EV-504993,U1431,2026-03-28 00:06:00,payment_success
EV-507208,U1138,2026-03-28 02:09:00,app_open
EV-507209,U1138,2026-03-28 02:12:00,product_view
EV-508183,U1530,2026-03-28 03:30:00,app_open
EV-508184,U1530,2026-03-28 03:33:00,product_view
EV-508185,U1530,2026-03-28 03:37:00,add_to_cart
EV-508517,U1886,2026-03-28 04:43:00,app_open
EV-508518,U1886,2026-03-28 04:46:00,product_view
EV-507769,U1009,2026-03-28 09:04:00,app_open
EV-507770,U1009,2026-03-28 09:07:00,product_view
EV-507818,U1368,2026-03-28 09:28:00,app_open
EV-507819,U1368,2026-03-28 09:31:00,product_view
EV-507820,U1368,2026-03-28 09:35:00,add_to_cart
EV-508562,U2145,2026-03-28 10:09:00,app_open
EV-508563,U2145,2026-03-28 10:12:00,product_view
EV-508564,U2145,2026-03-28 10:16:00,add_to_cart
EV-507557,U1519,2026-03-28 12:12:00,app_open
EV-507558,U1519,2026-03-28 12:15:00,product_view
EV-507559,U1519,2026-03-28 12:19:00,add_to_cart
EV-507997,U1810,2026-03-28 13:05:00,app_open
EV-507998,U1810,2026-03-28 13:08:00,product_view
EV-508618,U1078,2026-03-28 16:43:00,app_open
EV-508619,U1078,2026-03-28 16:46:00,product_view
EV-507128,U2210,2026-03-28 18:42:00,app_open
EV-507129,U2210,2026-03-28 18:45:00,product_view
EV-507914,U1717,2026-03-28 18:49:00,app_open
EV-507915,U1717,2026-03-28 18:52:00,product_view
EV-507977,U2039,2026-03-28 18:55:00,app_open
EV-507916,U1717,2026-03-28 18:56:00,add_to_cart
EV-507978,U2039,2026-03-28 18:58:00,product_view
EV-507533,U2365,2026-03-28 23:03:00,app_open
EV-507534,U2365,2026-03-28 23:06:00,product_view
EV-504625,U1403,2026-03-28 23:18:00,app_open
EV-500649,U1067,2026-03-28 23:19:00,app_open
EV-500869,U1082,2026-03-28 23:20:00,app_open
EV-504626,U1403,2026-03-28 23:20:00,product_view
EV-500650,U1067,2026-03-28 23:21:00,product_view
EV-501250,U1115,2026-03-28 23:22:00,app_open
EV-502721,U1248,2026-03-28 23:22:00,app_open
EV-500870,U1082,2026-03-28 23:23:00,product_view
EV-504627,U1403,2026-03-28 23:23:00,product_view
EV-502429,U1217,2026-03-28 23:25:00,app_open
EV-502722,U1248,2026-03-28 23:25:00,product_view
EV-500651,U1067,2026-03-28 23:26:00,product_view
EV-501251,U1115,2026-03-28 23:26:00,product_view
EV-500871,U1082,2026-03-28 23:28:00,product_view
EV-504628,U1403,2026-03-28 23:28:00,product_view
EV-501252,U1115,2026-03-28 23:29:00,product_view
EV-502723,U1248,2026-03-28 23:29:00,product_view
EV-500652,U1067,2026-03-28 23:30:00,add_to_cart
EV-502430,U1217,2026-03-28 23:30:00,product_view
EV-500872,U1082,2026-03-28 23:31:00,product_view
EV-501253,U1115,2026-03-28 23:31:00,add_to_cart
EV-502724,U1248,2026-03-28 23:31:00,product_view
EV-502431,U1217,2026-03-28 23:32:00,product_view
EV-504629,U1403,2026-03-28 23:32:00,add_to_cart
EV-500873,U1082,2026-03-28 23:33:00,add_to_cart
EV-502725,U1248,2026-03-28 23:33:00,add_to_cart
EV-500653,U1067,2026-03-28 23:34:00,checkout_start
EV-501254,U1115,2026-03-28 23:34:00,checkout_start
EV-502432,U1217,2026-03-28 23:34:00,add_to_cart
EV-504630,U1403,2026-03-28 23:35:00,checkout_start
EV-500654,U1067,2026-03-28 23:36:00,payment_success
EV-501255,U1115,2026-03-28 23:36:00,payment_success
EV-502365,U1212,2026-03-28 23:36:00,app_open
EV-502433,U1217,2026-03-28 23:36:00,checkout_start
EV-500874,U1082,2026-03-28 23:37:00,checkout_start
EV-502434,U1217,2026-03-28 23:37:00,payment_success
EV-502726,U1248,2026-03-28 23:37:00,checkout_start
EV-504631,U1403,2026-03-28 23:37:00,payment_success
EV-500875,U1082,2026-03-28 23:38:00,payment_success
EV-506851,U1618,2026-03-28 23:38:00,app_open
EV-502366,U1212,2026-03-28 23:39:00,product_view
EV-502727,U1248,2026-03-28 23:39:00,payment_success
EV-502367,U1212,2026-03-28 23:43:00,product_view
EV-506852,U1618,2026-03-28 23:43:00,product_view
EV-504922,U1427,2026-03-28 23:45:00,app_open
EV-502368,U1212,2026-03-28 23:47:00,product_view
EV-506853,U1618,2026-03-28 23:47:00,add_to_cart
EV-504923,U1427,2026-03-28 23:48:00,product_view
EV-506371,U1578,2026-03-28 23:48:00,app_open
EV-502369,U1212,2026-03-28 23:50:00,add_to_cart
EV-506854,U1618,2026-03-28 23:51:00,checkout_start
EV-502370,U1212,2026-03-28 23:52:00,checkout_start
EV-504924,U1427,2026-03-28 23:52:00,product_view
EV-506372,U1578,2026-03-28 23:52:00,product_view
EV-506855,U1618,2026-03-28 23:53:00,payment_success
EV-502371,U1212,2026-03-28 23:54:00,payment_success
EV-504925,U1427,2026-03-28 23:54:00,product_view
EV-504926,U1427,2026-03-28 23:57:00,add_to_cart
EV-506373,U1578,2026-03-28 23:57:00,product_view
EV-504927,U1427,2026-03-28 23:59:00,checkout_start
EV-504928,U1427,2026-03-29 00:01:00,payment_success
EV-506374,U1578,2026-03-29 00:02:00,product_view
EV-506375,U1578,2026-03-29 00:05:00,add_to_cart
EV-506376,U1578,2026-03-29 00:08:00,checkout_start
EV-506377,U1578,2026-03-29 00:10:00,payment_success
EV-507689,U1567,2026-03-29 09:19:00,app_open
EV-507690,U1567,2026-03-29 09:22:00,product_view
EV-508733,U1847,2026-03-29 12:50:00,app_open
EV-508734,U1847,2026-03-29 12:53:00,product_view
EV-508188,U1161,2026-03-29 13:05:00,app_open
EV-508189,U1161,2026-03-29 13:08:00,product_view
EV-505217,U1461,2026-03-29 23:18:00,app_open
EV-506567,U1596,2026-03-29 23:22:00,app_open
EV-505218,U1461,2026-03-29 23:23:00,product_view
EV-505219,U1461,2026-03-29 23:25:00,add_to_cart
EV-506568,U1596,2026-03-29 23:26:00,product_view
EV-501850,U1170,2026-03-29 23:27:00,app_open
EV-501355,U1126,2026-03-29 23:28:00,app_open
EV-505220,U1461,2026-03-29 23:28:00,checkout_start
EV-506569,U1596,2026-03-29 23:31:00,product_view
EV-501851,U1170,2026-03-29 23:32:00,product_view
EV-501356,U1126,2026-03-29 23:33:00,product_view
EV-506570,U1596,2026-03-29 23:33:00,add_to_cart
EV-501357,U1126,2026-03-29 23:35:00,product_view
EV-501852,U1170,2026-03-29 23:35:00,product_view
EV-501358,U1126,2026-03-29 23:37:00,product_view
EV-506571,U1596,2026-03-29 23:37:00,checkout_start
EV-501853,U1170,2026-03-29 23:39:00,add_to_cart
EV-506572,U1596,2026-03-29 23:39:00,payment_success
EV-502940,U1266,2026-03-29 23:40:00,app_open
EV-501359,U1126,2026-03-29 23:41:00,add_to_cart
EV-506744,U1607,2026-03-29 23:41:00,app_open
EV-501854,U1170,2026-03-29 23:43:00,checkout_start
EV-502941,U1266,2026-03-29 23:43:00,product_view
EV-503369,U1305,2026-03-29 23:43:00,app_open
EV-503944,U1349,2026-03-29 23:44:00,app_open
EV-506745,U1607,2026-03-29 23:44:00,product_view
EV-501360,U1126,2026-03-29 23:45:00,checkout_start
EV-501855,U1170,2026-03-29 23:45:00,payment_success
EV-500146,U1015,2026-03-29 23:46:00,app_open
EV-501508,U1135,2026-03-29 23:46:00,app_open
EV-502942,U1266,2026-03-29 23:46:00,product_view
EV-503945,U1349,2026-03-29 23:46:00,product_view
EV-501361,U1126,2026-03-29 23:47:00,payment_success
EV-501944,U1178,2026-03-29 23:47:00,app_open
EV-502943,U1266,2026-03-29 23:48:00,product_view
EV-503370,U1305,2026-03-29 23:48:00,product_view
EV-503946,U1349,2026-03-29 23:48:00,add_to_cart
EV-504656,U1404,2026-03-29 23:49:00,app_open
EV-506746,U1607,2026-03-29 23:49:00,product_view
EV-501509,U1135,2026-03-29 23:50:00,product_view
EV-503947,U1349,2026-03-29 23:50:00,checkout_start
EV-500147,U1015,2026-03-29 23:51:00,product_view
EV-501945,U1178,2026-03-29 23:51:00,product_view
EV-502944,U1266,2026-03-29 23:51:00,add_to_cart
EV-501510,U1135,2026-03-29 23:52:00,product_view
EV-503371,U1305,2026-03-29 23:52:00,product_view
EV-506747,U1607,2026-03-29 23:52:00,product_view
EV-501946,U1178,2026-03-29 23:53:00,product_view
EV-502945,U1266,2026-03-29 23:53:00,checkout_start
EV-501511,U1135,2026-03-29 23:54:00,add_to_cart
EV-503372,U1305,2026-03-29 23:54:00,add_to_cart
EV-504657,U1404,2026-03-29 23:54:00,product_view
EV-500148,U1015,2026-03-29 23:55:00,add_to_cart
EV-501947,U1178,2026-03-29 23:55:00,add_to_cart
EV-502946,U1266,2026-03-29 23:55:00,payment_success
EV-506748,U1607,2026-03-29 23:56:00,add_to_cart
EV-503373,U1305,2026-03-29 23:57:00,checkout_start
EV-504658,U1404,2026-03-29 23:57:00,add_to_cart
EV-501512,U1135,2026-03-29 23:58:00,checkout_start
EV-501948,U1178,2026-03-29 23:58:00,checkout_start
EV-503374,U1305,2026-03-29 23:58:00,payment_success
EV-506749,U1607,2026-03-29 23:58:00,checkout_start
EV-500149,U1015,2026-03-29 23:59:00,checkout_start
EV-501513,U1135,2026-03-29 23:59:00,payment_success
EV-504659,U1404,2026-03-29 23:59:00,checkout_start
EV-501949,U1178,2026-03-30 00:00:00,payment_success
EV-506750,U1607,2026-03-30 00:00:00,payment_success
EV-500150,U1015,2026-03-30 00:01:00,payment_success
EV-504660,U1404,2026-03-30 00:01:00,payment_success
EV-507736,U2380,2026-03-30 09:20:00,app_open
EV-507737,U2380,2026-03-30 09:23:00,product_view
EV-507738,U2380,2026-03-30 09:27:00,add_to_cart
EV-507436,U1391,2026-03-30 17:45:00,app_open
EV-507437,U1391,2026-03-30 17:48:00,product_view
EV-507438,U1391,2026-03-30 17:52:00,add_to_cart
EV-507665,U1083,2026-03-30 21:53:00,app_open
EV-507666,U1083,2026-03-30 21:56:00,product_view
EV-507250,U1375,2026-03-30 22:43:00,app_open
EV-507251,U1375,2026-03-30 22:46:00,product_view
EV-502452,U1218,2026-03-30 23:16:00,app_open
EV-502453,U1218,2026-03-30 23:18:00,product_view
EV-502588,U1227,2026-03-30 23:18:00,app_open
EV-505257,U1464,2026-03-30 23:19:00,app_open
EV-506529,U1595,2026-03-30 23:19:00,app_open
EV-502589,U1227,2026-03-30 23:20:00,product_view
EV-501305,U1121,2026-03-30 23:22:00,app_open
EV-502454,U1218,2026-03-30 23:23:00,product_view
EV-505258,U1464,2026-03-30 23:23:00,product_view
EV-505630,U1503,2026-03-30 23:23:00,app_open
EV-504086,U1363,2026-03-30 23:24:00,app_open
EV-505301,U1471,2026-03-30 23:24:00,app_open
EV-506530,U1595,2026-03-30 23:24:00,product_view
EV-501306,U1121,2026-03-30 23:25:00,product_view
EV-502590,U1227,2026-03-30 23:25:00,product_view
EV-506531,U1595,2026-03-30 23:26:00,add_to_cart
EV-502591,U1227,2026-03-30 23:27:00,add_to_cart
EV-504087,U1363,2026-03-30 23:27:00,product_view
EV-505259,U1464,2026-03-30 23:27:00,product_view
EV-505302,U1471,2026-03-30 23:27:00,product_view
EV-505631,U1503,2026-03-30 23:27:00,product_view
EV-501307,U1121,2026-03-30 23:28:00,product_view
EV-502455,U1218,2026-03-30 23:28:00,product_view
EV-506532,U1595,2026-03-30 23:28:00,checkout_start
EV-502592,U1227,2026-03-30 23:29:00,checkout_start
EV-506533,U1595,2026-03-30 23:30:00,payment_success
EV-502593,U1227,2026-03-30 23:31:00,payment_success
EV-504088,U1363,2026-03-30 23:31:00,product_view
EV-505303,U1471,2026-03-30 23:31:00,product_view
EV-501308,U1121,2026-03-30 23:32:00,product_view
EV-502456,U1218,2026-03-30 23:32:00,add_to_cart
EV-505260,U1464,2026-03-30 23:32:00,product_view
EV-505632,U1503,2026-03-30 23:32:00,product_view
EV-505766,U1522,2026-03-30 23:32:00,app_open
EV-504089,U1363,2026-03-30 23:33:00,product_view
EV-501309,U1121,2026-03-30 23:34:00,add_to_cart
EV-502457,U1218,2026-03-30 23:34:00,checkout_start
EV-505304,U1471,2026-03-30 23:34:00,add_to_cart
EV-505633,U1503,2026-03-30 23:34:00,add_to_cart
EV-502458,U1218,2026-03-30 23:35:00,payment_success
EV-504090,U1363,2026-03-30 23:36:00,add_to_cart
EV-505261,U1464,2026-03-30 23:36:00,add_to_cart
EV-505634,U1503,2026-03-30 23:36:00,checkout_start
EV-505305,U1471,2026-03-30 23:37:00,checkout_start
EV-505635,U1503,2026-03-30 23:37:00,payment_success
EV-505767,U1522,2026-03-30 23:37:00,product_view
EV-501310,U1121,2026-03-30 23:38:00,checkout_start
EV-505306,U1471,2026-03-30 23:38:00,payment_success
EV-504091,U1363,2026-03-30 23:39:00,checkout_start
EV-505262,U1464,2026-03-30 23:39:00,checkout_start
EV-505768,U1522,2026-03-30 23:39:00,product_view
EV-501311,U1121,2026-03-30 23:40:00,payment_success
EV-505263,U1464,2026-03-30 23:40:00,payment_success
EV-504092,U1363,2026-03-30 23:41:00,payment_success
EV-505769,U1522,2026-03-30 23:42:00,add_to_cart
EV-505770,U1522,2026-03-30 23:45:00,checkout_start
EV-500117,U1011,2026-03-30 23:46:00,app_open
EV-505771,U1522,2026-03-30 23:46:00,payment_success
EV-502683,U1241,2026-03-30 23:48:00,app_open
EV-505404,U1480,2026-03-30 23:48:00,app_open
EV-500118,U1011,2026-03-30 23:49:00,product_view
EV-500119,U1011,2026-03-30 23:52:00,add_to_cart
EV-502684,U1241,2026-03-30 23:52:00,product_view
EV-505405,U1480,2026-03-30 23:52:00,product_view
EV-502685,U1241,2026-03-30 23:54:00,add_to_cart
EV-500120,U1011,2026-03-30 23:55:00,checkout_start
EV-505406,U1480,2026-03-30 23:55:00,add_to_cart
EV-500121,U1011,2026-03-30 23:56:00,payment_success
EV-502686,U1241,2026-03-30 23:57:00,checkout_start
EV-502687,U1241,2026-03-30 23:59:00,payment_success
EV-505407,U1480,2026-03-30 23:59:00,checkout_start
EV-505408,U1480,2026-03-31 00:01:00,payment_success
EV-508887,U1660,2026-03-31 00:02:00,app_open
EV-508888,U1660,2026-03-31 00:05:00,product_view
EV-507853,U2029,2026-03-31 01:03:00,app_open
EV-507854,U2029,2026-03-31 01:06:00,product_view
EV-508306,U1843,2026-03-31 01:09:00,app_open
EV-508307,U1843,2026-03-31 01:12:00,product_view
EV-508308,U1843,2026-03-31 01:16:00,add_to_cart
EV-508803,U1951,2026-03-31 02:59:00,app_open
EV-508804,U1951,2026-03-31 03:02:00,product_view
EV-508805,U1951,2026-03-31 03:06:00,add_to_cart
EV-508112,U2064,2026-03-31 04:17:00,app_open
EV-508113,U2064,2026-03-31 04:20:00,product_view
EV-508114,U2064,2026-03-31 04:24:00,add_to_cart
EV-508153,U2245,2026-03-31 06:33:00,app_open
EV-508154,U2245,2026-03-31 06:36:00,product_view
EV-504569,U1396,2026-03-31 23:16:00,app_open
EV-504570,U1396,2026-03-31 23:18:00,product_view
EV-504571,U1396,2026-03-31 23:21:00,add_to_cart
EV-504572,U1396,2026-03-31 23:23:00,checkout_start
EV-504573,U1396,2026-03-31 23:25:00,payment_success
EV-500298,U1034,2026-03-31 23:30:00,app_open
EV-500299,U1034,2026-03-31 23:32:00,product_view
EV-502947,U1266,2026-03-31 23:33:00,app_open
EV-505672,U1509,2026-03-31 23:33:00,app_open
EV-500300,U1034,2026-03-31 23:36:00,product_view
EV-505673,U1509,2026-03-31 23:36:00,product_view
EV-502948,U1266,2026-03-31 23:37:00,product_view
EV-504870,U1423,2026-03-31 23:37:00,app_open
EV-502158,U1197,2026-03-31 23:38:00,app_open
EV-505674,U1509,2026-03-31 23:38:00,product_view
EV-502005,U1182,2026-03-31 23:39:00,app_open
EV-504871,U1423,2026-03-31 23:40:00,product_view
EV-500301,U1034,2026-03-31 23:41:00,product_view
EV-502006,U1182,2026-03-31 23:42:00,product_view
EV-502159,U1197,2026-03-31 23:42:00,product_view
EV-502949,U1266,2026-03-31 23:42:00,product_view
EV-505675,U1509,2026-03-31 23:42:00,add_to_cart
EV-504872,U1423,2026-03-31 23:43:00,add_to_cart
EV-500302,U1034,2026-03-31 23:44:00,add_to_cart
EV-502160,U1197,2026-03-31 23:44:00,add_to_cart
EV-502950,U1266,2026-03-31 23:44:00,product_view
EV-502007,U1182,2026-03-31 23:45:00,product_view
EV-500303,U1034,2026-03-31 23:46:00,checkout_start
EV-502951,U1266,2026-03-31 23:46:00,add_to_cart
EV-504873,U1423,2026-03-31 23:46:00,checkout_start
EV-505676,U1509,2026-03-31 23:46:00,checkout_start
EV-500304,U1034,2026-03-31 23:47:00,payment_success
EV-504874,U1423,2026-03-31 23:47:00,payment_success
EV-505677,U1509,2026-03-31 23:47:00,payment_success
EV-502161,U1197,2026-03-31 23:48:00,checkout_start
EV-502952,U1266,2026-03-31 23:48:00,checkout_start
EV-505597,U1498,2026-03-31 23:48:00,app_open
EV-502008,U1182,2026-03-31 23:49:00,add_to_cart
EV-502953,U1266,2026-03-31 23:50:00,payment_success
EV-502009,U1182,2026-03-31 23:51:00,checkout_start
EV-502010,U1182,2026-03-31 23:53:00,payment_success
EV-505598,U1498,2026-03-31 23:53:00,product_view
EV-505599,U1498,2026-03-31 23:56:00,product_view
EV-505600,U1498,2026-03-31 23:58:00,product_view
EV-505601,U1498,2026-04-01 00:01:00,add_to_cart
EV-507579,U1247,2026-04-01 00:03:00,app_open
EV-505602,U1498,2026-04-01 00:04:00,checkout_start
EV-505603,U1498,2026-04-01 00:06:00,payment_success
EV-507580,U1247,2026-04-01 00:06:00,product_view
EV-508272,U1219,2026-04-01 04:23:00,app_open
EV-508273,U1219,2026-04-01 04:26:00,product_view
EV-508274,U1219,2026-04-01 04:30:00,add_to_cart
EV-507199,U1380,2026-04-01 10:48:00,app_open
EV-507200,U1380,2026-04-01 10:51:00,product_view
EV-508447,U1711,2026-04-01 12:20:00,app_open
EV-508448,U1711,2026-04-01 12:23:00,product_view
EV-508604,U1408,2026-04-01 13:39:00,app_open
EV-508605,U1408,2026-04-01 13:42:00,product_view
EV-508606,U1408,2026-04-01 13:46:00,add_to_cart
EV-507324,U1712,2026-04-01 15:57:00,app_open
EV-507325,U1712,2026-04-01 16:00:00,product_view
EV-507390,U1958,2026-04-01 18:37:00,app_open
EV-507391,U1958,2026-04-01 18:40:00,product_view
EV-507555,U1583,2026-04-01 21:16:00,app_open
EV-507556,U1583,2026-04-01 21:19:00,product_view
EV-501362,U1126,2026-04-01 23:16:00,app_open
EV-500421,U1043,2026-04-01 23:18:00,app_open
EV-501884,U1173,2026-04-01 23:20:00,app_open
EV-501363,U1126,2026-04-01 23:21:00,product_view
EV-501885,U1173,2026-04-01 23:22:00,product_view
EV-506757,U1608,2026-04-01 23:22:00,app_open
EV-500422,U1043,2026-04-01 23:23:00,product_view
EV-501364,U1126,2026-04-01 23:23:00,product_view
EV-502688,U1242,2026-04-01 23:24:00,app_open
EV-501365,U1126,2026-04-01 23:25:00,product_view
EV-506758,U1608,2026-04-01 23:25:00,product_view
EV-501886,U1173,2026-04-01 23:26:00,product_view
EV-502689,U1242,2026-04-01 23:26:00,product_view
EV-503536,U1322,2026-04-01 23:26:00,app_open
EV-500423,U1043,2026-04-01 23:27:00,add_to_cart
EV-506759,U1608,2026-04-01 23:27:00,product_view
EV-501366,U1126,2026-04-01 23:28:00,add_to_cart
EV-501887,U1173,2026-04-01 23:28:00,add_to_cart
EV-505361,U1477,2026-04-01 23:28:00,app_open
EV-501367,U1126,2026-04-01 23:30:00,checkout_start
EV-501888,U1173,2026-04-01 23:30:00,checkout_start
EV-500424,U1043,2026-04-01 23:31:00,checkout_start
EV-501889,U1173,2026-04-01 23:31:00,payment_success
EV-502690,U1242,2026-04-01 23:31:00,product_view
EV-503537,U1322,2026-04-01 23:31:00,product_view
EV-501368,U1126,2026-04-01 23:32:00,payment_success
EV-505362,U1477,2026-04-01 23:32:00,product_view
EV-506760,U1608,2026-04-01 23:32:00,product_view
EV-501485,U1134,2026-04-01 23:33:00,app_open
EV-502691,U1242,2026-04-01 23:33:00,add_to_cart
EV-503538,U1322,2026-04-01 23:35:00,product_view
EV-505363,U1477,2026-04-01 23:35:00,product_view
EV-506761,U1608,2026-04-01 23:35:00,add_to_cart
EV-500472,U1050,2026-04-01 23:37:00,app_open
EV-501486,U1134,2026-04-01 23:37:00,product_view
EV-502692,U1242,2026-04-01 23:37:00,checkout_start
EV-502693,U1242,2026-04-01 23:38:00,payment_success
EV-504603,U1401,2026-04-01 23:38:00,app_open
EV-506762,U1608,2026-04-01 23:38:00,checkout_start
EV-502907,U1264,2026-04-01 23:39:00,app_open
EV-503539,U1322,2026-04-01 23:39:00,add_to_cart
EV-505364,U1477,2026-04-01 23:39:00,product_view
EV-505461,U1483,2026-04-01 23:39:00,app_open
EV-501487,U1134,2026-04-01 23:40:00,product_view
EV-504604,U1401,2026-04-01 23:40:00,product_view
EV-506763,U1608,2026-04-01 23:40:00,payment_success
EV-502138,U1194,2026-04-01 23:41:00,app_open
EV-502908,U1264,2026-04-01 23:41:00,product_view
EV-503540,U1322,2026-04-01 23:41:00,checkout_start
EV-507057,U1627,2026-04-01 23:41:00,app_open
EV-507398,U2099,2026-04-01 23:41:00,app_open
EV-500473,U1050,2026-04-01 23:42:00,product_view
EV-505365,U1477,2026-04-01 23:42:00,add_to_cart
EV-502139,U1194,2026-04-01 23:43:00,product_view
EV-503541,U1322,2026-04-01 23:43:00,payment_success
EV-504605,U1401,2026-04-01 23:43:00,product_view
EV-500474,U1050,2026-04-01 23:44:00,product_view
EV-501488,U1134,2026-04-01 23:44:00,add_to_cart
EV-502909,U1264,2026-04-01 23:44:00,add_to_cart
EV-505366,U1477,2026-04-01 23:44:00,checkout_start
EV-505462,U1483,2026-04-01 23:44:00,product_view
EV-507399,U2099,2026-04-01 23:44:00,product_view
EV-504606,U1401,2026-04-01 23:45:00,add_to_cart
EV-505367,U1477,2026-04-01 23:45:00,payment_success
EV-501489,U1134,2026-04-01 23:46:00,checkout_start
EV-505463,U1483,2026-04-01 23:46:00,product_view
EV-507058,U1627,2026-04-01 23:46:00,product_view
EV-500475,U1050,2026-04-01 23:47:00,add_to_cart
EV-502910,U1264,2026-04-01 23:47:00,checkout_start
EV-504607,U1401,2026-04-01 23:47:00,checkout_start
EV-501490,U1134,2026-04-01 23:48:00,payment_success
EV-502140,U1194,2026-04-01 23:48:00,product_view
EV-502564,U1226,2026-04-01 23:48:00,app_open
EV-500476,U1050,2026-04-01 23:49:00,checkout_start
EV-502911,U1264,2026-04-01 23:49:00,payment_success
EV-504608,U1401,2026-04-01 23:49:00,payment_success
EV-505464,U1483,2026-04-01 23:49:00,product_view
EV-507059,U1627,2026-04-01 23:49:00,product_view
EV-500477,U1050,2026-04-01 23:50:00,payment_success
EV-502565,U1226,2026-04-01 23:51:00,product_view
EV-502141,U1194,2026-04-01 23:52:00,product_view
EV-507060,U1627,2026-04-01 23:52:00,add_to_cart
EV-502566,U1226,2026-04-01 23:53:00,add_to_cart
EV-505465,U1483,2026-04-01 23:53:00,add_to_cart
EV-507061,U1627,2026-04-01 23:54:00,checkout_start
EV-502142,U1194,2026-04-01 23:55:00,add_to_cart
EV-505466,U1483,2026-04-01 23:56:00,checkout_start
EV-507062,U1627,2026-04-01 23:56:00,payment_success
EV-502567,U1226,2026-04-01 23:57:00,checkout_start
EV-502568,U1226,2026-04-01 23:58:00,payment_success
EV-505467,U1483,2026-04-01 23:58:00,payment_success
EV-502143,U1194,2026-04-01 23:59:00,checkout_start
EV-502144,U1194,2026-04-02 00:00:00,payment_success
EV-508742,U1600,2026-04-02 17:29:00,app_open
EV-508743,U1600,2026-04-02 17:32:00,product_view
EV-501533,U1136,2026-04-02 23:19:00,app_open
EV-500729,U1076,2026-04-02 23:20:00,app_open
EV-503028,U1272,2026-04-02 23:20:00,app_open
EV-500431,U1044,2026-04-02 23:21:00,app_open
EV-501534,U1136,2026-04-02 23:21:00,product_view
EV-500432,U1044,2026-04-02 23:23:00,product_view
EV-503873,U1343,2026-04-02 23:24:00,app_open
EV-500730,U1076,2026-04-02 23:25:00,product_view
EV-501535,U1136,2026-04-02 23:25:00,add_to_cart
EV-503029,U1272,2026-04-02 23:25:00,product_view
EV-503874,U1343,2026-04-02 23:26:00,product_view
EV-506310,U1575,2026-04-02 23:26:00,app_open
EV-500433,U1044,2026-04-02 23:27:00,product_view
EV-503030,U1272,2026-04-02 23:28:00,product_view
EV-501536,U1136,2026-04-02 23:29:00,checkout_start
EV-505368,U1477,2026-04-02 23:29:00,app_open
EV-506248,U1568,2026-04-02 23:29:00,app_open
EV-500434,U1044,2026-04-02 23:30:00,add_to_cart
EV-500731,U1076,2026-04-02 23:30:00,product_view
EV-501537,U1136,2026-04-02 23:31:00,payment_success
EV-503875,U1343,2026-04-02 23:31:00,product_view
EV-506311,U1575,2026-04-02 23:31:00,product_view
EV-503031,U1272,2026-04-02 23:32:00,add_to_cart
EV-500435,U1044,2026-04-02 23:33:00,checkout_start
EV-505369,U1477,2026-04-02 23:33:00,product_view
EV-506249,U1568,2026-04-02 23:33:00,product_view
EV-500310,U1035,2026-04-02 23:34:00,app_open
EV-500732,U1076,2026-04-02 23:34:00,add_to_cart
EV-500436,U1044,2026-04-02 23:35:00,payment_success
EV-503032,U1272,2026-04-02 23:35:00,checkout_start
EV-503876,U1343,2026-04-02 23:35:00,add_to_cart
EV-500311,U1035,2026-04-02 23:36:00,product_view
EV-505370,U1477,2026-04-02 23:36:00,add_to_cart
EV-506312,U1575,2026-04-02 23:36:00,product_view
EV-503877,U1343,2026-04-02 23:37:00,checkout_start
EV-506250,U1568,2026-04-02 23:37:00,product_view
EV-500733,U1076,2026-04-02 23:38:00,checkout_start
EV-506313,U1575,2026-04-02 23:38:00,add_to_cart
EV-500734,U1076,2026-04-02 23:39:00,payment_success
EV-503878,U1343,2026-04-02 23:39:00,payment_success
EV-505371,U1477,2026-04-02 23:39:00,checkout_start
EV-500312,U1035,2026-04-02 23:40:00,add_to_cart
EV-505372,U1477,2026-04-02 23:41:00,payment_success
EV-506251,U1568,2026-04-02 23:41:00,product_view
EV-506314,U1575,2026-04-02 23:42:00,checkout_start
EV-506252,U1568,2026-04-02 23:43:00,add_to_cart
EV-506315,U1575,2026-04-02 23:43:00,payment_success
EV-500313,U1035,2026-04-02 23:44:00,checkout_start
EV-506253,U1568,2026-04-02 23:45:00,checkout_start
EV-500314,U1035,2026-04-02 23:46:00,payment_success
EV-506254,U1568,2026-04-02 23:46:00,payment_success
EV-500151,U1015,2026-04-02 23:50:00,app_open
EV-500152,U1015,2026-04-02 23:54:00,product_view
EV-500153,U1015,2026-04-02 23:59:00,product_view
EV-500154,U1015,2026-04-03 00:03:00,add_to_cart
EV-500155,U1015,2026-04-03 00:07:00,checkout_start
EV-500156,U1015,2026-04-03 00:08:00,payment_success
EV-508681,U1927,2026-04-03 13:10:00,app_open
EV-508682,U1927,2026-04-03 13:13:00,product_view
EV-507330,U2098,2026-04-03 16:14:00,app_open
EV-507331,U2098,2026-04-03 16:17:00,product_view
EV-508282,U2287,2026-04-03 17:01:00,app_open
EV-508283,U2287,2026-04-03 17:04:00,product_view
EV-508284,U2287,2026-04-03 17:08:00,add_to_cart
EV-507254,U1736,2026-04-03 17:29:00,app_open
EV-507255,U1736,2026-04-03 17:32:00,product_view
EV-507256,U1736,2026-04-03 17:36:00,add_to_cart
EV-508150,U1346,2026-04-03 19:43:00,app_open
EV-508151,U1346,2026-04-03 19:46:00,product_view
EV-508152,U1346,2026-04-03 19:50:00,add_to_cart
EV-501369,U1126,2026-04-03 23:21:00,app_open
EV-501370,U1126,2026-04-03 23:25:00,product_view
EV-504256,U1373,2026-04-03 23:28:00,app_open
EV-501371,U1126,2026-04-03 23:30:00,product_view
EV-501372,U1126,2026-04-03 23:33:00,product_view
EV-504257,U1373,2026-04-03 23:33:00,product_view
EV-500305,U1034,2026-04-03 23:34:00,app_open
EV-501373,U1126,2026-04-03 23:35:00,add_to_cart
EV-500306,U1034,2026-04-03 23:36:00,product_view
EV-501374,U1126,2026-04-03 23:37:00,checkout_start
EV-504258,U1373,2026-04-03 23:37:00,add_to_cart
EV-500307,U1034,2026-04-03 23:38:00,add_to_cart
EV-502459,U1218,2026-04-03 23:38:00,app_open
EV-508415,U1669,2026-04-03 23:38:00,app_open
EV-501375,U1126,2026-04-03 23:39:00,payment_success
EV-504259,U1373,2026-04-03 23:40:00,checkout_start
EV-505468,U1483,2026-04-03 23:40:00,app_open
EV-500308,U1034,2026-04-03 23:41:00,checkout_start
EV-504260,U1373,2026-04-03 23:41:00,payment_success
EV-508416,U1669,2026-04-03 23:41:00,product_view
EV-505469,U1483,2026-04-03 23:42:00,product_view
EV-500309,U1034,2026-04-03 23:43:00,payment_success
EV-502460,U1218,2026-04-03 23:43:00,product_view
EV-505470,U1483,2026-04-03 23:44:00,add_to_cart
EV-502461,U1218,2026-04-03 23:45:00,product_view
EV-506378,U1578,2026-04-03 23:45:00,app_open
EV-505471,U1483,2026-04-03 23:47:00,checkout_start
EV-506379,U1578,2026-04-03 23:47:00,product_view
EV-502462,U1218,2026-04-03 23:49:00,product_view
EV-506380,U1578,2026-04-03 23:50:00,product_view
EV-506381,U1578,2026-04-03 23:52:00,add_to_cart
EV-502463,U1218,2026-04-03 23:53:00,add_to_cart
EV-506382,U1578,2026-04-03 23:54:00,checkout_start
EV-502464,U1218,2026-04-03 23:55:00,checkout_start
EV-506383,U1578,2026-04-03 23:55:00,payment_success
EV-502465,U1218,2026-04-03 23:56:00,payment_success
EV-508708,U1828,2026-04-04 04:26:00,app_open
EV-508709,U1828,2026-04-04 04:29:00,product_view
EV-508710,U1828,2026-04-04 04:33:00,add_to_cart
EV-508339,U1148,2026-04-04 05:22:00,app_open
EV-508340,U1148,2026-04-04 05:25:00,product_view
EV-507750,U1077,2026-04-04 09:18:00,app_open
EV-507751,U1077,2026-04-04 09:21:00,product_view
EV-508750,U1823,2026-04-04 10:09:00,app_open
EV-508751,U1823,2026-04-04 10:12:00,product_view
EV-508752,U1823,2026-04-04 10:16:00,add_to_cart
EV-507860,U1408,2026-04-04 13:19:00,app_open
EV-507861,U1408,2026-04-04 13:22:00,product_view
EV-508455,U2124,2026-04-04 13:54:00,app_open
EV-508456,U2124,2026-04-04 13:57:00,product_view
EV-508470,U1785,2026-04-04 15:37:00,app_open
EV-508471,U1785,2026-04-04 15:40:00,product_view
EV-508472,U1785,2026-04-04 15:44:00,add_to_cart
EV-508084,U1553,2026-04-04 15:59:00,app_open
EV-508085,U1553,2026-04-04 16:02:00,product_view
EV-508086,U1553,2026-04-04 16:06:00,add_to_cart
EV-507677,U1826,2026-04-04 17:49:00,app_open
EV-507678,U1826,2026-04-04 17:52:00,product_view
EV-507679,U1826,2026-04-04 17:56:00,add_to_cart
EV-507762,U2207,2026-04-04 19:11:00,app_open
EV-507763,U2207,2026-04-04 19:14:00,product_view
EV-506405,U1581,2026-04-04 23:21:00,app_open
EV-501003,U1094,2026-04-04 23:23:00,app_open
EV-504557,U1395,2026-04-04 23:23:00,app_open
EV-505307,U1471,2026-04-04 23:24:00,app_open
EV-501004,U1094,2026-04-04 23:25:00,product_view
EV-506406,U1581,2026-04-04 23:25:00,product_view
EV-503375,U1305,2026-04-04 23:26:00,app_open
EV-504730,U1411,2026-04-04 23:26:00,app_open
EV-501005,U1094,2026-04-04 23:27:00,product_view
EV-504558,U1395,2026-04-04 23:27:00,product_view
EV-506407,U1581,2026-04-04 23:27:00,add_to_cart
EV-505308,U1471,2026-04-04 23:28:00,product_view
EV-506408,U1581,2026-04-04 23:29:00,checkout_start
EV-503376,U1305,2026-04-04 23:30:00,product_view
EV-504559,U1395,2026-04-04 23:30:00,add_to_cart
EV-505309,U1471,2026-04-04 23:30:00,add_to_cart
EV-504731,U1411,2026-04-04 23:31:00,product_view
EV-501006,U1094,2026-04-04 23:32:00,product_view
EV-505310,U1471,2026-04-04 23:32:00,checkout_start
EV-503377,U1305,2026-04-04 23:33:00,add_to_cart
EV-504560,U1395,2026-04-04 23:33:00,checkout_start
EV-501734,U1154,2026-04-04 23:34:00,app_open
EV-504561,U1395,2026-04-04 23:34:00,payment_success
EV-505311,U1471,2026-04-04 23:34:00,payment_success
EV-501007,U1094,2026-04-04 23:35:00,add_to_cart
EV-503378,U1305,2026-04-04 23:35:00,checkout_start
EV-504732,U1411,2026-04-04 23:35:00,add_to_cart
EV-505221,U1461,2026-04-04 23:36:00,app_open
EV-501008,U1094,2026-04-04 23:37:00,checkout_start
EV-503379,U1305,2026-04-04 23:37:00,payment_success
EV-501009,U1094,2026-04-04 23:39:00,payment_success
EV-501735,U1154,2026-04-04 23:39:00,product_view
EV-504733,U1411,2026-04-04 23:39:00,checkout_start
EV-505222,U1461,2026-04-04 23:39:00,product_view
EV-501736,U1154,2026-04-04 23:41:00,product_view
EV-504734,U1411,2026-04-04 23:41:00,payment_success
EV-505223,U1461,2026-04-04 23:42:00,add_to_cart
EV-502060,U1189,2026-04-04 23:43:00,app_open
EV-502029,U1188,2026-04-04 23:44:00,app_open
EV-501737,U1154,2026-04-04 23:45:00,add_to_cart
EV-504479,U1391,2026-04-04 23:45:00,app_open
EV-505224,U1461,2026-04-04 23:45:00,checkout_start
EV-501312,U1121,2026-04-04 23:46:00,app_open
EV-502061,U1189,2026-04-04 23:46:00,product_view
EV-505225,U1461,2026-04-04 23:46:00,payment_success
EV-502062,U1189,2026-04-04 23:48:00,product_view
EV-504480,U1391,2026-04-04 23:48:00,product_view
EV-501313,U1121,2026-04-04 23:49:00,product_view
EV-501738,U1154,2026-04-04 23:49:00,checkout_start
EV-502030,U1188,2026-04-04 23:49:00,product_view
EV-506920,U1621,2026-04-04 23:50:00,app_open
EV-501314,U1121,2026-04-04 23:51:00,product_view
EV-501739,U1154,2026-04-04 23:51:00,payment_success
EV-502031,U1188,2026-04-04 23:51:00,product_view
EV-504481,U1391,2026-04-04 23:51:00,product_view
EV-502063,U1189,2026-04-04 23:52:00,add_to_cart
EV-501315,U1121,2026-04-04 23:53:00,add_to_cart
EV-504482,U1391,2026-04-04 23:53:00,product_view
EV-506921,U1621,2026-04-04 23:53:00,product_view
EV-501316,U1121,2026-04-04 23:55:00,checkout_start
EV-502032,U1188,2026-04-04 23:55:00,add_to_cart
EV-502064,U1189,2026-04-04 23:55:00,checkout_start
EV-504483,U1391,2026-04-04 23:55:00,add_to_cart
EV-501317,U1121,2026-04-04 23:56:00,payment_success
EV-506922,U1621,2026-04-04 23:56:00,add_to_cart
EV-502033,U1188,2026-04-04 23:57:00,checkout_start
EV-502065,U1189,2026-04-04 23:57:00,payment_success
EV-504484,U1391,2026-04-04 23:57:00,checkout_start
EV-502034,U1188,2026-04-04 23:58:00,payment_success
EV-504485,U1391,2026-04-04 23:59:00,payment_success
EV-506923,U1621,2026-04-04 23:59:00,checkout_start
EV-506924,U1621,2026-04-05 00:01:00,payment_success
EV-507286,U1271,2026-04-05 06:54:00,app_open
EV-507287,U1271,2026-04-05 06:57:00,product_view
EV-508201,U1025,2026-04-05 11:51:00,app_open
EV-508202,U1025,2026-04-05 11:54:00,product_view
EV-507754,U2158,2026-04-05 15:12:00,app_open
EV-507755,U2158,2026-04-05 15:15:00,product_view
EV-507756,U2158,2026-04-05 15:19:00,add_to_cart
EV-508587,U1271,2026-04-05 16:28:00,app_open
EV-508588,U1271,2026-04-05 16:31:00,product_view
EV-503296,U1292,2026-04-05 23:21:00,app_open
EV-508328,U1182,2026-04-05 23:21:00,app_open
EV-508329,U1182,2026-04-05 23:24:00,product_view
EV-503297,U1292,2026-04-05 23:26:00,product_view
EV-504467,U1390,2026-04-05 23:26:00,app_open
EV-504468,U1390,2026-04-05 23:28:00,product_view
EV-508330,U1182,2026-04-05 23:28:00,add_to_cart
EV-503225,U1286,2026-04-05 23:29:00,app_open
EV-503298,U1292,2026-04-05 23:29:00,product_view
EV-506341,U1577,2026-04-05 23:29:00,app_open
EV-501950,U1178,2026-04-05 23:31:00,app_open
EV-503299,U1292,2026-04-05 23:31:00,product_view
EV-503226,U1286,2026-04-05 23:33:00,product_view
EV-503300,U1292,2026-04-05 23:33:00,add_to_cart
EV-504469,U1390,2026-04-05 23:33:00,product_view
EV-506342,U1577,2026-04-05 23:34:00,product_view
EV-501951,U1178,2026-04-05 23:35:00,product_view
EV-503227,U1286,2026-04-05 23:35:00,add_to_cart
EV-503301,U1292,2026-04-05 23:36:00,checkout_start
EV-504470,U1390,2026-04-05 23:36:00,add_to_cart
EV-505958,U1544,2026-04-05 23:37:00,app_open
EV-506343,U1577,2026-04-05 23:37:00,product_view
EV-501952,U1178,2026-04-05 23:38:00,product_view
EV-503228,U1286,2026-04-05 23:38:00,checkout_start
EV-503302,U1292,2026-04-05 23:38:00,payment_success
EV-503229,U1286,2026-04-05 23:39:00,payment_success
EV-504471,U1390,2026-04-05 23:39:00,checkout_start
EV-506344,U1577,2026-04-05 23:39:00,product_view
EV-501953,U1178,2026-04-05 23:40:00,product_view
EV-503968,U1350,2026-04-05 23:41:00,app_open
EV-504472,U1390,2026-04-05 23:41:00,payment_success
EV-505959,U1544,2026-04-05 23:41:00,product_view
EV-506345,U1577,2026-04-05 23:41:00,add_to_cart
EV-501954,U1178,2026-04-05 23:43:00,add_to_cart
EV-506346,U1577,2026-04-05 23:43:00,checkout_start
EV-506347,U1577,2026-04-05 23:44:00,payment_success
EV-503969,U1350,2026-04-05 23:45:00,product_view
EV-501955,U1178,2026-04-05 23:46:00,checkout_start
EV-505960,U1544,2026-04-05 23:46:00,product_view
EV-501956,U1178,2026-04-05 23:48:00,payment_success
EV-503970,U1350,2026-04-05 23:49:00,product_view
EV-505477,U1484,2026-04-05 23:49:00,app_open
EV-503971,U1350,2026-04-05 23:51:00,add_to_cart
EV-505961,U1544,2026-04-05 23:51:00,product_view
EV-503972,U1350,2026-04-05 23:53:00,checkout_start
EV-505478,U1484,2026-04-05 23:53:00,product_view
EV-505962,U1544,2026-04-05 23:54:00,add_to_cart
EV-503973,U1350,2026-04-05 23:55:00,payment_success
EV-505963,U1544,2026-04-05 23:56:00,checkout_start
EV-505479,U1484,2026-04-05 23:57:00,product_view
EV-505964,U1544,2026-04-05 23:57:00,payment_success
EV-505480,U1484,2026-04-06 00:02:00,product_view
EV-505481,U1484,2026-04-06 00:06:00,add_to_cart
EV-505482,U1484,2026-04-06 00:10:00,checkout_start
EV-505483,U1484,2026-04-06 00:12:00,payment_success
EV-507721,U2203,2026-04-06 02:54:00,app_open
EV-507722,U2203,2026-04-06 02:57:00,product_view
EV-507710,U1131,2026-04-06 03:29:00,app_open
EV-507711,U1131,2026-04-06 03:32:00,product_view
EV-507712,U1131,2026-04-06 03:36:00,add_to_cart
EV-507939,U1552,2026-04-06 06:19:00,app_open
EV-507940,U1552,2026-04-06 06:22:00,product_view
EV-508932,U1312,2026-04-06 06:34:00,app_open
EV-508933,U1312,2026-04-06 06:37:00,product_view
EV-508218,U1642,2026-04-06 08:51:00,app_open
EV-508219,U1642,2026-04-06 08:54:00,product_view
EV-508220,U1642,2026-04-06 08:58:00,add_to_cart
EV-507496,U1268,2026-04-06 09:26:00,app_open
EV-507497,U1268,2026-04-06 09:29:00,product_view
EV-507707,U2400,2026-04-06 12:59:00,app_open
EV-507708,U2400,2026-04-06 13:02:00,product_view
EV-507709,U2400,2026-04-06 13:06:00,add_to_cart
EV-507257,U2272,2026-04-06 13:45:00,app_open
EV-507258,U2272,2026-04-06 13:48:00,product_view
EV-507259,U2272,2026-04-06 13:52:00,add_to_cart
EV-508245,U2437,2026-04-06 16:56:00,app_open
EV-508246,U2437,2026-04-06 16:59:00,product_view
EV-508247,U2437,2026-04-06 17:03:00,add_to_cart
EV-507313,U1621,2026-04-06 19:51:00,app_open
EV-507314,U1621,2026-04-06 19:54:00,product_view
EV-507315,U1621,2026-04-06 19:58:00,add_to_cart
EV-500665,U1069,2026-04-06 23:16:00,app_open
EV-500666,U1069,2026-04-06 23:18:00,product_view
EV-504964,U1428,2026-04-06 23:18:00,app_open
EV-500667,U1069,2026-04-06 23:20:00,product_view
EV-504965,U1428,2026-04-06 23:20:00,product_view
EV-506224,U1565,2026-04-06 23:22:00,app_open
EV-500668,U1069,2026-04-06 23:23:00,product_view
EV-504966,U1428,2026-04-06 23:24:00,add_to_cart
EV-505119,U1445,2026-04-06 23:25:00,app_open
EV-505414,U1481,2026-04-06 23:25:00,app_open
EV-506225,U1565,2026-04-06 23:25:00,product_view
EV-500669,U1069,2026-04-06 23:26:00,add_to_cart
EV-504967,U1428,2026-04-06 23:26:00,checkout_start
EV-504968,U1428,2026-04-06 23:27:00,payment_success
EV-500670,U1069,2026-04-06 23:28:00,checkout_start
EV-502108,U1191,2026-04-06 23:28:00,app_open
EV-505120,U1445,2026-04-06 23:28:00,product_view
EV-506226,U1565,2026-04-06 23:28:00,add_to_cart
EV-503418,U1313,2026-04-06 23:29:00,app_open
EV-500671,U1069,2026-04-06 23:30:00,payment_success
EV-505415,U1481,2026-04-06 23:30:00,product_view
EV-502109,U1191,2026-04-06 23:32:00,product_view
EV-506227,U1565,2026-04-06 23:32:00,checkout_start
EV-503419,U1313,2026-04-06 23:33:00,product_view
EV-505121,U1445,2026-04-06 23:33:00,product_view
EV-505416,U1481,2026-04-06 23:33:00,product_view
EV-506228,U1565,2026-04-06 23:33:00,payment_success
EV-501376,U1126,2026-04-06 23:36:00,app_open
EV-505122,U1445,2026-04-06 23:36:00,add_to_cart
EV-505417,U1481,2026-04-06 23:36:00,product_view
EV-506751,U1607,2026-04-06 23:36:00,app_open
EV-502110,U1191,2026-04-06 23:37:00,product_view
EV-503420,U1313,2026-04-06 23:37:00,product_view
EV-504511,U1393,2026-04-06 23:38:00,app_open
EV-506752,U1607,2026-04-06 23:38:00,product_view
EV-501377,U1126,2026-04-06 23:39:00,product_view
EV-503421,U1313,2026-04-06 23:39:00,product_view
EV-506384,U1578,2026-04-06 23:39:00,app_open
EV-505123,U1445,2026-04-06 23:40:00,checkout_start
EV-505418,U1481,2026-04-06 23:40:00,add_to_cart
EV-506952,U1622,2026-04-06 23:40:00,app_open
EV-502111,U1191,2026-04-06 23:41:00,add_to_cart
EV-506753,U1607,2026-04-06 23:41:00,product_view
EV-503422,U1313,2026-04-06 23:42:00,add_to_cart
EV-501378,U1126,2026-04-06 23:43:00,add_to_cart
EV-504512,U1393,2026-04-06 23:43:00,product_view
EV-505419,U1481,2026-04-06 23:43:00,checkout_start
EV-503423,U1313,2026-04-06 23:44:00,checkout_start
EV-506385,U1578,2026-04-06 23:44:00,product_view
EV-506754,U1607,2026-04-06 23:44:00,add_to_cart
EV-501379,U1126,2026-04-06 23:45:00,checkout_start
EV-502112,U1191,2026-04-06 23:45:00,checkout_start
EV-503424,U1313,2026-04-06 23:45:00,payment_success
EV-506953,U1622,2026-04-06 23:45:00,product_view
EV-502113,U1191,2026-04-06 23:46:00,payment_success
EV-504513,U1393,2026-04-06 23:46:00,product_view
EV-501380,U1126,2026-04-06 23:47:00,payment_success
EV-506386,U1578,2026-04-06 23:47:00,add_to_cart
EV-506755,U1607,2026-04-06 23:47:00,checkout_start
EV-503615,U1327,2026-04-06 23:49:00,app_open
EV-506756,U1607,2026-04-06 23:49:00,payment_success
EV-506954,U1622,2026-04-06 23:49:00,add_to_cart
EV-504514,U1393,2026-04-06 23:50:00,add_to_cart
EV-506387,U1578,2026-04-06 23:51:00,checkout_start
EV-503616,U1327,2026-04-06 23:52:00,product_view
EV-504515,U1393,2026-04-06 23:52:00,checkout_start
EV-506955,U1622,2026-04-06 23:52:00,checkout_start
EV-504516,U1393,2026-04-06 23:53:00,payment_success
EV-506956,U1622,2026-04-06 23:53:00,payment_success
EV-503617,U1327,2026-04-06 23:57:00,product_view
EV-503618,U1327,2026-04-06 23:59:00,product_view
EV-503619,U1327,2026-04-07 00:03:00,add_to_cart
EV-503620,U1327,2026-04-07 00:05:00,checkout_start
EV-503621,U1327,2026-04-07 00:07:00,payment_success
EV-508575,U1592,2026-04-07 00:29:00,app_open
EV-508576,U1592,2026-04-07 00:32:00,product_view
EV-508577,U1592,2026-04-07 00:36:00,add_to_cart
EV-507851,U2123,2026-04-07 05:57:00,app_open
EV-507852,U2123,2026-04-07 06:00:00,product_view
EV-507487,U2426,2026-04-07 06:18:00,app_open
EV-507488,U2426,2026-04-07 06:21:00,product_view
EV-508615,U1318,2026-04-07 07:02:00,app_open
EV-508616,U1318,2026-04-07 07:05:00,product_view
EV-508617,U1318,2026-04-07 07:09:00,add_to_cart
EV-508781,U1916,2026-04-07 08:57:00,app_open
EV-508782,U1916,2026-04-07 09:00:00,product_view
EV-508783,U1916,2026-04-07 09:04:00,add_to_cart
EV-507480,U1584,2026-04-07 09:57:00,app_open
EV-507481,U1584,2026-04-07 10:00:00,product_view
EV-507482,U1584,2026-04-07 10:04:00,add_to_cart
EV-508667,U1984,2026-04-07 14:02:00,app_open
EV-508668,U1984,2026-04-07 14:05:00,product_view
EV-508669,U1984,2026-04-07 14:09:00,add_to_cart
EV-500157,U1015,2026-04-07 23:20:00,app_open
EV-500829,U1081,2026-04-07 23:20:00,app_open
EV-504592,U1397,2026-04-07 23:21:00,app_open
EV-500158,U1015,2026-04-07 23:22:00,product_view
EV-500830,U1081,2026-04-07 23:23:00,product_view
EV-504593,U1397,2026-04-07 23:23:00,product_view
EV-500159,U1015,2026-04-07 23:25:00,add_to_cart
EV-500831,U1081,2026-04-07 23:25:00,add_to_cart
EV-504594,U1397,2026-04-07 23:25:00,product_view
EV-501298,U1120,2026-04-07 23:26:00,app_open
EV-500832,U1081,2026-04-07 23:27:00,checkout_start
EV-504595,U1397,2026-04-07 23:27:00,add_to_cart
EV-500160,U1015,2026-04-07 23:28:00,checkout_start
EV-500833,U1081,2026-04-07 23:28:00,payment_success
EV-500161,U1015,2026-04-07 23:30:00,payment_success
EV-501299,U1120,2026-04-07 23:30:00,product_view
EV-504596,U1397,2026-04-07 23:30:00,checkout_start
EV-502406,U1214,2026-04-07 23:31:00,app_open
EV-502407,U1214,2026-04-07 23:34:00,product_view
EV-502484,U1219,2026-04-07 23:34:00,app_open
EV-501300,U1120,2026-04-07 23:35:00,product_view
EV-502408,U1214,2026-04-07 23:36:00,product_view
EV-502485,U1219,2026-04-07 23:36:00,product_view
EV-506229,U1565,2026-04-07 23:36:00,app_open
EV-502409,U1214,2026-04-07 23:38:00,add_to_cart
EV-502486,U1219,2026-04-07 23:38:00,product_view
EV-506230,U1565,2026-04-07 23:38:00,product_view
EV-501301,U1120,2026-04-07 23:40:00,product_view
EV-506231,U1565,2026-04-07 23:40:00,add_to_cart
EV-502487,U1219,2026-04-07 23:41:00,product_view
EV-502410,U1214,2026-04-07 23:42:00,checkout_start
EV-501302,U1120,2026-04-07 23:43:00,add_to_cart
EV-502035,U1188,2026-04-07 23:43:00,app_open
EV-502411,U1214,2026-04-07 23:43:00,payment_success
EV-502488,U1219,2026-04-07 23:43:00,add_to_cart
EV-506232,U1565,2026-04-07 23:43:00,checkout_start
EV-505897,U1540,2026-04-07 23:44:00,app_open
EV-506233,U1565,2026-04-07 23:44:00,payment_success
EV-504486,U1391,2026-04-07 23:46:00,app_open
EV-501303,U1120,2026-04-07 23:47:00,checkout_start
EV-502489,U1219,2026-04-07 23:47:00,checkout_start
EV-505898,U1540,2026-04-07 23:47:00,product_view
EV-508663,U2057,2026-04-07 23:47:00,app_open
EV-502036,U1188,2026-04-07 23:48:00,product_view
EV-501304,U1120,2026-04-07 23:49:00,payment_success
EV-502490,U1219,2026-04-07 23:49:00,payment_success
EV-505929,U1543,2026-04-07 23:50:00,app_open
EV-508664,U2057,2026-04-07 23:50:00,product_view
EV-504487,U1391,2026-04-07 23:51:00,product_view
EV-505899,U1540,2026-04-07 23:51:00,product_view
EV-502037,U1188,2026-04-07 23:52:00,add_to_cart
EV-505900,U1540,2026-04-07 23:53:00,add_to_cart
EV-502038,U1188,2026-04-07 23:54:00,checkout_start
EV-502039,U1188,2026-04-07 23:55:00,payment_success
EV-504488,U1391,2026-04-07 23:55:00,product_view
EV-505901,U1540,2026-04-07 23:55:00,checkout_start
EV-505930,U1543,2026-04-07 23:55:00,product_view
EV-505902,U1540,2026-04-07 23:56:00,payment_success
EV-504489,U1391,2026-04-07 23:57:00,product_view
EV-505931,U1543,2026-04-07 23:57:00,add_to_cart
EV-504490,U1391,2026-04-07 23:59:00,add_to_cart
EV-505932,U1543,2026-04-08 00:00:00,checkout_start
EV-504491,U1391,2026-04-08 00:01:00,checkout_start
EV-504492,U1391,2026-04-08 00:02:00,payment_success
EV-505933,U1543,2026-04-08 00:02:00,payment_success
EV-508453,U2396,2026-04-08 00:07:00,app_open
EV-508454,U2396,2026-04-08 00:10:00,product_view
EV-508320,U1128,2026-04-08 01:39:00,app_open
EV-508321,U1128,2026-04-08 01:42:00,product_view
EV-508322,U1128,2026-04-08 01:46:00,add_to_cart
EV-507661,U1846,2026-04-08 10:58:00,app_open
EV-507662,U1846,2026-04-08 11:01:00,product_view
EV-507063,U1627,2026-04-08 23:21:00,app_open
EV-507064,U1627,2026-04-08 23:24:00,product_view
EV-507065,U1627,2026-04-08 23:28:00,add_to_cart
EV-503609,U1326,2026-04-08 23:30:00,app_open
EV-504093,U1363,2026-04-08 23:30:00,app_open
EV-503610,U1326,2026-04-08 23:32:00,product_view
EV-504763,U1414,2026-04-08 23:32:00,app_open
EV-507066,U1627,2026-04-08 23:32:00,checkout_start
EV-504094,U1363,2026-04-08 23:33:00,product_view
EV-504408,U1385,2026-04-08 23:34:00,app_open
EV-507067,U1627,2026-04-08 23:34:00,payment_success
EV-503909,U1346,2026-04-08 23:35:00,app_open
EV-504095,U1363,2026-04-08 23:35:00,product_view
EV-504764,U1414,2026-04-08 23:35:00,product_view
EV-504875,U1423,2026-04-08 23:36:00,app_open
EV-503611,U1326,2026-04-08 23:37:00,product_view
EV-503612,U1326,2026-04-08 23:39:00,add_to_cart
EV-504096,U1363,2026-04-08 23:39:00,product_view
EV-504409,U1385,2026-04-08 23:39:00,product_view
EV-504765,U1414,2026-04-08 23:39:00,product_view
EV-503910,U1346,2026-04-08 23:40:00,product_view
EV-504876,U1423,2026-04-08 23:40:00,product_view
EV-504410,U1385,2026-04-08 23:41:00,product_view
EV-503613,U1326,2026-04-08 23:42:00,checkout_start
EV-504097,U1363,2026-04-08 23:42:00,add_to_cart
EV-504396,U1383,2026-04-08 23:42:00,app_open
EV-504411,U1385,2026-04-08 23:43:00,product_view
EV-504766,U1414,2026-04-08 23:43:00,add_to_cart
EV-504877,U1423,2026-04-08 23:43:00,add_to_cart
EV-503614,U1326,2026-04-08 23:44:00,payment_success
EV-503911,U1346,2026-04-08 23:44:00,product_view
EV-504397,U1383,2026-04-08 23:45:00,product_view
EV-500018,U1002,2026-04-08 23:46:00,app_open
EV-503912,U1346,2026-04-08 23:46:00,product_view
EV-504098,U1363,2026-04-08 23:46:00,checkout_start
EV-504412,U1385,2026-04-08 23:46:00,add_to_cart
EV-501538,U1136,2026-04-08 23:47:00,app_open
EV-504398,U1383,2026-04-08 23:47:00,product_view
EV-504767,U1414,2026-04-08 23:47:00,checkout_start
EV-504878,U1423,2026-04-08 23:47:00,checkout_start
EV-503913,U1346,2026-04-08 23:48:00,add_to_cart
EV-504099,U1363,2026-04-08 23:48:00,payment_success
EV-504768,U1414,2026-04-08 23:48:00,payment_success
EV-504879,U1423,2026-04-08 23:48:00,payment_success
EV-500019,U1002,2026-04-08 23:49:00,product_view
EV-504413,U1385,2026-04-08 23:49:00,checkout_start
EV-500020,U1002,2026-04-08 23:51:00,add_to_cart
EV-504399,U1383,2026-04-08 23:51:00,product_view
EV-504414,U1385,2026-04-08 23:51:00,payment_success
EV-501539,U1136,2026-04-08 23:52:00,product_view
EV-503914,U1346,2026-04-08 23:52:00,checkout_start
EV-500021,U1002,2026-04-08 23:53:00,checkout_start
EV-504400,U1383,2026-04-08 23:53:00,add_to_cart
EV-500022,U1002,2026-04-08 23:54:00,payment_success
EV-501540,U1136,2026-04-08 23:55:00,add_to_cart
EV-504401,U1383,2026-04-08 23:55:00,checkout_start
EV-504402,U1383,2026-04-08 23:56:00,payment_success
EV-501541,U1136,2026-04-08 23:57:00,checkout_start
EV-501542,U1136,2026-04-08 23:59:00,payment_success
EV-507975,U1986,2026-04-09 09:17:00,app_open
EV-507976,U1986,2026-04-09 09:20:00,product_view
EV-507723,U2477,2026-04-09 12:24:00,app_open
EV-507724,U2477,2026-04-09 12:27:00,product_view
EV-507725,U2477,2026-04-09 12:31:00,add_to_cart
EV-507610,U2232,2026-04-09 14:39:00,app_open
EV-507611,U2232,2026-04-09 14:42:00,product_view
EV-507628,U1195,2026-04-09 22:36:00,app_open
EV-507629,U1195,2026-04-09 22:39:00,product_view
EV-501681,U1150,2026-04-09 23:16:00,app_open
EV-503122,U1279,2026-04-09 23:19:00,app_open
EV-505088,U1441,2026-04-09 23:19:00,app_open
EV-501682,U1150,2026-04-09 23:20:00,product_view
EV-504714,U1408,2026-04-09 23:20:00,app_open
EV-503123,U1279,2026-04-09 23:21:00,product_view
EV-505089,U1441,2026-04-09 23:23:00,product_view
EV-501148,U1104,2026-04-09 23:25:00,app_open
EV-501683,U1150,2026-04-09 23:25:00,product_view
EV-503124,U1279,2026-04-09 23:25:00,product_view
EV-504715,U1408,2026-04-09 23:25:00,product_view
EV-506822,U1615,2026-04-09 23:25:00,app_open
EV-503125,U1279,2026-04-09 23:27:00,product_view
EV-505090,U1441,2026-04-09 23:27:00,add_to_cart
EV-501684,U1150,2026-04-09 23:28:00,product_view
EV-506255,U1568,2026-04-09 23:28:00,app_open
EV-501149,U1104,2026-04-09 23:29:00,product_view
EV-506823,U1615,2026-04-09 23:29:00,product_view
EV-501600,U1142,2026-04-09 23:30:00,app_open
EV-503126,U1279,2026-04-09 23:30:00,add_to_cart
EV-504473,U1390,2026-04-09 23:30:00,app_open
EV-504716,U1408,2026-04-09 23:30:00,product_view
EV-501150,U1104,2026-04-09 23:31:00,add_to_cart
EV-501685,U1150,2026-04-09 23:31:00,add_to_cart
EV-503622,U1327,2026-04-09 23:31:00,app_open
EV-505091,U1441,2026-04-09 23:31:00,checkout_start
EV-506256,U1568,2026-04-09 23:31:00,product_view
EV-506824,U1615,2026-04-09 23:31:00,add_to_cart
EV-506825,U1615,2026-04-09 23:33:00,checkout_start
EV-501151,U1104,2026-04-09 23:34:00,checkout_start
EV-501601,U1142,2026-04-09 23:34:00,product_view
EV-503127,U1279,2026-04-09 23:34:00,checkout_start
EV-503623,U1327,2026-04-09 23:34:00,product_view
EV-504717,U1408,2026-04-09 23:34:00,add_to_cart
EV-506826,U1615,2026-04-09 23:34:00,payment_success
EV-501686,U1150,2026-04-09 23:35:00,checkout_start
EV-503128,U1279,2026-04-09 23:35:00,payment_success
EV-504474,U1390,2026-04-09 23:35:00,product_view
EV-506257,U1568,2026-04-09 23:35:00,product_view
EV-501152,U1104,2026-04-09 23:36:00,payment_success
EV-501602,U1142,2026-04-09 23:36:00,add_to_cart
EV-504718,U1408,2026-04-09 23:36:00,checkout_start
EV-501687,U1150,2026-04-09 23:37:00,payment_success
EV-503624,U1327,2026-04-09 23:37:00,product_view
EV-504475,U1390,2026-04-09 23:37:00,product_view
EV-504719,U1408,2026-04-09 23:37:00,payment_success
EV-506258,U1568,2026-04-09 23:38:00,add_to_cart
EV-501010,U1094,2026-04-09 23:39:00,app_open
EV-501603,U1142,2026-04-09 23:40:00,checkout_start
EV-503625,U1327,2026-04-09 23:40:00,add_to_cart
EV-504100,U1363,2026-04-09 23:40:00,app_open
EV-504476,U1390,2026-04-09 23:40:00,add_to_cart
EV-506259,U1568,2026-04-09 23:41:00,checkout_start
EV-501011,U1094,2026-04-09 23:42:00,product_view
EV-501604,U1142,2026-04-09 23:42:00,payment_success
EV-504101,U1363,2026-04-09 23:42:00,product_view
EV-504477,U1390,2026-04-09 23:42:00,checkout_start
EV-506260,U1568,2026-04-09 23:43:00,payment_success
EV-501012,U1094,2026-04-09 23:44:00,product_view
EV-502066,U1189,2026-04-09 23:44:00,app_open
EV-503626,U1327,2026-04-09 23:44:00,checkout_start
EV-504478,U1390,2026-04-09 23:44:00,payment_success
EV-502067,U1189,2026-04-09 23:46:00,product_view
EV-502162,U1198,2026-04-09 23:46:00,app_open
EV-503627,U1327,2026-04-09 23:46:00,payment_success
EV-504102,U1363,2026-04-09 23:47:00,product_view
EV-501013,U1094,2026-04-09 23:49:00,product_view
EV-502068,U1189,2026-04-09 23:49:00,product_view
EV-502163,U1198,2026-04-09 23:49:00,product_view
EV-505420,U1481,2026-04-09 23:49:00,app_open
EV-502069,U1189,2026-04-09 23:52:00,add_to_cart
EV-504103,U1363,2026-04-09 23:52:00,product_view
EV-501014,U1094,2026-04-09 23:53:00,add_to_cart
EV-505421,U1481,2026-04-09 23:53:00,product_view
EV-502070,U1189,2026-04-09 23:54:00,checkout_start
EV-502164,U1198,2026-04-09 23:54:00,product_view
EV-501015,U1094,2026-04-09 23:55:00,checkout_start
EV-504104,U1363,2026-04-09 23:55:00,add_to_cart
EV-502071,U1189,2026-04-09 23:56:00,payment_success
EV-505422,U1481,2026-04-09 23:56:00,add_to_cart
EV-501016,U1094,2026-04-09 23:57:00,payment_success
EV-504105,U1363,2026-04-09 23:58:00,checkout_start
EV-505423,U1481,2026-04-09 23:58:00,checkout_start
EV-502165,U1198,2026-04-09 23:59:00,product_view
EV-505424,U1481,2026-04-09 23:59:00,payment_success
EV-504106,U1363,2026-04-10 00:00:00,payment_success
EV-502166,U1198,2026-04-10 00:03:00,add_to_cart
EV-502167,U1198,2026-04-10 00:05:00,checkout_start
EV-502168,U1198,2026-04-10 00:06:00,payment_success
EV-508538,U1524,2026-04-10 02:25:00,app_open
EV-508539,U1524,2026-04-10 02:28:00,product_view
EV-507477,U2277,2026-04-10 12:12:00,app_open
EV-507478,U2277,2026-04-10 12:15:00,product_view
EV-507479,U2277,2026-04-10 12:19:00,add_to_cart
EV-508262,U2086,2026-04-10 12:34:00,app_open
EV-508263,U2086,2026-04-10 12:37:00,product_view
EV-508264,U2086,2026-04-10 12:41:00,add_to_cart
EV-508896,U1036,2026-04-10 13:42:00,app_open
EV-508897,U1036,2026-04-10 13:45:00,product_view
EV-508941,U1572,2026-04-10 21:16:00,app_open
EV-508942,U1572,2026-04-10 21:19:00,product_view
EV-502714,U1247,2026-04-10 23:16:00,app_open
EV-504905,U1426,2026-04-10 23:18:00,app_open
EV-502316,U1207,2026-04-10 23:20:00,app_open
EV-502715,U1247,2026-04-10 23:20:00,product_view
EV-502954,U1266,2026-04-10 23:22:00,app_open
EV-504906,U1426,2026-04-10 23:22:00,product_view
EV-502716,U1247,2026-04-10 23:24:00,product_view
EV-502317,U1207,2026-04-10 23:25:00,product_view
EV-502717,U1247,2026-04-10 23:26:00,product_view
EV-504907,U1426,2026-04-10 23:26:00,product_view
EV-502955,U1266,2026-04-10 23:27:00,product_view
EV-504908,U1426,2026-04-10 23:29:00,add_to_cart
EV-502318,U1207,2026-04-10 23:30:00,product_view
EV-502718,U1247,2026-04-10 23:30:00,add_to_cart
EV-502956,U1266,2026-04-10 23:31:00,product_view
EV-504909,U1426,2026-04-10 23:31:00,checkout_start
EV-506534,U1595,2026-04-10 23:32:00,app_open
EV-502319,U1207,2026-04-10 23:33:00,product_view
EV-502719,U1247,2026-04-10 23:33:00,checkout_start
EV-502720,U1247,2026-04-10 23:34:00,payment_success
EV-502957,U1266,2026-04-10 23:34:00,add_to_cart
EV-502320,U1207,2026-04-10 23:36:00,add_to_cart
EV-504855,U1421,2026-04-10 23:37:00,app_open
EV-504969,U1428,2026-04-10 23:37:00,app_open
EV-506535,U1595,2026-04-10 23:37:00,product_view
EV-502321,U1207,2026-04-10 23:38:00,checkout_start
EV-502958,U1266,2026-04-10 23:38:00,checkout_start
EV-500494,U1053,2026-04-10 23:39:00,app_open
EV-502322,U1207,2026-04-10 23:39:00,payment_success
EV-506536,U1595,2026-04-10 23:39:00,add_to_cart
EV-502959,U1266,2026-04-10 23:40:00,payment_success
EV-504856,U1421,2026-04-10 23:40:00,product_view
EV-501172,U1105,2026-04-10 23:41:00,app_open
EV-501256,U1115,2026-04-10 23:41:00,app_open
EV-504970,U1428,2026-04-10 23:42:00,product_view
EV-505244,U1463,2026-04-10 23:42:00,app_open
EV-506537,U1595,2026-04-10 23:42:00,checkout_start
EV-501257,U1115,2026-04-10 23:43:00,product_view
EV-506538,U1595,2026-04-10 23:43:00,payment_success
EV-500495,U1053,2026-04-10 23:44:00,product_view
EV-504857,U1421,2026-04-10 23:44:00,add_to_cart
EV-504971,U1428,2026-04-10 23:44:00,product_view
EV-501173,U1105,2026-04-10 23:46:00,product_view
EV-501258,U1115,2026-04-10 23:46:00,product_view
EV-505245,U1463,2026-04-10 23:46:00,product_view
EV-500496,U1053,2026-04-10 23:47:00,product_view
EV-504858,U1421,2026-04-10 23:47:00,checkout_start
EV-504972,U1428,2026-04-10 23:47:00,add_to_cart
EV-501174,U1105,2026-04-10 23:48:00,product_view
EV-501259,U1115,2026-04-10 23:48:00,add_to_cart
EV-500497,U1053,2026-04-10 23:49:00,add_to_cart
EV-505246,U1463,2026-04-10 23:49:00,product_view
EV-506162,U1560,2026-04-10 23:49:00,app_open
EV-504973,U1428,2026-04-10 23:50:00,checkout_start
EV-500498,U1053,2026-04-10 23:51:00,checkout_start
EV-501175,U1105,2026-04-10 23:51:00,add_to_cart
EV-501260,U1115,2026-04-10 23:51:00,checkout_start
EV-501261,U1115,2026-04-10 23:52:00,payment_success
EV-504974,U1428,2026-04-10 23:52:00,payment_success
EV-506163,U1560,2026-04-10 23:53:00,product_view
EV-505247,U1463,2026-04-10 23:54:00,product_view
EV-501176,U1105,2026-04-10 23:55:00,checkout_start
EV-506164,U1560,2026-04-10 23:55:00,add_to_cart
EV-501177,U1105,2026-04-10 23:57:00,payment_success
EV-505248,U1463,2026-04-10 23:57:00,add_to_cart
EV-506165,U1560,2026-04-10 23:59:00,checkout_start
EV-506166,U1560,2026-04-11 00:00:00,payment_success
EV-505249,U1463,2026-04-11 00:01:00,checkout_start
EV-505250,U1463,2026-04-11 00:02:00,payment_success
EV-507927,U2371,2026-04-11 00:31:00,app_open
EV-507928,U2371,2026-04-11 00:34:00,product_view
EV-507319,U1369,2026-04-11 02:50:00,app_open
EV-507320,U1369,2026-04-11 02:53:00,product_view
EV-507321,U1369,2026-04-11 02:57:00,add_to_cart
EV-507653,U1259,2026-04-11 05:12:00,app_open
EV-507654,U1259,2026-04-11 05:15:00,product_view
EV-507279,U1205,2026-04-11 10:30:00,app_open
EV-507280,U1205,2026-04-11 10:33:00,product_view
EV-508419,U1451,2026-04-11 11:33:00,app_open
EV-508420,U1451,2026-04-11 11:36:00,product_view
EV-508229,U1680,2026-04-11 16:32:00,app_open
EV-508230,U1680,2026-04-11 16:35:00,product_view
EV-501549,U1139,2026-04-11 23:29:00,app_open
EV-501211,U1112,2026-04-11 23:30:00,app_open
EV-501550,U1139,2026-04-11 23:31:00,product_view
EV-503948,U1349,2026-04-11 23:32:00,app_open
EV-501212,U1112,2026-04-11 23:33:00,product_view
EV-505678,U1509,2026-04-11 23:33:00,app_open
EV-501551,U1139,2026-04-11 23:34:00,product_view
EV-501213,U1112,2026-04-11 23:35:00,product_view
EV-505679,U1509,2026-04-11 23:35:00,product_view
EV-503949,U1349,2026-04-11 23:37:00,product_view
EV-505680,U1509,2026-04-11 23:37:00,add_to_cart
EV-501552,U1139,2026-04-11 23:38:00,add_to_cart
EV-501214,U1112,2026-04-11 23:39:00,product_view
EV-505681,U1509,2026-04-11 23:39:00,checkout_start
EV-506805,U1614,2026-04-11 23:39:00,app_open
EV-503950,U1349,2026-04-11 23:40:00,add_to_cart
EV-501553,U1139,2026-04-11 23:41:00,checkout_start
EV-505549,U1488,2026-04-11 23:41:00,app_open
EV-505682,U1509,2026-04-11 23:41:00,payment_success
EV-501215,U1112,2026-04-11 23:42:00,add_to_cart
EV-501554,U1139,2026-04-11 23:42:00,payment_success
EV-503951,U1349,2026-04-11 23:42:00,checkout_start
EV-504261,U1373,2026-04-11 23:42:00,app_open
EV-501287,U1119,2026-04-11 23:43:00,app_open
EV-506806,U1614,2026-04-11 23:44:00,product_view
EV-501288,U1119,2026-04-11 23:45:00,product_view
EV-505550,U1488,2026-04-11 23:45:00,product_view
EV-501216,U1112,2026-04-11 23:46:00,checkout_start
EV-506001,U1547,2026-04-11 23:46:00,app_open
EV-506807,U1614,2026-04-11 23:46:00,product_view
EV-504262,U1373,2026-04-11 23:47:00,product_view
EV-505551,U1488,2026-04-11 23:47:00,product_view
EV-501217,U1112,2026-04-11 23:48:00,payment_success
EV-501289,U1119,2026-04-11 23:48:00,product_view
EV-506002,U1547,2026-04-11 23:48:00,product_view
EV-504263,U1373,2026-04-11 23:49:00,add_to_cart
EV-505552,U1488,2026-04-11 23:49:00,add_to_cart
EV-506808,U1614,2026-04-11 23:50:00,product_view
EV-505553,U1488,2026-04-11 23:51:00,checkout_start
EV-501290,U1119,2026-04-11 23:52:00,product_view
EV-504264,U1373,2026-04-11 23:52:00,checkout_start
EV-506003,U1547,2026-04-11 23:52:00,product_view
EV-506809,U1614,2026-04-11 23:53:00,add_to_cart
EV-504265,U1373,2026-04-11 23:54:00,payment_success
EV-506004,U1547,2026-04-11 23:54:00,add_to_cart
EV-501291,U1119,2026-04-11 23:55:00,add_to_cart
EV-506810,U1614,2026-04-11 23:56:00,checkout_start
EV-501292,U1119,2026-04-11 23:57:00,checkout_start
EV-501293,U1119,2026-04-11 23:58:00,payment_success
EV-506005,U1547,2026-04-11 23:58:00,checkout_start
EV-506006,U1547,2026-04-12 00:00:00,payment_success
EV-507805,U2394,2026-04-12 04:31:00,app_open
EV-507806,U2394,2026-04-12 04:34:00,product_view
EV-507807,U2394,2026-04-12 04:38:00,add_to_cart
EV-508711,U2184,2026-04-12 08:21:00,app_open
EV-508712,U2184,2026-04-12 08:24:00,product_view
EV-508713,U2184,2026-04-12 08:28:00,add_to_cart
EV-508915,U1042,2026-04-12 15:15:00,app_open
EV-508916,U1042,2026-04-12 15:18:00,product_view
EV-508917,U1042,2026-04-12 15:22:00,add_to_cart
EV-508524,U1472,2026-04-12 16:47:00,app_open
EV-508525,U1472,2026-04-12 16:50:00,product_view
EV-504349,U1378,2026-04-12 23:16:00,app_open
EV-504107,U1364,2026-04-12 23:19:00,app_open
EV-501688,U1150,2026-04-12 23:21:00,app_open
EV-504108,U1364,2026-04-12 23:21:00,product_view
EV-504350,U1378,2026-04-12 23:21:00,product_view
EV-505610,U1500,2026-04-12 23:24:00,app_open
EV-504109,U1364,2026-04-12 23:25:00,product_view
EV-504351,U1378,2026-04-12 23:25:00,product_view
EV-506573,U1596,2026-04-12 23:25:00,app_open
EV-501689,U1150,2026-04-12 23:26:00,product_view
EV-502145,U1194,2026-04-12 23:27:00,app_open
EV-504110,U1364,2026-04-12 23:27:00,add_to_cart
EV-501690,U1150,2026-04-12 23:29:00,product_view
EV-504352,U1378,2026-04-12 23:29:00,product_view
EV-505611,U1500,2026-04-12 23:29:00,product_view
EV-506856,U1619,2026-04-12 23:29:00,app_open
EV-502146,U1194,2026-04-12 23:30:00,product_view
EV-504111,U1364,2026-04-12 23:30:00,checkout_start
EV-506574,U1596,2026-04-12 23:30:00,product_view
EV-501691,U1150,2026-04-12 23:31:00,add_to_cart
EV-504112,U1364,2026-04-12 23:31:00,payment_success
EV-504353,U1378,2026-04-12 23:31:00,add_to_cart
EV-501692,U1150,2026-04-12 23:33:00,checkout_start
EV-502147,U1194,2026-04-12 23:33:00,product_view
EV-505612,U1500,2026-04-12 23:33:00,add_to_cart
EV-506857,U1619,2026-04-12 23:33:00,product_view
EV-501693,U1150,2026-04-12 23:34:00,payment_success
EV-504354,U1378,2026-04-12 23:34:00,checkout_start
EV-506575,U1596,2026-04-12 23:34:00,add_to_cart
EV-506858,U1619,2026-04-12 23:35:00,add_to_cart
EV-500437,U1044,2026-04-12 23:36:00,app_open
EV-504355,U1378,2026-04-12 23:36:00,payment_success
EV-505613,U1500,2026-04-12 23:36:00,checkout_start
EV-505636,U1503,2026-04-12 23:36:00,app_open
EV-506576,U1596,2026-04-12 23:36:00,checkout_start
EV-502148,U1194,2026-04-12 23:37:00,add_to_cart
EV-506859,U1619,2026-04-12 23:37:00,checkout_start
EV-500438,U1044,2026-04-12 23:38:00,product_view
EV-506577,U1596,2026-04-12 23:38:00,payment_success
EV-502149,U1194,2026-04-12 23:39:00,checkout_start
EV-506860,U1619,2026-04-12 23:39:00,payment_success
EV-502150,U1194,2026-04-12 23:40:00,payment_success
EV-505637,U1503,2026-04-12 23:40:00,product_view
EV-506512,U1594,2026-04-12 23:40:00,app_open
EV-500439,U1044,2026-04-12 23:41:00,add_to_cart
EV-505638,U1503,2026-04-12 23:42:00,add_to_cart
EV-500440,U1044,2026-04-12 23:43:00,checkout_start
EV-500441,U1044,2026-04-12 23:44:00,payment_success
EV-506513,U1594,2026-04-12 23:45:00,product_view
EV-504929,U1427,2026-04-12 23:46:00,app_open
EV-505639,U1503,2026-04-12 23:46:00,checkout_start
EV-505640,U1503,2026-04-12 23:48:00,payment_success
EV-506514,U1594,2026-04-12 23:48:00,add_to_cart
EV-504930,U1427,2026-04-12 23:50:00,product_view
EV-506515,U1594,2026-04-12 23:50:00,checkout_start
EV-504931,U1427,2026-04-12 23:52:00,product_view
EV-507746,U2332,2026-04-12 23:54:00,app_open
EV-504932,U1427,2026-04-12 23:56:00,product_view
EV-507747,U2332,2026-04-12 23:57:00,product_view
EV-504933,U1427,2026-04-12 23:58:00,add_to_cart
EV-504934,U1427,2026-04-13 00:00:00,checkout_start
EV-504935,U1427,2026-04-13 00:02:00,payment_success
EV-507513,U1008,2026-04-13 02:32:00,app_open
EV-507514,U1008,2026-04-13 02:35:00,product_view
EV-508077,U1614,2026-04-13 03:35:00,app_open
EV-508078,U1614,2026-04-13 03:38:00,product_view
EV-508079,U1614,2026-04-13 03:42:00,add_to_cart
EV-508728,U1809,2026-04-13 04:31:00,app_open
EV-508729,U1809,2026-04-13 04:34:00,product_view
EV-508875,U1406,2026-04-13 14:45:00,app_open
EV-508876,U1406,2026-04-13 14:48:00,product_view
EV-508589,U1141,2026-04-13 15:53:00,app_open
EV-508590,U1141,2026-04-13 15:56:00,product_view
EV-508591,U1141,2026-04-13 16:00:00,add_to_cart
EV-508640,U2204,2026-04-13 16:27:00,app_open
EV-508641,U2204,2026-04-13 16:30:00,product_view
EV-508642,U2204,2026-04-13 16:34:00,add_to_cart
EV-507143,U2449,2026-04-13 16:57:00,app_open
EV-507144,U2449,2026-04-13 17:00:00,product_view
EV-507995,U1108,2026-04-13 22:23:00,app_open
EV-507996,U1108,2026-04-13 22:26:00,product_view
EV-504403,U1383,2026-04-13 23:17:00,app_open
EV-506167,U1560,2026-04-13 23:17:00,app_open
EV-506168,U1560,2026-04-13 23:20:00,product_view
EV-504404,U1383,2026-04-13 23:22:00,product_view
EV-501980,U1180,2026-04-13 23:24:00,app_open
EV-506169,U1560,2026-04-13 23:24:00,add_to_cart
EV-501049,U1095,2026-04-13 23:25:00,app_open
EV-501981,U1180,2026-04-13 23:26:00,product_view
EV-502323,U1207,2026-04-13 23:26:00,app_open
EV-504405,U1383,2026-04-13 23:26:00,add_to_cart
EV-506170,U1560,2026-04-13 23:27:00,checkout_start
EV-504406,U1383,2026-04-13 23:28:00,checkout_start
EV-506171,U1560,2026-04-13 23:29:00,payment_success
EV-501050,U1095,2026-04-13 23:30:00,product_view
EV-501982,U1180,2026-04-13 23:30:00,product_view
EV-504407,U1383,2026-04-13 23:30:00,payment_success
EV-502324,U1207,2026-04-13 23:31:00,product_view
EV-501051,U1095,2026-04-13 23:33:00,add_to_cart
EV-501983,U1180,2026-04-13 23:34:00,add_to_cart
EV-502325,U1207,2026-04-13 23:35:00,add_to_cart
EV-501052,U1095,2026-04-13 23:36:00,checkout_start
EV-501984,U1180,2026-04-13 23:36:00,checkout_start
EV-501153,U1104,2026-04-13 23:37:00,app_open
EV-502326,U1207,2026-04-13 23:37:00,checkout_start
EV-502327,U1207,2026-04-13 23:39:00,payment_success
EV-504415,U1385,2026-04-13 23:39:00,app_open
EV-501154,U1104,2026-04-13 23:42:00,product_view
EV-501218,U1112,2026-04-13 23:42:00,app_open
EV-504416,U1385,2026-04-13 23:43:00,product_view
EV-501155,U1104,2026-04-13 23:44:00,product_view
EV-501219,U1112,2026-04-13 23:45:00,product_view
EV-504417,U1385,2026-04-13 23:45:00,add_to_cart
EV-504418,U1385,2026-04-13 23:47:00,checkout_start
EV-500478,U1050,2026-04-13 23:48:00,app_open
EV-501156,U1104,2026-04-13 23:48:00,product_view
EV-504296,U1376,2026-04-13 23:49:00,app_open
EV-504419,U1385,2026-04-13 23:49:00,payment_success
EV-501157,U1104,2026-04-13 23:50:00,add_to_cart
EV-501220,U1112,2026-04-13 23:50:00,product_view
EV-504297,U1376,2026-04-13 23:51:00,product_view
EV-500479,U1050,2026-04-13 23:52:00,product_view
EV-501221,U1112,2026-04-13 23:52:00,product_view
EV-501158,U1104,2026-04-13 23:54:00,checkout_start
EV-504298,U1376,2026-04-13 23:54:00,product_view
EV-500480,U1050,2026-04-13 23:55:00,add_to_cart
EV-501222,U1112,2026-04-13 23:55:00,add_to_cart
EV-501159,U1104,2026-04-13 23:56:00,payment_success
EV-504299,U1376,2026-04-13 23:56:00,add_to_cart
EV-500481,U1050,2026-04-13 23:57:00,checkout_start
EV-501223,U1112,2026-04-13 23:58:00,checkout_start
EV-501224,U1112,2026-04-14 00:00:00,payment_success
EV-504300,U1376,2026-04-14 00:00:00,checkout_start
EV-507210,U1786,2026-04-14 00:46:00,app_open
EV-507211,U1786,2026-04-14 00:49:00,product_view
EV-507415,U2177,2026-04-14 08:42:00,app_open
EV-507416,U2177,2026-04-14 08:45:00,product_view
EV-508485,U2246,2026-04-14 09:41:00,app_open
EV-508486,U2246,2026-04-14 09:44:00,product_view
EV-508462,U1638,2026-04-14 11:38:00,app_open
EV-508463,U1638,2026-04-14 11:41:00,product_view
EV-505124,U1445,2026-04-14 23:16:00,app_open
EV-505125,U1445,2026-04-14 23:19:00,product_view
EV-505323,U1473,2026-04-14 23:20:00,app_open
EV-505126,U1445,2026-04-14 23:22:00,product_view
EV-505324,U1473,2026-04-14 23:24:00,product_view
EV-506792,U1612,2026-04-14 23:24:00,app_open
EV-507990,U1709,2026-04-14 23:24:00,app_open
EV-505127,U1445,2026-04-14 23:25:00,add_to_cart
EV-505325,U1473,2026-04-14 23:27:00,add_to_cart
EV-506793,U1612,2026-04-14 23:27:00,product_view
EV-507991,U1709,2026-04-14 23:27:00,product_view
EV-505128,U1445,2026-04-14 23:28:00,checkout_start
EV-504562,U1395,2026-04-14 23:29:00,app_open
EV-505129,U1445,2026-04-14 23:29:00,payment_success
EV-506794,U1612,2026-04-14 23:30:00,product_view
EV-505326,U1473,2026-04-14 23:31:00,checkout_start
EV-507992,U1709,2026-04-14 23:31:00,add_to_cart
EV-504563,U1395,2026-04-14 23:32:00,product_view
EV-505327,U1473,2026-04-14 23:33:00,payment_success
EV-506795,U1612,2026-04-14 23:34:00,product_view
EV-506796,U1612,2026-04-14 23:36:00,add_to_cart
EV-504564,U1395,2026-04-14 23:37:00,product_view
EV-501294,U1119,2026-04-14 23:38:00,app_open
EV-506797,U1612,2026-04-14 23:39:00,checkout_start
EV-504565,U1395,2026-04-14 23:41:00,product_view
EV-506798,U1612,2026-04-14 23:41:00,payment_success
EV-501295,U1119,2026-04-14 23:42:00,product_view
EV-501296,U1119,2026-04-14 23:44:00,add_to_cart
EV-504910,U1426,2026-04-14 23:44:00,app_open
EV-504566,U1395,2026-04-14 23:45:00,add_to_cart
EV-501297,U1119,2026-04-14 23:47:00,checkout_start
EV-504251,U1372,2026-04-14 23:47:00,app_open
EV-504567,U1395,2026-04-14 23:47:00,checkout_start
EV-504911,U1426,2026-04-14 23:47:00,product_view
EV-504568,U1395,2026-04-14 23:48:00,payment_success
EV-504252,U1372,2026-04-14 23:51:00,product_view
EV-504912,U1426,2026-04-14 23:52:00,product_view
EV-504253,U1372,2026-04-14 23:54:00,product_view
EV-504913,U1426,2026-04-14 23:56:00,add_to_cart
EV-504254,U1372,2026-04-14 23:57:00,add_to_cart
EV-504914,U1426,2026-04-15 00:00:00,checkout_start
EV-504255,U1372,2026-04-15 00:01:00,checkout_start
EV-504915,U1426,2026-04-15 00:02:00,payment_success
EV-507465,U1263,2026-04-15 03:43:00,app_open
EV-507466,U1263,2026-04-15 03:46:00,product_view
EV-507467,U1263,2026-04-15 03:50:00,add_to_cart
EV-507648,U1206,2026-04-15 09:37:00,app_open
EV-507649,U1206,2026-04-15 09:40:00,product_view
EV-507792,U1015,2026-04-15 13:10:00,app_open
EV-507793,U1015,2026-04-15 13:13:00,product_view
EV-507794,U1015,2026-04-15 13:17:00,add_to_cart
EV-507252,U1715,2026-04-15 18:47:00,app_open
EV-507253,U1715,2026-04-15 18:50:00,product_view
EV-507498,U1405,2026-04-15 22:15:00,app_open
EV-507499,U1405,2026-04-15 22:18:00,product_view
EV-504124,U1366,2026-04-15 23:17:00,app_open
EV-501381,U1126,2026-04-15 23:18:00,app_open
EV-501382,U1126,2026-04-15 23:20:00,product_view
EV-504125,U1366,2026-04-15 23:20:00,product_view
EV-501383,U1126,2026-04-15 23:22:00,product_view
EV-504126,U1366,2026-04-15 23:22:00,product_view
EV-501384,U1126,2026-04-15 23:24:00,add_to_cart
EV-501385,U1126,2026-04-15 23:26:00,checkout_start
EV-501386,U1126,2026-04-15 23:27:00,payment_success
EV-504127,U1366,2026-04-15 23:27:00,product_view
EV-504128,U1366,2026-04-15 23:31:00,add_to_cart
EV-504129,U1366,2026-04-15 23:33:00,checkout_start
EV-504113,U1364,2026-04-15 23:34:00,app_open
EV-504130,U1366,2026-04-15 23:35:00,payment_success
EV-501985,U1180,2026-04-15 23:36:00,app_open
EV-504114,U1364,2026-04-15 23:39:00,product_view
EV-505226,U1461,2026-04-15 23:39:00,app_open
EV-505287,U1469,2026-04-15 23:39:00,app_open
EV-501986,U1180,2026-04-15 23:40:00,product_view
EV-505288,U1469,2026-04-15 23:41:00,product_view
EV-505662,U1507,2026-04-15 23:41:00,app_open
EV-501987,U1180,2026-04-15 23:43:00,product_view
EV-504115,U1364,2026-04-15 23:43:00,add_to_cart
EV-505227,U1461,2026-04-15 23:43:00,product_view
EV-505289,U1469,2026-04-15 23:44:00,product_view
EV-504116,U1364,2026-04-15 23:45:00,checkout_start
EV-505663,U1507,2026-04-15 23:45:00,product_view
EV-504117,U1364,2026-04-15 23:46:00,payment_success
EV-501988,U1180,2026-04-15 23:47:00,product_view
EV-505290,U1469,2026-04-15 23:47:00,product_view
EV-505228,U1461,2026-04-15 23:48:00,product_view
EV-501989,U1180,2026-04-15 23:49:00,add_to_cart
EV-505664,U1507,2026-04-15 23:49:00,product_view
EV-503448,U1314,2026-04-15 23:50:00,app_open
EV-501990,U1180,2026-04-15 23:51:00,checkout_start
EV-505229,U1461,2026-04-15 23:51:00,product_view
EV-505291,U1469,2026-04-15 23:51:00,add_to_cart
EV-505665,U1507,2026-04-15 23:51:00,add_to_cart
EV-501991,U1180,2026-04-15 23:52:00,payment_success
EV-505230,U1461,2026-04-15 23:54:00,add_to_cart
EV-503449,U1314,2026-04-15 23:55:00,product_view
EV-505292,U1469,2026-04-15 23:55:00,checkout_start
EV-505666,U1507,2026-04-15 23:55:00,checkout_start
EV-505231,U1461,2026-04-15 23:56:00,checkout_start
EV-505293,U1469,2026-04-15 23:56:00,payment_success
EV-505667,U1507,2026-04-15 23:56:00,payment_success
EV-505232,U1461,2026-04-15 23:57:00,payment_success
EV-503450,U1314,2026-04-15 23:58:00,product_view
EV-503451,U1314,2026-04-16 00:02:00,add_to_cart
EV-503452,U1314,2026-04-16 00:05:00,checkout_start
EV-503453,U1314,2026-04-16 00:07:00,payment_success
EV-508227,U1842,2026-04-16 00:52:00,app_open
EV-508228,U1842,2026-04-16 00:55:00,product_view
EV-508427,U2382,2026-04-16 03:08:00,app_open
EV-508428,U2382,2026-04-16 03:11:00,product_view
EV-508137,U2405,2026-04-16 19:50:00,app_open
EV-508138,U2405,2026-04-16 19:53:00,product_view
EV-508139,U2405,2026-04-16 19:57:00,add_to_cart
EV-507441,U2187,2026-04-16 20:55:00,app_open
EV-507442,U2187,2026-04-16 20:58:00,product_view
EV-508665,U1895,2026-04-16 22:43:00,app_open
EV-508666,U1895,2026-04-16 22:46:00,product_view
EV-504035,U1358,2026-04-16 23:23:00,app_open
EV-504036,U1358,2026-04-16 23:26:00,product_view
EV-504037,U1358,2026-04-16 23:30:00,add_to_cart
EV-504038,U1358,2026-04-16 23:32:00,checkout_start
EV-504039,U1358,2026-04-16 23:33:00,payment_success
EV-500918,U1087,2026-04-16 23:34:00,app_open
EV-500735,U1076,2026-04-16 23:36:00,app_open
EV-500919,U1087,2026-04-16 23:37:00,product_view
EV-505683,U1509,2026-04-16 23:37:00,app_open
EV-500920,U1087,2026-04-16 23:39:00,product_view
EV-505684,U1509,2026-04-16 23:39:00,product_view
EV-500736,U1076,2026-04-16 23:40:00,product_view
EV-502466,U1218,2026-04-16 23:40:00,app_open
EV-500921,U1087,2026-04-16 23:41:00,add_to_cart
EV-505685,U1509,2026-04-16 23:41:00,product_view
EV-500737,U1076,2026-04-16 23:43:00,add_to_cart
EV-500922,U1087,2026-04-16 23:44:00,checkout_start
EV-502467,U1218,2026-04-16 23:44:00,product_view
EV-505686,U1509,2026-04-16 23:45:00,add_to_cart
EV-500738,U1076,2026-04-16 23:46:00,checkout_start
EV-500923,U1087,2026-04-16 23:46:00,payment_success
EV-501387,U1126,2026-04-16 23:46:00,app_open
EV-500739,U1076,2026-04-16 23:47:00,payment_success
EV-502468,U1218,2026-04-16 23:48:00,product_view
EV-505687,U1509,2026-04-16 23:49:00,checkout_start
EV-501388,U1126,2026-04-16 23:50:00,product_view
EV-505688,U1509,2026-04-16 23:50:00,payment_success
EV-502469,U1218,2026-04-16 23:53:00,product_view
EV-501389,U1126,2026-04-16 23:55:00,product_view
EV-502470,U1218,2026-04-16 23:57:00,add_to_cart
EV-501390,U1126,2026-04-16 23:58:00,add_to_cart
EV-502471,U1218,2026-04-16 23:59:00,checkout_start
EV-501391,U1126,2026-04-17 00:00:00,checkout_start
EV-502472,U1218,2026-04-17 00:01:00,payment_success
EV-501392,U1126,2026-04-17 00:02:00,payment_success
EV-507966,U1776,2026-04-17 00:50:00,app_open
EV-507967,U1776,2026-04-17 00:53:00,product_view
EV-507336,U1510,2026-04-17 02:18:00,app_open
EV-507337,U1510,2026-04-17 02:21:00,product_view
EV-508540,U1727,2026-04-17 02:48:00,app_open
EV-508541,U1727,2026-04-17 02:51:00,product_view
EV-508123,U2062,2026-04-17 07:12:00,app_open
EV-508124,U2062,2026-04-17 07:15:00,product_view
EV-508521,U1506,2026-04-17 18:38:00,app_open
EV-508522,U1506,2026-04-17 18:41:00,product_view
EV-508523,U1506,2026-04-17 18:45:00,add_to_cart
EV-507468,U1114,2026-04-17 21:37:00,app_open
EV-507469,U1114,2026-04-17 21:40:00,product_view
EV-507114,U1799,2026-04-17 21:42:00,app_open
EV-507115,U1799,2026-04-17 21:45:00,product_view
EV-507116,U1799,2026-04-17 21:49:00,add_to_cart
EV-500655,U1067,2026-04-17 23:16:00,app_open
EV-506764,U1608,2026-04-17 23:17:00,app_open
EV-500656,U1067,2026-04-17 23:18:00,product_view
EV-502328,U1207,2026-04-17 23:18:00,app_open
EV-502329,U1207,2026-04-17 23:21:00,product_view
EV-506765,U1608,2026-04-17 23:21:00,product_view
EV-500657,U1067,2026-04-17 23:22:00,product_view
EV-501957,U1178,2026-04-17 23:22:00,app_open
EV-502330,U1207,2026-04-17 23:23:00,product_view
EV-506766,U1608,2026-04-17 23:23:00,product_view
EV-501958,U1178,2026-04-17 23:24:00,product_view
EV-500658,U1067,2026-04-17 23:25:00,add_to_cart
EV-502331,U1207,2026-04-17 23:25:00,add_to_cart
EV-505251,U1463,2026-04-17 23:25:00,app_open
EV-501959,U1178,2026-04-17 23:26:00,add_to_cart
EV-506767,U1608,2026-04-17 23:27:00,add_to_cart
EV-502332,U1207,2026-04-17 23:28:00,checkout_start
EV-500659,U1067,2026-04-17 23:29:00,checkout_start
EV-502333,U1207,2026-04-17 23:29:00,payment_success
EV-501960,U1178,2026-04-17 23:30:00,checkout_start
EV-502228,U1204,2026-04-17 23:30:00,app_open
EV-502983,U1270,2026-04-17 23:30:00,app_open
EV-505252,U1463,2026-04-17 23:30:00,product_view
EV-501961,U1178,2026-04-17 23:31:00,payment_success
EV-506768,U1608,2026-04-17 23:31:00,checkout_start
EV-505253,U1463,2026-04-17 23:32:00,product_view
EV-506769,U1608,2026-04-17 23:32:00,payment_success
EV-500315,U1035,2026-04-17 23:33:00,app_open
EV-502984,U1270,2026-04-17 23:33:00,product_view
EV-502229,U1204,2026-04-17 23:34:00,product_view
EV-500316,U1035,2026-04-17 23:35:00,product_view
EV-505254,U1463,2026-04-17 23:35:00,add_to_cart
EV-502985,U1270,2026-04-17 23:36:00,add_to_cart
EV-502230,U1204,2026-04-17 23:37:00,add_to_cart
EV-505255,U1463,2026-04-17 23:37:00,checkout_start
EV-502986,U1270,2026-04-17 23:38:00,checkout_start
EV-505256,U1463,2026-04-17 23:38:00,payment_success
EV-500317,U1035,2026-04-17 23:39:00,product_view
EV-502231,U1204,2026-04-17 23:39:00,checkout_start
EV-502232,U1204,2026-04-17 23:40:00,payment_success
EV-502987,U1270,2026-04-17 23:40:00,payment_success
EV-500318,U1035,2026-04-17 23:43:00,add_to_cart
EV-505025,U1437,2026-04-17 23:43:00,app_open
EV-505026,U1437,2026-04-17 23:45:00,product_view
EV-500319,U1035,2026-04-17 23:46:00,checkout_start
EV-500320,U1035,2026-04-17 23:47:00,payment_success
EV-500482,U1052,2026-04-17 23:48:00,app_open
EV-505027,U1437,2026-04-17 23:48:00,product_view
EV-501121,U1102,2026-04-17 23:50:00,app_open
EV-500483,U1052,2026-04-17 23:51:00,product_view
EV-505028,U1437,2026-04-17 23:51:00,product_view
EV-501122,U1102,2026-04-17 23:52:00,product_view
EV-505029,U1437,2026-04-17 23:53:00,add_to_cart
EV-500484,U1052,2026-04-17 23:55:00,add_to_cart
EV-505030,U1437,2026-04-17 23:55:00,checkout_start
EV-505031,U1437,2026-04-17 23:56:00,payment_success
EV-501123,U1102,2026-04-17 23:57:00,product_view
EV-500485,U1052,2026-04-17 23:59:00,checkout_start
EV-500486,U1052,2026-04-18 00:00:00,payment_success
EV-501124,U1102,2026-04-18 00:00:00,product_view
EV-501125,U1102,2026-04-18 00:04:00,add_to_cart
EV-501126,U1102,2026-04-18 00:07:00,checkout_start
EV-501127,U1102,2026-04-18 00:09:00,payment_success
EV-508029,U1179,2026-04-18 00:28:00,app_open
EV-508030,U1179,2026-04-18 00:31:00,product_view
EV-508661,U1252,2026-04-18 01:32:00,app_open
EV-508662,U1252,2026-04-18 01:35:00,product_view
EV-508647,U2122,2026-04-18 06:00:00,app_open
EV-508648,U2122,2026-04-18 06:03:00,product_view
EV-508649,U2122,2026-04-18 06:07:00,add_to_cart
EV-507744,U1940,2026-04-18 15:14:00,app_open
EV-507745,U1940,2026-04-18 15:17:00,product_view
EV-507109,U1346,2026-04-18 20:21:00,app_open
EV-507110,U1346,2026-04-18 20:24:00,product_view
EV-504609,U1401,2026-04-18 23:20:00,app_open
EV-501017,U1094,2026-04-18 23:24:00,app_open
EV-504610,U1401,2026-04-18 23:24:00,product_view
EV-505853,U1535,2026-04-18 23:25:00,app_open
EV-501018,U1094,2026-04-18 23:27:00,product_view
EV-505854,U1535,2026-04-18 23:28:00,product_view
EV-504611,U1401,2026-04-18 23:29:00,product_view
EV-505437,U1482,2026-04-18 23:29:00,app_open
EV-501019,U1094,2026-04-18 23:30:00,product_view
EV-501020,U1094,2026-04-18 23:32:00,product_view
EV-505855,U1535,2026-04-18 23:32:00,product_view
EV-501491,U1134,2026-04-18 23:33:00,app_open
EV-504612,U1401,2026-04-18 23:33:00,product_view
EV-505438,U1482,2026-04-18 23:34:00,product_view
EV-500740,U1076,2026-04-18 23:35:00,app_open
EV-501021,U1094,2026-04-18 23:35:00,add_to_cart
EV-504613,U1401,2026-04-18 23:36:00,add_to_cart
EV-505439,U1482,2026-04-18 23:36:00,product_view
EV-501022,U1094,2026-04-18 23:37:00,checkout_start
EV-501492,U1134,2026-04-18 23:37:00,product_view
EV-505856,U1535,2026-04-18 23:37:00,product_view
EV-504118,U1364,2026-04-18 23:38:00,app_open
EV-504614,U1401,2026-04-18 23:38:00,checkout_start
EV-500741,U1076,2026-04-18 23:39:00,product_view
EV-501023,U1094,2026-04-18 23:39:00,payment_success
EV-504615,U1401,2026-04-18 23:39:00,payment_success
EV-504119,U1364,2026-04-18 23:40:00,product_view
EV-505440,U1482,2026-04-18 23:40:00,product_view
EV-505857,U1535,2026-04-18 23:40:00,add_to_cart
EV-500742,U1076,2026-04-18 23:41:00,product_view
EV-502359,U1211,2026-04-18 23:41:00,app_open
EV-501493,U1134,2026-04-18 23:42:00,product_view
EV-504120,U1364,2026-04-18 23:42:00,product_view
EV-505441,U1482,2026-04-18 23:42:00,add_to_cart
EV-500743,U1076,2026-04-18 23:43:00,product_view
EV-505858,U1535,2026-04-18 23:44:00,checkout_start
EV-501494,U1134,2026-04-18 23:45:00,add_to_cart
EV-502360,U1211,2026-04-18 23:45:00,product_view
EV-504121,U1364,2026-04-18 23:45:00,add_to_cart
EV-500744,U1076,2026-04-18 23:46:00,add_to_cart
EV-505442,U1482,2026-04-18 23:46:00,checkout_start
EV-505859,U1535,2026-04-18 23:46:00,payment_success
EV-501495,U1134,2026-04-18 23:47:00,checkout_start
EV-505443,U1482,2026-04-18 23:47:00,payment_success
EV-500745,U1076,2026-04-18 23:48:00,checkout_start
EV-502361,U1211,2026-04-18 23:48:00,product_view
EV-501496,U1134,2026-04-18 23:49:00,payment_success
EV-504122,U1364,2026-04-18 23:49:00,checkout_start
EV-500746,U1076,2026-04-18 23:50:00,payment_success
EV-502072,U1189,2026-04-18 23:50:00,app_open
EV-504123,U1364,2026-04-18 23:50:00,payment_success
EV-502362,U1211,2026-04-18 23:51:00,add_to_cart
EV-502073,U1189,2026-04-18 23:54:00,product_view
EV-502363,U1211,2026-04-18 23:54:00,checkout_start
EV-502364,U1211,2026-04-18 23:55:00,payment_success
EV-502074,U1189,2026-04-18 23:57:00,add_to_cart
EV-502075,U1189,2026-04-19 00:00:00,checkout_start
EV-502076,U1189,2026-04-19 00:02:00,payment_success
EV-508838,U2102,2026-04-19 04:03:00,app_open
EV-508839,U2102,2026-04-19 04:06:00,product_view
EV-508840,U2102,2026-04-19 04:10:00,add_to_cart
EV-508341,U2143,2026-04-19 06:37:00,app_open
EV-508342,U2143,2026-04-19 06:40:00,product_view
EV-508343,U2143,2026-04-19 06:44:00,add_to_cart
EV-508291,U1958,2026-04-19 07:56:00,app_open
EV-508292,U1958,2026-04-19 07:59:00,product_view
EV-508293,U1958,2026-04-19 08:03:00,add_to_cart
EV-508934,U1003,2026-04-19 15:17:00,app_open
EV-508935,U1003,2026-04-19 15:20:00,product_view
EV-505444,U1482,2026-04-19 23:16:00,app_open
EV-504012,U1355,2026-04-19 23:17:00,app_open
EV-504013,U1355,2026-04-19 23:19:00,product_view
EV-505445,U1482,2026-04-19 23:21:00,product_view
EV-505934,U1543,2026-04-19 23:21:00,app_open
EV-506539,U1595,2026-04-19 23:21:00,app_open
EV-504683,U1406,2026-04-19 23:22:00,app_open
EV-504014,U1355,2026-04-19 23:23:00,add_to_cart
EV-505446,U1482,2026-04-19 23:23:00,add_to_cart
EV-505903,U1540,2026-04-19 23:23:00,app_open
EV-506305,U1573,2026-04-19 23:23:00,app_open
EV-500660,U1067,2026-04-19 23:24:00,app_open
EV-504684,U1406,2026-04-19 23:24:00,product_view
EV-505935,U1543,2026-04-19 23:24:00,product_view
EV-503053,U1273,2026-04-19 23:25:00,app_open
EV-506540,U1595,2026-04-19 23:25:00,product_view
EV-504015,U1355,2026-04-19 23:26:00,checkout_start
EV-505447,U1482,2026-04-19 23:26:00,checkout_start
EV-505936,U1543,2026-04-19 23:26:00,add_to_cart
EV-506306,U1573,2026-04-19 23:26:00,product_view
EV-500661,U1067,2026-04-19 23:27:00,product_view
EV-504016,U1355,2026-04-19 23:27:00,payment_success
EV-504685,U1406,2026-04-19 23:27:00,product_view
EV-504751,U1412,2026-04-19 23:27:00,app_open
EV-505448,U1482,2026-04-19 23:27:00,payment_success
EV-505904,U1540,2026-04-19 23:28:00,product_view
EV-506348,U1577,2026-04-19 23:28:00,app_open
EV-503054,U1273,2026-04-19 23:29:00,product_view
EV-506541,U1595,2026-04-19 23:29:00,add_to_cart
EV-502169,U1198,2026-04-19 23:30:00,app_open
EV-504686,U1406,2026-04-19 23:30:00,product_view
EV-505937,U1543,2026-04-19 23:30:00,checkout_start
EV-506307,U1573,2026-04-19 23:30:00,add_to_cart
EV-500662,U1067,2026-04-19 23:31:00,add_to_cart
EV-504752,U1412,2026-04-19 23:31:00,product_view
EV-505905,U1540,2026-04-19 23:32:00,add_to_cart
EV-505938,U1543,2026-04-19 23:32:00,payment_success
EV-506542,U1595,2026-04-19 23:32:00,checkout_start
EV-503055,U1273,2026-04-19 23:33:00,product_view
EV-504687,U1406,2026-04-19 23:33:00,add_to_cart
EV-506308,U1573,2026-04-19 23:33:00,checkout_start
EV-506349,U1577,2026-04-19 23:33:00,product_view
EV-505906,U1540,2026-04-19 23:34:00,checkout_start
EV-506543,U1595,2026-04-19 23:34:00,payment_success
EV-500663,U1067,2026-04-19 23:35:00,checkout_start
EV-502170,U1198,2026-04-19 23:35:00,product_view
EV-503056,U1273,2026-04-19 23:35:00,add_to_cart
EV-504753,U1412,2026-04-19 23:35:00,product_view
EV-506309,U1573,2026-04-19 23:35:00,payment_success
EV-506350,U1577,2026-04-19 23:35:00,add_to_cart
EV-500664,U1067,2026-04-19 23:36:00,payment_success
EV-504688,U1406,2026-04-19 23:36:00,checkout_start
EV-505907,U1540,2026-04-19 23:36:00,payment_success
EV-503057,U1273,2026-04-19 23:37:00,checkout_start
EV-503058,U1273,2026-04-19 23:38:00,payment_success
EV-504689,U1406,2026-04-19 23:38:00,payment_success
EV-506351,U1577,2026-04-19 23:38:00,checkout_start
EV-502171,U1198,2026-04-19 23:39:00,product_view
EV-504754,U1412,2026-04-19 23:40:00,product_view
EV-506352,U1577,2026-04-19 23:40:00,payment_success
EV-500941,U1088,2026-04-19 23:41:00,app_open
EV-500942,U1088,2026-04-19 23:43:00,product_view
EV-501024,U1094,2026-04-19 23:43:00,app_open
EV-504755,U1412,2026-04-19 23:43:00,add_to_cart
EV-502172,U1198,2026-04-19 23:44:00,product_view
EV-504756,U1412,2026-04-19 23:46:00,checkout_start
EV-500943,U1088,2026-04-19 23:47:00,product_view
EV-502151,U1194,2026-04-19 23:47:00,app_open
EV-504757,U1412,2026-04-19 23:47:00,payment_success
EV-501025,U1094,2026-04-19 23:48:00,product_view
EV-502173,U1198,2026-04-19 23:48:00,add_to_cart
EV-500944,U1088,2026-04-19 23:49:00,product_view
EV-501026,U1094,2026-04-19 23:50:00,product_view
EV-502152,U1194,2026-04-19 23:50:00,product_view
EV-500945,U1088,2026-04-19 23:51:00,add_to_cart
EV-502174,U1198,2026-04-19 23:51:00,checkout_start
EV-502175,U1198,2026-04-19 23:52:00,payment_success
EV-500946,U1088,2026-04-19 23:53:00,checkout_start
EV-501027,U1094,2026-04-19 23:53:00,add_to_cart
EV-500947,U1088,2026-04-19 23:54:00,payment_success
EV-502153,U1194,2026-04-19 23:55:00,product_view
EV-501028,U1094,2026-04-19 23:56:00,checkout_start
EV-502154,U1194,2026-04-19 23:57:00,product_view
EV-501029,U1094,2026-04-19 23:58:00,payment_success
EV-502155,U1194,2026-04-20 00:01:00,add_to_cart
EV-502156,U1194,2026-04-20 00:03:00,checkout_start
EV-502157,U1194,2026-04-20 00:04:00,payment_success
EV-507357,U1448,2026-04-20 07:28:00,app_open
EV-507358,U1448,2026-04-20 07:31:00,product_view
EV-508109,U1821,2026-04-20 08:09:00,app_open
EV-508609,U2466,2026-04-20 08:09:00,app_open
EV-508110,U1821,2026-04-20 08:12:00,product_view
EV-508610,U2466,2026-04-20 08:12:00,product_view
EV-508111,U1821,2026-04-20 08:16:00,add_to_cart
EV-508033,U1054,2026-04-20 08:33:00,app_open
EV-508034,U1054,2026-04-20 08:36:00,product_view
EV-508035,U1054,2026-04-20 08:40:00,add_to_cart
EV-508808,U1920,2026-04-20 08:59:00,app_open
EV-508809,U1920,2026-04-20 09:02:00,product_view
EV-508810,U1920,2026-04-20 09:06:00,add_to_cart
EV-508714,U1577,2026-04-20 10:31:00,app_open
EV-508715,U1577,2026-04-20 10:34:00,product_view
EV-507509,U2418,2026-04-20 11:58:00,app_open
EV-507510,U2418,2026-04-20 12:01:00,product_view
EV-508855,U2169,2026-04-20 12:19:00,app_open
EV-508856,U2169,2026-04-20 12:22:00,product_view
EV-501740,U1154,2026-04-20 23:16:00,app_open
EV-506544,U1595,2026-04-20 23:16:00,app_open
EV-506545,U1595,2026-04-20 23:18:00,product_view
EV-503952,U1349,2026-04-20 23:19:00,app_open
EV-502114,U1191,2026-04-20 23:20:00,app_open
EV-501741,U1154,2026-04-20 23:21:00,product_view
EV-503879,U1343,2026-04-20 23:22:00,app_open
EV-502115,U1191,2026-04-20 23:23:00,product_view
EV-506546,U1595,2026-04-20 23:23:00,product_view
EV-501742,U1154,2026-04-20 23:24:00,product_view
EV-503953,U1349,2026-04-20 23:24:00,product_view
EV-502176,U1198,2026-04-20 23:25:00,app_open
EV-502233,U1204,2026-04-20 23:25:00,app_open
EV-503880,U1343,2026-04-20 23:26:00,product_view
EV-503954,U1349,2026-04-20 23:26:00,add_to_cart
EV-500023,U1002,2026-04-20 23:27:00,app_open
EV-501743,U1154,2026-04-20 23:27:00,add_to_cart
EV-502116,U1191,2026-04-20 23:27:00,product_view
EV-502177,U1198,2026-04-20 23:27:00,product_view
EV-502234,U1204,2026-04-20 23:27:00,product_view
EV-506547,U1595,2026-04-20 23:27:00,add_to_cart
EV-501393,U1126,2026-04-20 23:28:00,app_open
EV-500024,U1002,2026-04-20 23:29:00,product_view
EV-501694,U1150,2026-04-20 23:29:00,app_open
EV-501744,U1154,2026-04-20 23:29:00,checkout_start
EV-502117,U1191,2026-04-20 23:29:00,product_view
EV-502235,U1204,2026-04-20 23:29:00,add_to_cart
EV-503881,U1343,2026-04-20 23:29:00,product_view
EV-506548,U1595,2026-04-20 23:29:00,checkout_start
EV-501394,U1126,2026-04-20 23:30:00,product_view
EV-501745,U1154,2026-04-20 23:30:00,payment_success
EV-503955,U1349,2026-04-20 23:30:00,checkout_start
EV-500025,U1002,2026-04-20 23:31:00,product_view
EV-502178,U1198,2026-04-20 23:31:00,add_to_cart
EV-502236,U1204,2026-04-20 23:31:00,checkout_start
EV-506549,U1595,2026-04-20 23:31:00,payment_success
EV-503882,U1343,2026-04-20 23:32:00,product_view
EV-503956,U1349,2026-04-20 23:32:00,payment_success
EV-502118,U1191,2026-04-20 23:33:00,add_to_cart
EV-502179,U1198,2026-04-20 23:33:00,checkout_start
EV-501395,U1126,2026-04-20 23:34:00,product_view
EV-501695,U1150,2026-04-20 23:34:00,product_view
EV-502180,U1198,2026-04-20 23:34:00,payment_success
EV-503883,U1343,2026-04-20 23:35:00,add_to_cart
EV-506670,U1605,2026-04-20 23:35:00,app_open
EV-508779,U1605,2026-04-20 23:35:00,app_open
EV-500026,U1002,2026-04-20 23:36:00,product_view
EV-501396,U1126,2026-04-20 23:36:00,add_to_cart
EV-502119,U1191,2026-04-20 23:36:00,checkout_start
EV-501696,U1150,2026-04-20 23:37:00,add_to_cart
EV-503884,U1343,2026-04-20 23:37:00,checkout_start
EV-501397,U1126,2026-04-20 23:38:00,checkout_start
EV-502120,U1191,2026-04-20 23:38:00,payment_success
EV-502876,U1261,2026-04-20 23:38:00,app_open
EV-503885,U1343,2026-04-20 23:38:00,payment_success
EV-508780,U1605,2026-04-20 23:38:00,product_view
EV-500027,U1002,2026-04-20 23:40:00,add_to_cart
EV-501398,U1126,2026-04-20 23:40:00,payment_success
EV-501697,U1150,2026-04-20 23:40:00,checkout_start
EV-502877,U1261,2026-04-20 23:40:00,product_view
EV-506671,U1605,2026-04-20 23:40:00,product_view
EV-506092,U1554,2026-04-20 23:41:00,app_open
EV-500028,U1002,2026-04-20 23:42:00,checkout_start
EV-505130,U1445,2026-04-20 23:43:00,app_open
EV-500029,U1002,2026-04-20 23:44:00,payment_success
EV-506672,U1605,2026-04-20 23:44:00,product_view
EV-502878,U1261,2026-04-20 23:45:00,product_view
EV-506093,U1554,2026-04-20 23:45:00,product_view
EV-504720,U1408,2026-04-20 23:46:00,app_open
EV-506673,U1605,2026-04-20 23:46:00,add_to_cart
EV-505131,U1445,2026-04-20 23:48:00,product_view
EV-502879,U1261,2026-04-20 23:49:00,add_to_cart
EV-506094,U1554,2026-04-20 23:49:00,product_view
EV-506674,U1605,2026-04-20 23:49:00,checkout_start
EV-506675,U1605,2026-04-20 23:50:00,payment_success
EV-504721,U1408,2026-04-20 23:51:00,product_view
EV-505132,U1445,2026-04-20 23:51:00,product_view
EV-502880,U1261,2026-04-20 23:53:00,checkout_start
EV-502881,U1261,2026-04-20 23:54:00,payment_success
EV-506095,U1554,2026-04-20 23:54:00,product_view
EV-504722,U1408,2026-04-20 23:55:00,add_to_cart
EV-505133,U1445,2026-04-20 23:56:00,product_view
EV-504723,U1408,2026-04-20 23:57:00,checkout_start
EV-506096,U1554,2026-04-20 23:57:00,add_to_cart
EV-504724,U1408,2026-04-20 23:59:00,payment_success
EV-505134,U1445,2026-04-21 00:00:00,add_to_cart
EV-506097,U1554,2026-04-21 00:01:00,checkout_start
EV-505135,U1445,2026-04-21 00:02:00,checkout_start
EV-506098,U1554,2026-04-21 00:02:00,payment_success
EV-505136,U1445,2026-04-21 00:03:00,payment_success
EV-507931,U1174,2026-04-21 00:14:00,app_open
EV-507932,U1174,2026-04-21 00:17:00,product_view
EV-508069,U1259,2026-04-21 00:24:00,app_open
EV-508070,U1259,2026-04-21 00:27:00,product_view
EV-507552,U1389,2026-04-21 06:45:00,app_open
EV-507553,U1389,2026-04-21 06:48:00,product_view
EV-507554,U1389,2026-04-21 06:52:00,add_to_cart
EV-507733,U1360,2026-04-21 07:25:00,app_open
EV-507734,U1360,2026-04-21 07:28:00,product_view
EV-507735,U1360,2026-04-21 07:32:00,add_to_cart
EV-507120,U1521,2026-04-21 10:07:00,app_open
EV-507121,U1521,2026-04-21 10:10:00,product_view
EV-507986,U1428,2026-04-21 10:10:00,app_open
EV-507987,U1428,2026-04-21 10:13:00,product_view
EV-507577,U2279,2026-04-21 13:40:00,app_open
EV-507578,U2279,2026-04-21 13:43:00,product_view
EV-508062,U2032,2026-04-21 19:08:00,app_open
EV-508063,U2032,2026-04-21 19:11:00,product_view
EV-507214,U1730,2026-04-21 20:50:00,app_open
EV-507215,U1730,2026-04-21 20:53:00,product_view
EV-508178,U1181,2026-04-21 22:51:00,app_open
EV-508179,U1181,2026-04-21 22:54:00,product_view
EV-508180,U1181,2026-04-21 22:58:00,add_to_cart
EV-506353,U1577,2026-04-21 23:22:00,app_open
EV-506354,U1577,2026-04-21 23:24:00,product_view
EV-506355,U1577,2026-04-21 23:29:00,product_view
EV-506356,U1577,2026-04-21 23:33:00,add_to_cart
EV-504758,U1412,2026-04-21 23:34:00,app_open
EV-506357,U1577,2026-04-21 23:36:00,checkout_start
EV-506358,U1577,2026-04-21 23:37:00,payment_success
EV-504759,U1412,2026-04-21 23:39:00,product_view
EV-504760,U1412,2026-04-21 23:41:00,add_to_cart
EV-504761,U1412,2026-04-21 23:43:00,checkout_start
EV-504762,U1412,2026-04-21 23:44:00,payment_success
EV-503563,U1323,2026-04-21 23:50:00,app_open
EV-503564,U1323,2026-04-21 23:52:00,product_view
EV-503565,U1323,2026-04-21 23:55:00,add_to_cart
EV-503566,U1323,2026-04-21 23:59:00,checkout_start
EV-503567,U1323,2026-04-22 00:01:00,payment_success
EV-507829,U1702,2026-04-22 01:02:00,app_open
EV-507830,U1702,2026-04-22 01:05:00,product_view
EV-508125,U2081,2026-04-22 14:34:00,app_open
EV-508126,U2081,2026-04-22 14:37:00,product_view
EV-508127,U2081,2026-04-22 14:41:00,add_to_cart
EV-507507,U1042,2026-04-22 15:10:00,app_open
EV-507645,U2442,2026-04-22 15:11:00,app_open
EV-507508,U1042,2026-04-22 15:13:00,product_view
EV-507646,U2442,2026-04-22 15:14:00,product_view
EV-507647,U2442,2026-04-22 15:18:00,add_to_cart
EV-507307,U1133,2026-04-22 20:27:00,app_open
EV-507308,U1133,2026-04-22 20:30:00,product_view
EV-507309,U1133,2026-04-22 20:34:00,add_to_cart
EV-508395,U2492,2026-04-22 23:17:00,app_open
EV-501262,U1115,2026-04-22 23:19:00,app_open
EV-508396,U2492,2026-04-22 23:20:00,product_view
EV-501263,U1115,2026-04-22 23:24:00,product_view
EV-508397,U2492,2026-04-22 23:24:00,add_to_cart
EV-501264,U1115,2026-04-22 23:29:00,product_view
EV-501265,U1115,2026-04-22 23:31:00,product_view
EV-501698,U1150,2026-04-22 23:31:00,app_open
EV-501266,U1115,2026-04-22 23:33:00,add_to_cart
EV-502694,U1245,2026-04-22 23:34:00,app_open
EV-501699,U1150,2026-04-22 23:36:00,product_view
EV-502372,U1212,2026-04-22 23:36:00,app_open
EV-501267,U1115,2026-04-22 23:37:00,checkout_start
EV-501268,U1115,2026-04-22 23:38:00,payment_success
EV-502695,U1245,2026-04-22 23:39:00,product_view
EV-502373,U1212,2026-04-22 23:40:00,product_view
EV-501700,U1150,2026-04-22 23:41:00,product_view
EV-502696,U1245,2026-04-22 23:41:00,product_view
EV-502374,U1212,2026-04-22 23:42:00,add_to_cart
EV-502697,U1245,2026-04-22 23:43:00,product_view
EV-501701,U1150,2026-04-22 23:44:00,product_view
EV-502473,U1218,2026-04-22 23:44:00,app_open
EV-505339,U1475,2026-04-22 23:44:00,app_open
EV-501702,U1150,2026-04-22 23:46:00,add_to_cart
EV-502375,U1212,2026-04-22 23:46:00,checkout_start
EV-502474,U1218,2026-04-22 23:47:00,product_view
EV-502698,U1245,2026-04-22 23:47:00,add_to_cart
EV-505340,U1475,2026-04-22 23:47:00,product_view
EV-502376,U1212,2026-04-22 23:48:00,payment_success
EV-501703,U1150,2026-04-22 23:49:00,checkout_start
EV-502475,U1218,2026-04-22 23:49:00,add_to_cart
EV-503033,U1272,2026-04-22 23:49:00,app_open
EV-501555,U1140,2026-04-22 23:50:00,app_open
EV-505341,U1475,2026-04-22 23:50:00,add_to_cart
EV-501704,U1150,2026-04-22 23:51:00,payment_success
EV-502699,U1245,2026-04-22 23:51:00,checkout_start
EV-503034,U1272,2026-04-22 23:51:00,product_view
EV-501556,U1140,2026-04-22 23:52:00,product_view
EV-502476,U1218,2026-04-22 23:52:00,checkout_start
EV-502477,U1218,2026-04-22 23:54:00,payment_success
EV-505342,U1475,2026-04-22 23:54:00,checkout_start
EV-503035,U1272,2026-04-22 23:55:00,product_view
EV-505343,U1475,2026-04-22 23:56:00,payment_success
EV-501557,U1140,2026-04-22 23:57:00,product_view
EV-501558,U1140,2026-04-22 23:59:00,add_to_cart
EV-503036,U1272,2026-04-22 23:59:00,product_view
EV-503037,U1272,2026-04-23 00:01:00,add_to_cart
EV-501559,U1140,2026-04-23 00:02:00,checkout_start
EV-503038,U1272,2026-04-23 00:04:00,checkout_start
EV-503039,U1272,2026-04-23 00:05:00,payment_success
EV-507795,U2082,2026-04-23 00:47:00,app_open
EV-507796,U2082,2026-04-23 00:50:00,product_view
EV-507797,U2082,2026-04-23 00:54:00,add_to_cart
EV-508833,U2087,2026-04-23 01:18:00,app_open
EV-508834,U2087,2026-04-23 01:21:00,product_view
EV-508835,U2087,2026-04-23 01:25:00,add_to_cart
EV-507824,U2347,2026-04-23 03:43:00,app_open
EV-507825,U2347,2026-04-23 03:46:00,product_view
EV-507826,U2347,2026-04-23 03:50:00,add_to_cart
EV-507347,U1029,2026-04-23 05:34:00,app_open
EV-507348,U1029,2026-04-23 05:37:00,product_view
EV-508221,U1293,2026-04-23 07:37:00,app_open
EV-508222,U1293,2026-04-23 07:40:00,product_view
EV-508451,U1806,2026-04-23 10:54:00,app_open
EV-508452,U1806,2026-04-23 10:57:00,product_view
EV-507197,U1818,2026-04-23 17:40:00,app_open
EV-507198,U1818,2026-04-23 17:43:00,product_view
EV-507303,U1931,2026-04-23 18:33:00,app_open
EV-507304,U1931,2026-04-23 18:36:00,product_view
EV-507575,U1198,2026-04-23 19:54:00,app_open
EV-507576,U1198,2026-04-23 19:57:00,product_view
EV-508592,U1695,2026-04-23 21:43:00,app_open
EV-508593,U1695,2026-04-23 21:46:00,product_view
EV-508002,U1384,2026-04-23 21:56:00,app_open
EV-508003,U1384,2026-04-23 21:59:00,product_view
EV-507716,U2203,2026-04-23 22:23:00,app_open
EV-507717,U2203,2026-04-23 22:26:00,product_view
EV-507775,U2130,2026-04-23 23:21:00,app_open
EV-506995,U1623,2026-04-23 23:22:00,app_open
EV-505836,U1532,2026-04-23 23:24:00,app_open
EV-507776,U2130,2026-04-23 23:24:00,product_view
EV-506996,U1623,2026-04-23 23:26:00,product_view
EV-505837,U1532,2026-04-23 23:27:00,product_view
EV-506997,U1623,2026-04-23 23:29:00,add_to_cart
EV-505838,U1532,2026-04-23 23:32:00,product_view
EV-506998,U1623,2026-04-23 23:33:00,checkout_start
EV-501746,U1154,2026-04-23 23:34:00,app_open
EV-505939,U1543,2026-04-23 23:34:00,app_open
EV-501747,U1154,2026-04-23 23:36:00,product_view
EV-504690,U1406,2026-04-23 23:36:00,app_open
EV-505839,U1532,2026-04-23 23:36:00,add_to_cart
EV-505940,U1543,2026-04-23 23:36:00,product_view
EV-504691,U1406,2026-04-23 23:38:00,product_view
EV-505840,U1532,2026-04-23 23:38:00,checkout_start
EV-501748,U1154,2026-04-23 23:40:00,product_view
EV-505841,U1532,2026-04-23 23:40:00,payment_success
EV-504616,U1401,2026-04-23 23:41:00,app_open
EV-504692,U1406,2026-04-23 23:41:00,product_view
EV-505373,U1478,2026-04-23 23:41:00,app_open
EV-505534,U1487,2026-04-23 23:41:00,app_open
EV-505941,U1543,2026-04-23 23:41:00,product_view
EV-501749,U1154,2026-04-23 23:44:00,add_to_cart
EV-504617,U1401,2026-04-23 23:45:00,product_view
EV-504693,U1406,2026-04-23 23:45:00,product_view
EV-505535,U1487,2026-04-23 23:45:00,product_view
EV-505942,U1543,2026-04-23 23:45:00,product_view
EV-501750,U1154,2026-04-23 23:46:00,checkout_start
EV-505374,U1478,2026-04-23 23:46:00,product_view
EV-501751,U1154,2026-04-23 23:47:00,payment_success
EV-504880,U1423,2026-04-23 23:48:00,app_open
EV-505536,U1487,2026-04-23 23:48:00,add_to_cart
EV-505943,U1543,2026-04-23 23:48:00,add_to_cart
EV-503669,U1331,2026-04-23 23:49:00,app_open
EV-504618,U1401,2026-04-23 23:49:00,add_to_cart
EV-504694,U1406,2026-04-23 23:49:00,add_to_cart
EV-505375,U1478,2026-04-23 23:49:00,product_view
EV-504695,U1406,2026-04-23 23:51:00,checkout_start
EV-504881,U1423,2026-04-23 23:51:00,product_view
EV-505376,U1478,2026-04-23 23:51:00,add_to_cart
EV-505944,U1543,2026-04-23 23:51:00,checkout_start
EV-503670,U1331,2026-04-23 23:52:00,product_view
EV-505537,U1487,2026-04-23 23:52:00,checkout_start
EV-505945,U1543,2026-04-23 23:52:00,payment_success
EV-504619,U1401,2026-04-23 23:53:00,checkout_start
EV-504696,U1406,2026-04-23 23:53:00,payment_success
EV-505538,U1487,2026-04-23 23:53:00,payment_success
EV-503671,U1331,2026-04-23 23:55:00,product_view
EV-505377,U1478,2026-04-23 23:55:00,checkout_start
EV-504882,U1423,2026-04-23 23:56:00,product_view
EV-505378,U1478,2026-04-23 23:57:00,payment_success
EV-504883,U1423,2026-04-23 23:58:00,product_view
EV-503672,U1331,2026-04-23 23:59:00,add_to_cart
EV-503673,U1331,2026-04-24 00:02:00,checkout_start
EV-504884,U1423,2026-04-24 00:02:00,add_to_cart
EV-504885,U1423,2026-04-24 00:05:00,checkout_start
EV-504886,U1423,2026-04-24 00:07:00,payment_success
EV-508031,U2349,2026-04-24 12:17:00,app_open
EV-508032,U2349,2026-04-24 12:20:00,product_view
EV-508483,U1409,2026-04-24 16:51:00,app_open
EV-508484,U1409,2026-04-24 16:54:00,product_view
EV-508040,U2296,2026-04-24 17:49:00,app_open
EV-508041,U2296,2026-04-24 17:52:00,product_view
EV-507342,U2092,2026-04-24 19:35:00,app_open
EV-507343,U2092,2026-04-24 19:38:00,product_view
EV-507430,U1192,2026-04-24 19:45:00,app_open
EV-507431,U1192,2026-04-24 19:48:00,product_view
EV-507432,U1192,2026-04-24 19:52:00,add_to_cart
EV-502181,U1198,2026-04-24 23:17:00,app_open
EV-505842,U1532,2026-04-24 23:21:00,app_open
EV-502182,U1198,2026-04-24 23:22:00,product_view
EV-502183,U1198,2026-04-24 23:24:00,product_view
EV-505843,U1532,2026-04-24 23:25:00,product_view
EV-500030,U1002,2026-04-24 23:26:00,app_open
EV-502184,U1198,2026-04-24 23:26:00,product_view
EV-505844,U1532,2026-04-24 23:27:00,add_to_cart
EV-502185,U1198,2026-04-24 23:28:00,add_to_cart
EV-500031,U1002,2026-04-24 23:29:00,product_view
EV-505845,U1532,2026-04-24 23:31:00,checkout_start
EV-500032,U1002,2026-04-24 23:32:00,add_to_cart
EV-502186,U1198,2026-04-24 23:32:00,checkout_start
EV-505379,U1478,2026-04-24 23:32:00,app_open
EV-505846,U1532,2026-04-24 23:32:00,payment_success
EV-502187,U1198,2026-04-24 23:34:00,payment_success
EV-500033,U1002,2026-04-24 23:35:00,checkout_start
EV-501763,U1157,2026-04-24 23:35:00,app_open
EV-500034,U1002,2026-04-24 23:36:00,payment_success
EV-505380,U1478,2026-04-24 23:36:00,product_view
EV-501764,U1157,2026-04-24 23:40:00,product_view
EV-505381,U1478,2026-04-24 23:41:00,product_view
EV-501765,U1157,2026-04-24 23:44:00,product_view
EV-504735,U1411,2026-04-24 23:46:00,app_open
EV-505382,U1478,2026-04-24 23:46:00,product_view
EV-505449,U1482,2026-04-24 23:46:00,app_open
EV-505383,U1478,2026-04-24 23:48:00,add_to_cart
EV-501766,U1157,2026-04-24 23:49:00,product_view
EV-502700,U1245,2026-04-24 23:50:00,app_open
EV-504736,U1411,2026-04-24 23:50:00,product_view
EV-505384,U1478,2026-04-24 23:50:00,checkout_start
EV-505450,U1482,2026-04-24 23:51:00,product_view
EV-504737,U1411,2026-04-24 23:52:00,add_to_cart
EV-505385,U1478,2026-04-24 23:52:00,payment_success
EV-501767,U1157,2026-04-24 23:53:00,add_to_cart
EV-505451,U1482,2026-04-24 23:53:00,add_to_cart
EV-502701,U1245,2026-04-24 23:55:00,product_view
EV-501768,U1157,2026-04-24 23:56:00,checkout_start
EV-504738,U1411,2026-04-24 23:56:00,checkout_start
EV-505452,U1482,2026-04-24 23:56:00,checkout_start
EV-502702,U1245,2026-04-24 23:57:00,product_view
EV-504739,U1411,2026-04-24 23:58:00,payment_success
EV-505453,U1482,2026-04-24 23:58:00,payment_success
EV-502703,U1245,2026-04-25 00:02:00,product_view
EV-502704,U1245,2026-04-25 00:04:00,add_to_cart
EV-502705,U1245,2026-04-25 00:06:00,checkout_start
EV-502706,U1245,2026-04-25 00:07:00,payment_success
EV-508777,U2261,2026-04-25 00:25:00,app_open
EV-508778,U2261,2026-04-25 00:28:00,product_view
EV-507632,U1176,2026-04-25 00:31:00,app_open
EV-507633,U1176,2026-04-25 00:34:00,product_view
EV-507634,U1176,2026-04-25 00:38:00,add_to_cart
EV-507953,U1935,2026-04-25 01:25:00,app_open
EV-507954,U1935,2026-04-25 01:28:00,product_view
EV-507955,U1935,2026-04-25 01:32:00,add_to_cart
EV-507587,U1078,2026-04-25 08:20:00,app_open
EV-507588,U1078,2026-04-25 08:23:00,product_view
EV-508939,U2230,2026-04-25 16:25:00,app_open
EV-508940,U2230,2026-04-25 16:28:00,product_view
EV-508275,U2303,2026-04-25 19:51:00,app_open
EV-508276,U2303,2026-04-25 19:54:00,product_view
EV-507526,U2345,2026-04-25 20:37:00,app_open
EV-507527,U2345,2026-04-25 20:40:00,product_view
EV-500321,U1035,2026-04-25 23:21:00,app_open
EV-504620,U1402,2026-04-25 23:21:00,app_open
EV-506861,U1619,2026-04-25 23:21:00,app_open
EV-506999,U1623,2026-04-25 23:24:00,app_open
EV-500322,U1035,2026-04-25 23:25:00,product_view
EV-504621,U1402,2026-04-25 23:26:00,product_view
EV-506862,U1619,2026-04-25 23:26:00,product_view
EV-500323,U1035,2026-04-25 23:27:00,add_to_cart
EV-500324,U1035,2026-04-25 23:29:00,checkout_start
EV-504622,U1402,2026-04-25 23:29:00,add_to_cart
EV-507000,U1623,2026-04-25 23:29:00,product_view
EV-506863,U1619,2026-04-25 23:30:00,product_view
EV-504623,U1402,2026-04-25 23:31:00,checkout_start
EV-504624,U1402,2026-04-25 23:32:00,payment_success
EV-503256,U1287,2026-04-25 23:33:00,app_open
EV-506864,U1619,2026-04-25 23:33:00,product_view
EV-507001,U1623,2026-04-25 23:33:00,add_to_cart
EV-502334,U1207,2026-04-25 23:35:00,app_open
EV-503257,U1287,2026-04-25 23:36:00,product_view
EV-507002,U1623,2026-04-25 23:36:00,checkout_start
EV-506865,U1619,2026-04-25 23:37:00,add_to_cart
EV-507003,U1623,2026-04-25 23:37:00,payment_success
EV-500747,U1076,2026-04-25 23:39:00,app_open
EV-502335,U1207,2026-04-25 23:40:00,product_view
EV-503258,U1287,2026-04-25 23:40:00,product_view
EV-500748,U1076,2026-04-25 23:41:00,product_view
EV-506866,U1619,2026-04-25 23:41:00,checkout_start
EV-500948,U1088,2026-04-25 23:42:00,app_open
EV-503259,U1287,2026-04-25 23:43:00,add_to_cart
EV-500749,U1076,2026-04-25 23:44:00,product_view
EV-502336,U1207,2026-04-25 23:44:00,product_view
EV-503260,U1287,2026-04-25 23:45:00,checkout_start
EV-500750,U1076,2026-04-25 23:46:00,product_view
EV-505614,U1500,2026-04-25 23:46:00,app_open
EV-500949,U1088,2026-04-25 23:47:00,product_view
EV-503261,U1287,2026-04-25 23:47:00,payment_success
EV-500990,U1092,2026-04-25 23:48:00,app_open
EV-502337,U1207,2026-04-25 23:48:00,add_to_cart
EV-500751,U1076,2026-04-25 23:50:00,add_to_cart
EV-500991,U1092,2026-04-25 23:50:00,product_view
EV-502338,U1207,2026-04-25 23:50:00,checkout_start
EV-502339,U1207,2026-04-25 23:51:00,payment_success
EV-505615,U1500,2026-04-25 23:51:00,product_view
EV-500752,U1076,2026-04-25 23:52:00,checkout_start
EV-500950,U1088,2026-04-25 23:52:00,product_view
EV-500753,U1076,2026-04-25 23:53:00,payment_success
EV-500951,U1088,2026-04-25 23:54:00,add_to_cart
EV-500992,U1092,2026-04-25 23:54:00,product_view
EV-505616,U1500,2026-04-25 23:54:00,add_to_cart
EV-500952,U1088,2026-04-25 23:57:00,checkout_start
EV-500953,U1088,2026-04-25 23:58:00,payment_success
EV-500993,U1092,2026-04-25 23:58:00,add_to_cart
EV-505617,U1500,2026-04-25 23:58:00,checkout_start
EV-500994,U1092,2026-04-26 00:00:00,checkout_start
EV-505618,U1500,2026-04-26 00:00:00,payment_success
EV-500995,U1092,2026-04-26 00:02:00,payment_success
EV-508773,U1488,2026-04-26 00:56:00,app_open
EV-508774,U1488,2026-04-26 00:59:00,product_view
EV-507672,U1836,2026-04-26 04:23:00,app_open
EV-507673,U1836,2026-04-26 04:26:00,product_view
EV-507082,U1434,2026-04-26 07:29:00,app_open
EV-507083,U1434,2026-04-26 07:32:00,product_view
EV-508799,U1217,2026-04-26 12:28:00,app_open
EV-508800,U1217,2026-04-26 12:31:00,product_view
EV-508565,U1132,2026-04-26 14:08:00,app_open
EV-508566,U1132,2026-04-26 14:11:00,product_view
EV-507912,U2098,2026-04-26 15:19:00,app_open
EV-507913,U2098,2026-04-26 15:22:00,product_view
EV-508768,U2209,2026-04-26 17:41:00,app_open
EV-508769,U2209,2026-04-26 17:44:00,product_view
EV-508679,U1487,2026-04-26 21:02:00,app_open
EV-508680,U1487,2026-04-26 21:05:00,product_view
EV-505619,U1500,2026-04-26 23:22:00,app_open
EV-505689,U1509,2026-04-26 23:24:00,app_open
EV-505620,U1500,2026-04-26 23:25:00,product_view
EV-506799,U1612,2026-04-26 23:26:00,app_open
EV-505690,U1509,2026-04-26 23:27:00,product_view
EV-505621,U1500,2026-04-26 23:28:00,product_view
EV-506800,U1612,2026-04-26 23:30:00,product_view
EV-505137,U1445,2026-04-26 23:31:00,app_open
EV-505622,U1500,2026-04-26 23:31:00,add_to_cart
EV-505691,U1509,2026-04-26 23:32:00,product_view
EV-506801,U1612,2026-04-26 23:32:00,product_view
EV-505138,U1445,2026-04-26 23:34:00,product_view
EV-506802,U1612,2026-04-26 23:34:00,add_to_cart
EV-505623,U1500,2026-04-26 23:35:00,checkout_start
EV-505692,U1509,2026-04-26 23:35:00,product_view
EV-505624,U1500,2026-04-26 23:36:00,payment_success
EV-505693,U1509,2026-04-26 23:38:00,add_to_cart
EV-506803,U1612,2026-04-26 23:38:00,checkout_start
EV-505139,U1445,2026-04-26 23:39:00,product_view
EV-506804,U1612,2026-04-26 23:39:00,payment_success
EV-505140,U1445,2026-04-26 23:41:00,add_to_cart
EV-505694,U1509,2026-04-26 23:42:00,checkout_start
EV-505695,U1509,2026-04-26 23:44:00,payment_success
EV-505141,U1445,2026-04-26 23:45:00,checkout_start
EV-503040,U1272,2026-04-26 23:46:00,app_open
EV-500954,U1088,2026-04-26 23:47:00,app_open
EV-505142,U1445,2026-04-26 23:47:00,payment_success
EV-500955,U1088,2026-04-26 23:51:00,product_view
EV-503041,U1272,2026-04-26 23:51:00,product_view
EV-500956,U1088,2026-04-26 23:55:00,product_view
EV-503042,U1272,2026-04-26 23:55:00,product_view
EV-503043,U1272,2026-04-26 23:57:00,product_view
EV-500957,U1088,2026-04-26 23:58:00,add_to_cart
EV-500958,U1088,2026-04-27 00:00:00,checkout_start
EV-503044,U1272,2026-04-27 00:01:00,add_to_cart
EV-500959,U1088,2026-04-27 00:02:00,payment_success
EV-503045,U1272,2026-04-27 00:03:00,checkout_start
EV-503046,U1272,2026-04-27 00:05:00,payment_success
EV-507917,U1401,2026-04-27 01:42:00,app_open
EV-507918,U1401,2026-04-27 01:45:00,product_view
EV-507919,U1401,2026-04-27 01:49:00,add_to_cart
EV-508400,U1106,2026-04-27 04:56:00,app_open
EV-508401,U1106,2026-04-27 04:59:00,product_view
EV-508140,U2342,2026-04-27 11:36:00,app_open
EV-508141,U2342,2026-04-27 11:39:00,product_view
EV-508142,U2342,2026-04-27 11:43:00,add_to_cart
EV-507531,U1284,2026-04-27 12:44:00,app_open
EV-507532,U1284,2026-04-27 12:47:00,product_view
EV-507700,U1692,2026-04-28 05:51:00,app_open
EV-507701,U1692,2026-04-28 05:54:00,product_view
EV-508504,U2401,2026-04-28 06:32:00,app_open
EV-508505,U2401,2026-04-28 06:35:00,product_view
EV-508884,U2487,2026-04-28 09:41:00,app_open
EV-508885,U2487,2026-04-28 09:44:00,product_view
EV-508886,U2487,2026-04-28 09:48:00,add_to_cart
EV-508391,U1267,2026-04-28 11:06:00,app_open
EV-508392,U1267,2026-04-28 11:09:00,product_view
EV-508071,U1422,2026-04-28 13:11:00,app_open
EV-508072,U1422,2026-04-28 13:14:00,product_view
EV-508105,U1639,2026-04-28 13:37:00,app_open
EV-508106,U1639,2026-04-28 13:40:00,product_view
EV-507130,U2222,2026-04-28 19:37:00,app_open
EV-507131,U2222,2026-04-28 19:40:00,product_view
EV-507132,U2222,2026-04-28 19:44:00,add_to_cart
EV-505668,U1508,2026-04-28 23:18:00,app_open
EV-505641,U1503,2026-04-28 23:23:00,app_open
EV-505669,U1508,2026-04-28 23:23:00,product_view
EV-505670,U1508,2026-04-28 23:26:00,add_to_cart
EV-505642,U1503,2026-04-28 23:27:00,product_view
EV-505671,U1508,2026-04-28 23:29:00,checkout_start
EV-505643,U1503,2026-04-28 23:32:00,product_view
EV-505644,U1503,2026-04-28 23:35:00,add_to_cart
EV-505645,U1503,2026-04-28 23:37:00,checkout_start
EV-505646,U1503,2026-04-28 23:39:00,payment_success
EV-501962,U1178,2026-04-28 23:44:00,app_open
EV-503230,U1286,2026-04-28 23:45:00,app_open
EV-503231,U1286,2026-04-28 23:48:00,product_view
EV-503568,U1324,2026-04-28 23:48:00,app_open
EV-501963,U1178,2026-04-28 23:49:00,product_view
EV-503232,U1286,2026-04-28 23:50:00,product_view
EV-501964,U1178,2026-04-28 23:52:00,product_view
EV-503569,U1324,2026-04-28 23:52:00,product_view
EV-503233,U1286,2026-04-28 23:53:00,product_view
EV-501965,U1178,2026-04-28 23:54:00,add_to_cart
EV-503570,U1324,2026-04-28 23:54:00,add_to_cart
EV-503234,U1286,2026-04-28 23:55:00,add_to_cart
EV-501966,U1178,2026-04-28 23:56:00,checkout_start
EV-501967,U1178,2026-04-28 23:57:00,payment_success
EV-503571,U1324,2026-04-28 23:58:00,checkout_start
EV-503235,U1286,2026-04-28 23:59:00,checkout_start
EV-503572,U1324,2026-04-28 23:59:00,payment_success
EV-503236,U1286,2026-04-29 00:00:00,payment_success
EV-508277,U1483,2026-04-29 04:39:00,app_open
EV-508278,U1483,2026-04-29 04:42:00,product_view
EV-508279,U1483,2026-04-29 04:46:00,add_to_cart
EV-507203,U1714,2026-04-29 07:51:00,app_open
EV-507204,U1714,2026-04-29 07:54:00,product_view
EV-507205,U1714,2026-04-29 07:58:00,add_to_cart
EV-507340,U1804,2026-04-29 10:29:00,app_open
EV-507341,U1804,2026-04-29 10:32:00,product_view
EV-507489,U2267,2026-04-29 11:47:00,app_open
EV-507490,U2267,2026-04-29 11:50:00,product_view
EV-507491,U2267,2026-04-29 11:54:00,add_to_cart
EV-508744,U1572,2026-04-29 13:49:00,app_open
EV-508745,U1572,2026-04-29 13:52:00,product_view
EV-508746,U1572,2026-04-29 13:56:00,add_to_cart
EV-507164,U1204,2026-04-29 16:30:00,app_open
EV-507165,U1204,2026-04-29 16:33:00,product_view
EV-507166,U1204,2026-04-29 16:37:00,add_to_cart
EV-507637,U1069,2026-04-29 18:14:00,app_open
EV-507638,U1069,2026-04-29 18:17:00,product_view
EV-507093,U1089,2026-04-29 18:18:00,app_open
EV-507094,U1089,2026-04-29 18:21:00,product_view
EV-507639,U1069,2026-04-29 18:21:00,add_to_cart
EV-507291,U1659,2026-04-29 21:59:00,app_open
EV-507292,U1659,2026-04-29 22:02:00,product_view
EV-506316,U1575,2026-04-29 23:24:00,app_open
EV-504131,U1366,2026-04-29 23:25:00,app_open
EV-505738,U1518,2026-04-29 23:26:00,app_open
EV-506957,U1622,2026-04-29 23:26:00,app_open
EV-506317,U1575,2026-04-29 23:28:00,product_view
EV-501560,U1140,2026-04-29 23:29:00,app_open
EV-504132,U1366,2026-04-29 23:29:00,product_view
EV-506958,U1622,2026-04-29 23:29:00,product_view
EV-505739,U1518,2026-04-29 23:30:00,product_view
EV-506318,U1575,2026-04-29 23:30:00,product_view
EV-504133,U1366,2026-04-29 23:32:00,product_view
EV-506319,U1575,2026-04-29 23:32:00,add_to_cart
EV-506959,U1622,2026-04-29 23:32:00,product_view
EV-501561,U1140,2026-04-29 23:34:00,product_view
EV-504574,U1396,2026-04-29 23:34:00,app_open
EV-505740,U1518,2026-04-29 23:35:00,product_view
EV-506320,U1575,2026-04-29 23:35:00,checkout_start
EV-506960,U1622,2026-04-29 23:35:00,product_view
EV-504134,U1366,2026-04-29 23:36:00,add_to_cart
EV-506321,U1575,2026-04-29 23:36:00,payment_success
EV-501562,U1140,2026-04-29 23:37:00,add_to_cart
EV-506961,U1622,2026-04-29 23:37:00,add_to_cart
EV-504575,U1396,2026-04-29 23:39:00,product_view
EV-506962,U1622,2026-04-29 23:39:00,checkout_start
EV-504135,U1366,2026-04-29 23:40:00,checkout_start
EV-505741,U1518,2026-04-29 23:40:00,product_view
EV-506963,U1622,2026-04-29 23:40:00,payment_success
EV-500442,U1044,2026-04-29 23:41:00,app_open
EV-501563,U1140,2026-04-29 23:41:00,checkout_start
EV-505742,U1518,2026-04-29 23:42:00,add_to_cart
EV-501564,U1140,2026-04-29 23:43:00,payment_success
EV-504576,U1396,2026-04-29 23:43:00,add_to_cart
EV-505703,U1510,2026-04-29 23:43:00,app_open
EV-500443,U1044,2026-04-29 23:44:00,product_view
EV-504577,U1396,2026-04-29 23:45:00,checkout_start
EV-505704,U1510,2026-04-29 23:45:00,product_view
EV-505743,U1518,2026-04-29 23:45:00,checkout_start
EV-504578,U1396,2026-04-29 23:46:00,payment_success
EV-505744,U1518,2026-04-29 23:47:00,payment_success
EV-500444,U1044,2026-04-29 23:48:00,product_view
EV-505705,U1510,2026-04-29 23:50:00,product_view
EV-500445,U1044,2026-04-29 23:53:00,product_view
EV-505706,U1510,2026-04-29 23:53:00,product_view
EV-500446,U1044,2026-04-29 23:55:00,add_to_cart
EV-505707,U1510,2026-04-29 23:56:00,add_to_cart
EV-500447,U1044,2026-04-29 23:57:00,checkout_start
EV-500448,U1044,2026-04-29 23:59:00,payment_success
EV-505708,U1510,2026-04-30 00:00:00,checkout_start
EV-505709,U1510,2026-04-30 00:02:00,payment_success
EV-507687,U1857,2026-04-30 00:04:00,app_open
EV-507688,U1857,2026-04-30 00:07:00,product_view
EV-508019,U1535,2026-04-30 08:18:00,app_open
EV-508020,U1535,2026-04-30 08:21:00,product_view
EV-508021,U1535,2026-04-30 08:25:00,add_to_cart
EV-507380,U2466,2026-04-30 09:40:00,app_open
EV-507381,U2466,2026-04-30 09:43:00,product_view
EV-507162,U1359,2026-04-30 16:22:00,app_open
EV-507163,U1359,2026-04-30 16:25:00,product_view
EV-507718,U1022,2026-04-30 16:56:00,app_open
EV-507719,U1022,2026-04-30 16:59:00,product_view
EV-507720,U1022,2026-04-30 17:03:00,add_to_cart
EV-508925,U1082,2026-04-30 17:09:00,app_open
EV-508926,U1082,2026-04-30 17:12:00,product_view
EV-507872,U1844,2026-04-30 21:45:00,app_open
EV-507873,U1844,2026-04-30 21:48:00,product_view
EV-508296,U2048,2026-04-30 23:16:00,app_open
EV-508297,U2048,2026-04-30 23:19:00,product_view
EV-508298,U2048,2026-04-30 23:23:00,add_to_cart
EV-506322,U1575,2026-04-30 23:42:00,app_open
EV-506323,U1575,2026-04-30 23:47:00,product_view
EV-505824,U1530,2026-04-30 23:48:00,app_open
EV-506867,U1619,2026-04-30 23:49:00,app_open
EV-502491,U1219,2026-04-30 23:50:00,app_open
EV-506324,U1575,2026-04-30 23:50:00,product_view
EV-506868,U1619,2026-04-30 23:51:00,product_view
EV-505825,U1530,2026-04-30 23:53:00,product_view
EV-502492,U1219,2026-04-30 23:54:00,product_view
EV-506325,U1575,2026-04-30 23:54:00,product_view
EV-506869,U1619,2026-04-30 23:54:00,add_to_cart
EV-505826,U1530,2026-04-30 23:56:00,product_view
EV-506326,U1575,2026-04-30 23:56:00,add_to_cart
EV-506870,U1619,2026-04-30 23:56:00,checkout_start
EV-502493,U1219,2026-04-30 23:58:00,product_view
EV-506327,U1575,2026-04-30 23:58:00,checkout_start
EV-506871,U1619,2026-04-30 23:58:00,payment_success
EV-505827,U1530,2026-04-30 23:59:00,product_view
EV-506328,U1575,2026-04-30 23:59:00,payment_success
EV-502494,U1219,2026-05-01 00:02:00,add_to_cart
EV-505828,U1530,2026-05-01 00:02:00,add_to_cart
EV-505829,U1530,2026-05-01 00:04:00,checkout_start
EV-502495,U1219,2026-05-01 00:05:00,checkout_start
EV-505830,U1530,2026-05-01 00:06:00,payment_success
EV-502496,U1219,2026-05-01 00:07:00,payment_success
EV-500035,U1002,2026-05-01 23:24:00,app_open
EV-500036,U1002,2026-05-01 23:29:00,product_view
EV-500037,U1002,2026-05-01 23:33:00,product_view
EV-500038,U1002,2026-05-01 23:36:00,product_view
EV-500039,U1002,2026-05-01 23:40:00,add_to_cart
EV-500040,U1002,2026-05-01 23:44:00,checkout_start
EV-506099,U1554,2026-05-01 23:45:00,app_open
EV-500041,U1002,2026-05-01 23:46:00,payment_success
EV-501143,U1103,2026-05-01 23:46:00,app_open
EV-506100,U1554,2026-05-01 23:49:00,product_view
EV-501144,U1103,2026-05-01 23:51:00,product_view
EV-501145,U1103,2026-05-01 23:53:00,add_to_cart
EV-506101,U1554,2026-05-01 23:54:00,product_view
EV-501146,U1103,2026-05-01 23:55:00,checkout_start
EV-501147,U1103,2026-05-01 23:57:00,payment_success
EV-506102,U1554,2026-05-01 23:58:00,add_to_cart
EV-506103,U1554,2026-05-02 00:01:00,checkout_start
EV-506104,U1554,2026-05-02 00:03:00,payment_success
EV-502077,U1189,2026-05-02 23:22:00,app_open
EV-503957,U1349,2026-05-02 23:23:00,app_open
EV-502078,U1189,2026-05-02 23:24:00,product_view
EV-502478,U1218,2026-05-02 23:24:00,app_open
EV-502079,U1189,2026-05-02 23:27:00,product_view
EV-503958,U1349,2026-05-02 23:27:00,product_view
EV-502479,U1218,2026-05-02 23:29:00,product_view
EV-502080,U1189,2026-05-02 23:31:00,product_view
EV-503959,U1349,2026-05-02 23:31:00,product_view
EV-502480,U1218,2026-05-02 23:32:00,product_view
EV-503960,U1349,2026-05-02 23:33:00,add_to_cart
EV-502081,U1189,2026-05-02 23:35:00,add_to_cart
EV-502481,U1218,2026-05-02 23:36:00,add_to_cart
EV-503961,U1349,2026-05-02 23:37:00,checkout_start
EV-502082,U1189,2026-05-02 23:38:00,checkout_start
EV-502482,U1218,2026-05-02 23:38:00,checkout_start
EV-502083,U1189,2026-05-02 23:40:00,payment_success
EV-502483,U1218,2026-05-02 23:40:00,payment_success
EV-504740,U1411,2026-05-02 23:50:00,app_open
EV-504741,U1411,2026-05-02 23:55:00,product_view
EV-504742,U1411,2026-05-02 23:59:00,add_to_cart
EV-504743,U1411,2026-05-03 00:02:00,checkout_start
EV-504744,U1411,2026-05-03 00:04:00,payment_success
EV-507004,U1623,2026-05-03 23:30:00,app_open
EV-507005,U1623,2026-05-03 23:32:00,product_view
EV-507006,U1623,2026-05-03 23:35:00,add_to_cart
EV-507007,U1623,2026-05-03 23:39:00,checkout_start
EV-507008,U1623,2026-05-03 23:41:00,payment_success
EV-506964,U1622,2026-05-04 23:16:00,app_open
EV-506965,U1622,2026-05-04 23:20:00,product_view
EV-506034,U1551,2026-05-04 23:21:00,app_open
EV-506966,U1622,2026-05-04 23:23:00,add_to_cart
EV-506035,U1551,2026-05-04 23:26:00,product_view
EV-506967,U1622,2026-05-04 23:26:00,checkout_start
EV-506968,U1622,2026-05-04 23:28:00,payment_success
EV-506036,U1551,2026-05-04 23:30:00,add_to_cart
EV-506550,U1595,2026-05-04 23:32:00,app_open
EV-506037,U1551,2026-05-04 23:34:00,checkout_start
EV-506038,U1551,2026-05-04 23:36:00,payment_success
EV-506551,U1595,2026-05-04 23:36:00,product_view
EV-506552,U1595,2026-05-04 23:40:00,product_view
EV-500924,U1087,2026-05-04 23:43:00,app_open
EV-506553,U1595,2026-05-04 23:43:00,add_to_cart
EV-500925,U1087,2026-05-04 23:45:00,product_view
EV-501769,U1157,2026-05-04 23:45:00,app_open
EV-506329,U1575,2026-05-04 23:45:00,app_open
EV-506554,U1595,2026-05-04 23:46:00,checkout_start
EV-500926,U1087,2026-05-04 23:47:00,add_to_cart
EV-506330,U1575,2026-05-04 23:47:00,product_view
EV-506555,U1595,2026-05-04 23:47:00,payment_success
EV-501770,U1157,2026-05-04 23:49:00,product_view
EV-500927,U1087,2026-05-04 23:51:00,checkout_start
EV-506331,U1575,2026-05-04 23:51:00,add_to_cart
EV-500928,U1087,2026-05-04 23:52:00,payment_success
EV-501771,U1157,2026-05-04 23:53:00,add_to_cart
EV-506332,U1575,2026-05-04 23:54:00,checkout_start
EV-506333,U1575,2026-05-04 23:55:00,payment_success
EV-501772,U1157,2026-05-04 23:57:00,checkout_start
EV-506039,U1551,2026-05-05 23:16:00,app_open
EV-506040,U1551,2026-05-05 23:20:00,product_view
EV-506041,U1551,2026-05-05 23:24:00,product_view
EV-506042,U1551,2026-05-05 23:29:00,product_view
EV-500834,U1081,2026-05-05 23:32:00,app_open
EV-506043,U1551,2026-05-05 23:32:00,add_to_cart
EV-500835,U1081,2026-05-05 23:36:00,product_view
EV-506044,U1551,2026-05-05 23:36:00,checkout_start
EV-502237,U1204,2026-05-05 23:38:00,app_open
EV-506045,U1551,2026-05-05 23:38:00,payment_success
EV-500836,U1081,2026-05-05 23:40:00,add_to_cart
EV-505233,U1461,2026-05-05 23:40:00,app_open
EV-500837,U1081,2026-05-05 23:42:00,checkout_start
EV-502238,U1204,2026-05-05 23:43:00,product_view
EV-505234,U1461,2026-05-05 23:43:00,product_view
EV-500838,U1081,2026-05-05 23:44:00,payment_success
EV-505235,U1461,2026-05-05 23:46:00,add_to_cart
EV-502239,U1204,2026-05-05 23:47:00,product_view
EV-505236,U1461,2026-05-05 23:49:00,checkout_start
EV-501178,U1105,2026-05-05 23:50:00,app_open
EV-503129,U1279,2026-05-05 23:50:00,app_open
EV-502240,U1204,2026-05-05 23:51:00,add_to_cart
EV-503130,U1279,2026-05-05 23:52:00,product_view
EV-502241,U1204,2026-05-05 23:53:00,checkout_start
EV-502242,U1204,2026-05-05 23:54:00,payment_success
EV-503131,U1279,2026-05-05 23:54:00,product_view
EV-501179,U1105,2026-05-05 23:55:00,product_view
EV-503132,U1279,2026-05-05 23:56:00,add_to_cart
EV-501180,U1105,2026-05-05 23:57:00,add_to_cart
EV-503133,U1279,2026-05-05 23:58:00,checkout_start
EV-501181,U1105,2026-05-05 23:59:00,checkout_start
EV-501182,U1105,2026-05-06 00:00:00,payment_success
EV-501239,U1113,2026-05-06 23:32:00,app_open
EV-501183,U1105,2026-05-06 23:33:00,app_open
EV-501184,U1105,2026-05-06 23:35:00,product_view
EV-501240,U1113,2026-05-06 23:37:00,product_view
EV-501185,U1105,2026-05-06 23:38:00,product_view
EV-504301,U1376,2026-05-06 23:38:00,app_open
EV-506105,U1554,2026-05-06 23:38:00,app_open
EV-504302,U1376,2026-05-06 23:40:00,product_view
EV-506106,U1554,2026-05-06 23:41:00,product_view
EV-501186,U1105,2026-05-06 23:42:00,add_to_cart
EV-501241,U1113,2026-05-06 23:42:00,product_view
EV-504303,U1376,2026-05-06 23:42:00,product_view
EV-506107,U1554,2026-05-06 23:43:00,product_view
EV-501187,U1105,2026-05-06 23:44:00,checkout_start
EV-504304,U1376,2026-05-06 23:44:00,add_to_cart
EV-501242,U1113,2026-05-06 23:45:00,add_to_cart
EV-502912,U1264,2026-05-06 23:45:00,app_open
EV-501188,U1105,2026-05-06 23:46:00,payment_success
EV-504305,U1376,2026-05-06 23:46:00,checkout_start
EV-503886,U1343,2026-05-06 23:47:00,app_open
EV-506108,U1554,2026-05-06 23:47:00,add_to_cart
EV-502913,U1264,2026-05-06 23:48:00,product_view
EV-504306,U1376,2026-05-06 23:48:00,payment_success
EV-505032,U1437,2026-05-06 23:48:00,app_open
EV-501243,U1113,2026-05-06 23:49:00,checkout_start
EV-506109,U1554,2026-05-06 23:49:00,checkout_start
EV-503887,U1343,2026-05-06 23:50:00,product_view
EV-501244,U1113,2026-05-06 23:51:00,payment_success
EV-502914,U1264,2026-05-06 23:51:00,add_to_cart
EV-503888,U1343,2026-05-06 23:52:00,add_to_cart
EV-505033,U1437,2026-05-06 23:53:00,product_view
EV-502915,U1264,2026-05-06 23:54:00,checkout_start
EV-503889,U1343,2026-05-06 23:54:00,checkout_start
EV-502916,U1264,2026-05-06 23:55:00,payment_success
EV-505034,U1437,2026-05-06 23:58:00,product_view
EV-505035,U1437,2026-05-07 00:01:00,product_view
EV-505036,U1437,2026-05-07 00:03:00,add_to_cart
EV-505037,U1437,2026-05-07 00:06:00,checkout_start
EV-505038,U1437,2026-05-07 00:08:00,payment_success
EV-500839,U1081,2026-05-07 23:23:00,app_open
EV-502188,U1198,2026-05-07 23:23:00,app_open
EV-500840,U1081,2026-05-07 23:25:00,product_view
EV-506046,U1551,2026-05-07 23:26:00,app_open
EV-500841,U1081,2026-05-07 23:27:00,product_view
EV-502189,U1198,2026-05-07 23:28:00,product_view
EV-506047,U1551,2026-05-07 23:30:00,product_view
EV-500842,U1081,2026-05-07 23:31:00,product_view
EV-502190,U1198,2026-05-07 23:31:00,add_to_cart
EV-500843,U1081,2026-05-07 23:34:00,add_to_cart
EV-502191,U1198,2026-05-07 23:34:00,checkout_start
EV-505344,U1475,2026-05-07 23:35:00,app_open
EV-506048,U1551,2026-05-07 23:35:00,product_view
EV-502192,U1198,2026-05-07 23:36:00,payment_success
EV-500844,U1081,2026-05-07 23:37:00,checkout_start
EV-505345,U1475,2026-05-07 23:37:00,product_view
EV-500845,U1081,2026-05-07 23:38:00,payment_success
EV-506049,U1551,2026-05-07 23:38:00,add_to_cart
EV-506676,U1605,2026-05-07 23:38:00,app_open
EV-506872,U1619,2026-05-07 23:41:00,app_open
EV-505346,U1475,2026-05-07 23:42:00,product_view
EV-506050,U1551,2026-05-07 23:42:00,checkout_start
EV-506677,U1605,2026-05-07 23:42:00,product_view
EV-506051,U1551,2026-05-07 23:43:00,payment_success
EV-506873,U1619,2026-05-07 23:44:00,product_view
EV-505347,U1475,2026-05-07 23:45:00,product_view
EV-504420,U1385,2026-05-07 23:46:00,app_open
EV-506678,U1605,2026-05-07 23:47:00,product_view
EV-506874,U1619,2026-05-07 23:47:00,product_view
EV-501773,U1157,2026-05-07 23:49:00,app_open
EV-504421,U1385,2026-05-07 23:49:00,product_view
EV-505348,U1475,2026-05-07 23:49:00,add_to_cart
EV-506875,U1619,2026-05-07 23:49:00,product_view
EV-506679,U1605,2026-05-07 23:51:00,product_view
EV-504422,U1385,2026-05-07 23:52:00,add_to_cart
EV-506876,U1619,2026-05-07 23:52:00,add_to_cart
EV-501774,U1157,2026-05-07 23:53:00,product_view
EV-505349,U1475,2026-05-07 23:53:00,checkout_start
EV-506877,U1619,2026-05-07 23:54:00,checkout_start
EV-501775,U1157,2026-05-07 23:55:00,product_view
EV-504423,U1385,2026-05-07 23:55:00,checkout_start
EV-505350,U1475,2026-05-07 23:55:00,payment_success
EV-506680,U1605,2026-05-07 23:55:00,add_to_cart
EV-504424,U1385,2026-05-07 23:57:00,payment_success
EV-501776,U1157,2026-05-07 23:59:00,add_to_cart
EV-506681,U1605,2026-05-07 23:59:00,checkout_start
EV-501777,U1157,2026-05-08 00:01:00,checkout_start
EV-506682,U1605,2026-05-08 00:01:00,payment_success
EV-501778,U1157,2026-05-08 00:02:00,payment_success
EV-504769,U1415,2026-05-08 23:22:00,app_open
EV-504770,U1415,2026-05-08 23:26:00,product_view
EV-504771,U1415,2026-05-08 23:30:00,add_to_cart
EV-504772,U1415,2026-05-08 23:33:00,checkout_start
EV-502838,U1258,2026-05-08 23:34:00,app_open
EV-504773,U1415,2026-05-08 23:34:00,payment_success
EV-502839,U1258,2026-05-08 23:36:00,product_view
EV-502840,U1258,2026-05-08 23:40:00,product_view
EV-502841,U1258,2026-05-08 23:43:00,add_to_cart
EV-502842,U1258,2026-05-08 23:45:00,checkout_start
EV-502843,U1258,2026-05-08 23:46:00,payment_success
EV-504517,U1393,2026-05-08 23:47:00,app_open
EV-504518,U1393,2026-05-08 23:51:00,product_view
EV-504519,U1393,2026-05-08 23:56:00,product_view
EV-504520,U1393,2026-05-09 00:00:00,add_to_cart
EV-504521,U1393,2026-05-09 00:02:00,checkout_start
EV-504522,U1393,2026-05-09 00:03:00,payment_success
EV-503047,U1272,2026-05-09 23:24:00,app_open
EV-503048,U1272,2026-05-09 23:28:00,product_view
EV-501269,U1115,2026-05-09 23:32:00,app_open
EV-503049,U1272,2026-05-09 23:33:00,product_view
EV-503050,U1272,2026-05-09 23:35:00,add_to_cart
EV-501270,U1115,2026-05-09 23:36:00,product_view
EV-502084,U1189,2026-05-09 23:36:00,app_open
EV-503051,U1272,2026-05-09 23:37:00,checkout_start
EV-502085,U1189,2026-05-09 23:38:00,product_view
EV-503052,U1272,2026-05-09 23:39:00,payment_success
EV-501271,U1115,2026-05-09 23:40:00,product_view
EV-502086,U1189,2026-05-09 23:42:00,product_view
EV-501272,U1115,2026-05-09 23:43:00,product_view
EV-504523,U1393,2026-05-09 23:43:00,app_open
EV-502087,U1189,2026-05-09 23:44:00,product_view
EV-501273,U1115,2026-05-09 23:46:00,add_to_cart
EV-504524,U1393,2026-05-09 23:47:00,product_view
EV-502088,U1189,2026-05-09 23:48:00,add_to_cart
EV-504525,U1393,2026-05-09 23:49:00,product_view
EV-501274,U1115,2026-05-09 23:50:00,checkout_start
EV-502089,U1189,2026-05-09 23:50:00,checkout_start
EV-502090,U1189,2026-05-09 23:51:00,payment_success
EV-501275,U1115,2026-05-09 23:52:00,payment_success
EV-504526,U1393,2026-05-09 23:53:00,add_to_cart
EV-504527,U1393,2026-05-09 23:56:00,checkout_start
EV-503573,U1324,2026-05-10 23:16:00,app_open
EV-503574,U1324,2026-05-10 23:20:00,product_view
EV-503575,U1324,2026-05-10 23:22:00,product_view
EV-503576,U1324,2026-05-10 23:26:00,product_view
EV-503577,U1324,2026-05-10 23:28:00,add_to_cart
EV-506052,U1551,2026-05-10 23:29:00,app_open
EV-503578,U1324,2026-05-10 23:31:00,checkout_start
EV-503579,U1324,2026-05-10 23:32:00,payment_success
EV-506053,U1551,2026-05-10 23:34:00,product_view
EV-506054,U1551,2026-05-10 23:37:00,product_view
EV-506055,U1551,2026-05-10 23:42:00,product_view
EV-506056,U1551,2026-05-10 23:45:00,add_to_cart
EV-506057,U1551,2026-05-10 23:47:00,checkout_start
EV-500929,U1087,2026-05-10 23:48:00,app_open
EV-506058,U1551,2026-05-10 23:48:00,payment_success
EV-500930,U1087,2026-05-10 23:51:00,product_view
EV-500931,U1087,2026-05-10 23:53:00,product_view
EV-500932,U1087,2026-05-10 23:55:00,add_to_cart
EV-500933,U1087,2026-05-10 23:58:00,checkout_start
EV-500934,U1087,2026-05-11 00:00:00,payment_success
EV-504136,U1366,2026-05-11 23:20:00,app_open
EV-504137,U1366,2026-05-11 23:25:00,product_view
EV-504138,U1366,2026-05-11 23:29:00,product_view
EV-504139,U1366,2026-05-11 23:32:00,product_view
EV-504140,U1366,2026-05-11 23:35:00,add_to_cart
EV-504916,U1426,2026-05-11 23:37:00,app_open
EV-504141,U1366,2026-05-11 23:39:00,checkout_start
EV-504142,U1366,2026-05-11 23:41:00,payment_success
EV-504917,U1426,2026-05-11 23:41:00,product_view
EV-503273,U1289,2026-05-11 23:42:00,app_open
EV-503274,U1289,2026-05-11 23:45:00,product_view
EV-504918,U1426,2026-05-11 23:45:00,product_view
EV-503275,U1289,2026-05-11 23:49:00,add_to_cart
EV-504919,U1426,2026-05-11 23:49:00,add_to_cart
EV-503276,U1289,2026-05-11 23:52:00,checkout_start
EV-503277,U1289,2026-05-11 23:53:00,payment_success
EV-504920,U1426,2026-05-11 23:53:00,checkout_start
EV-504921,U1426,2026-05-11 23:54:00,payment_success
EV-504745,U1411,2026-05-12 23:20:00,app_open
EV-504746,U1411,2026-05-12 23:24:00,product_view
EV-504747,U1411,2026-05-12 23:27:00,product_view
EV-504748,U1411,2026-05-12 23:30:00,add_to_cart
EV-504749,U1411,2026-05-12 23:33:00,checkout_start
EV-504750,U1411,2026-05-12 23:35:00,payment_success
EV-502497,U1219,2026-05-13 23:33:00,app_open
EV-502498,U1219,2026-05-13 23:35:00,product_view
EV-502499,U1219,2026-05-13 23:39:00,product_view
EV-502500,U1219,2026-05-13 23:41:00,add_to_cart
EV-500935,U1087,2026-05-13 23:43:00,app_open
EV-502501,U1219,2026-05-13 23:43:00,checkout_start
EV-500936,U1087,2026-05-13 23:45:00,product_view
EV-502502,U1219,2026-05-13 23:45:00,payment_success
EV-500937,U1087,2026-05-13 23:50:00,product_view
EV-500938,U1087,2026-05-13 23:54:00,add_to_cart
EV-500939,U1087,2026-05-13 23:57:00,checkout_start
EV-500940,U1087,2026-05-13 23:59:00,payment_success
EV-502977,U1269,2026-05-14 23:21:00,app_open
EV-502340,U1207,2026-05-14 23:24:00,app_open
EV-502978,U1269,2026-05-14 23:26:00,product_view
EV-502341,U1207,2026-05-14 23:28:00,product_view
EV-502979,U1269,2026-05-14 23:28:00,product_view
EV-502980,U1269,2026-05-14 23:30:00,add_to_cart
EV-502342,U1207,2026-05-14 23:31:00,product_view
EV-502981,U1269,2026-05-14 23:33:00,checkout_start
EV-502343,U1207,2026-05-14 23:35:00,add_to_cart
EV-502982,U1269,2026-05-14 23:35:00,payment_success
EV-504697,U1406,2026-05-14 23:36:00,app_open
EV-502344,U1207,2026-05-14 23:37:00,checkout_start
EV-502345,U1207,2026-05-14 23:38:00,payment_success
EV-502728,U1249,2026-05-14 23:39:00,app_open
EV-504698,U1406,2026-05-14 23:40:00,product_view
EV-502729,U1249,2026-05-14 23:42:00,product_view
EV-504699,U1406,2026-05-14 23:44:00,add_to_cart
EV-502730,U1249,2026-05-14 23:45:00,add_to_cart
EV-504700,U1406,2026-05-14 23:47:00,checkout_start
EV-502731,U1249,2026-05-14 23:49:00,checkout_start
EV-504701,U1406,2026-05-14 23:49:00,payment_success
EV-502732,U1249,2026-05-14 23:50:00,payment_success
EV-504143,U1366,2026-05-15 23:16:00,app_open
EV-504307,U1376,2026-05-15 23:19:00,app_open
EV-504144,U1366,2026-05-15 23:20:00,product_view
EV-504145,U1366,2026-05-15 23:22:00,product_view
EV-504308,U1376,2026-05-15 23:22:00,product_view
EV-503425,U1313,2026-05-15 23:23:00,app_open
EV-504702,U1406,2026-05-15 23:23:00,app_open
EV-504146,U1366,2026-05-15 23:24:00,add_to_cart
EV-503426,U1313,2026-05-15 23:27:00,product_view
EV-504309,U1376,2026-05-15 23:27:00,product_view
EV-504147,U1366,2026-05-15 23:28:00,checkout_start
EV-504703,U1406,2026-05-15 23:28:00,product_view
EV-503427,U1313,2026-05-15 23:29:00,product_view
EV-504148,U1366,2026-05-15 23:30:00,payment_success
EV-503428,U1313,2026-05-15 23:31:00,add_to_cart
EV-504310,U1376,2026-05-15 23:31:00,add_to_cart
EV-504704,U1406,2026-05-15 23:32:00,product_view
EV-503429,U1313,2026-05-15 23:33:00,checkout_start
EV-504311,U1376,2026-05-15 23:34:00,checkout_start
EV-503430,U1313,2026-05-15 23:35:00,payment_success
EV-504312,U1376,2026-05-15 23:36:00,payment_success
EV-504705,U1406,2026-05-15 23:36:00,add_to_cart
EV-504706,U1406,2026-05-15 23:40:00,checkout_start
EV-504707,U1406,2026-05-15 23:41:00,payment_success
EV-502377,U1212,2026-05-16 23:25:00,app_open
EV-504708,U1406,2026-05-16 23:25:00,app_open
EV-502733,U1249,2026-05-16 23:28:00,app_open
EV-504709,U1406,2026-05-16 23:29:00,product_view
EV-502378,U1212,2026-05-16 23:30:00,product_view
EV-502734,U1249,2026-05-16 23:32:00,product_view
EV-504710,U1406,2026-05-16 23:32:00,product_view
EV-500802,U1080,2026-05-16 23:33:00,app_open
EV-502379,U1212,2026-05-16 23:33:00,product_view
EV-502380,U1212,2026-05-16 23:35:00,product_view
EV-502735,U1249,2026-05-16 23:35:00,product_view
EV-500803,U1080,2026-05-16 23:36:00,product_view
EV-504711,U1406,2026-05-16 23:36:00,add_to_cart
EV-502381,U1212,2026-05-16 23:37:00,add_to_cart
EV-500804,U1080,2026-05-16 23:39:00,add_to_cart
EV-504712,U1406,2026-05-16 23:39:00,checkout_start
EV-502736,U1249,2026-05-16 23:40:00,product_view
EV-502382,U1212,2026-05-16 23:41:00,checkout_start
EV-504713,U1406,2026-05-16 23:41:00,payment_success
EV-500805,U1080,2026-05-16 23:42:00,checkout_start
EV-502383,U1212,2026-05-16 23:43:00,payment_success
EV-502737,U1249,2026-05-16 23:44:00,add_to_cart
EV-502738,U1249,2026-05-16 23:46:00,checkout_start
EV-502739,U1249,2026-05-16 23:48:00,payment_success
EV-500806,U1080,2026-05-17 23:23:00,app_open
EV-500807,U1080,2026-05-17 23:27:00,product_view
EV-500808,U1080,2026-05-17 23:29:00,product_view
EV-500809,U1080,2026-05-17 23:34:00,product_view
EV-500810,U1080,2026-05-17 23:36:00,add_to_cart
EV-505731,U1517,2026-05-17 23:36:00,app_open
EV-500811,U1080,2026-05-17 23:38:00,checkout_start
EV-505732,U1517,2026-05-17 23:39:00,product_view
EV-500812,U1080,2026-05-17 23:40:00,payment_success
EV-505733,U1517,2026-05-17 23:44:00,product_view
EV-505734,U1517,2026-05-17 23:46:00,product_view
EV-505735,U1517,2026-05-17 23:48:00,add_to_cart
EV-505736,U1517,2026-05-17 23:50:00,checkout_start
EV-505737,U1517,2026-05-17 23:52:00,payment_success
EV-502193,U1198,2026-05-18 23:21:00,app_open
EV-506811,U1614,2026-05-18 23:21:00,app_open
EV-502194,U1198,2026-05-18 23:24:00,product_view
EV-506812,U1614,2026-05-18 23:25:00,product_view
EV-502195,U1198,2026-05-18 23:27:00,product_view
EV-506813,U1614,2026-05-18 23:28:00,add_to_cart
EV-505351,U1475,2026-05-18 23:29:00,app_open
EV-502196,U1198,2026-05-18 23:30:00,add_to_cart
EV-505352,U1475,2026-05-18 23:32:00,product_view
EV-506814,U1614,2026-05-18 23:32:00,checkout_start
EV-502197,U1198,2026-05-18 23:33:00,checkout_start
EV-506815,U1614,2026-05-18 23:33:00,payment_success
EV-504552,U1394,2026-05-18 23:35:00,app_open
EV-505353,U1475,2026-05-18 23:36:00,add_to_cart
EV-504553,U1394,2026-05-18 23:39:00,product_view
EV-505354,U1475,2026-05-18 23:39:00,checkout_start
EV-505355,U1475,2026-05-18 23:40:00,payment_success
EV-504554,U1394,2026-05-18 23:43:00,add_to_cart
EV-504555,U1394,2026-05-18 23:46:00,checkout_start
EV-504556,U1394,2026-05-18 23:47:00,payment_success
EV-502198,U1198,2026-05-19 23:25:00,app_open
EV-502199,U1198,2026-05-19 23:27:00,product_view
EV-502200,U1198,2026-05-19 23:31:00,product_view
EV-503674,U1331,2026-05-19 23:32:00,app_open
EV-500487,U1052,2026-05-19 23:33:00,app_open
EV-502201,U1198,2026-05-19 23:34:00,add_to_cart
EV-503675,U1331,2026-05-19 23:34:00,product_view
EV-503676,U1331,2026-05-19 23:36:00,product_view
EV-500488,U1052,2026-05-19 23:38:00,product_view
EV-502202,U1198,2026-05-19 23:38:00,checkout_start
EV-503677,U1331,2026-05-19 23:38:00,add_to_cart
EV-502203,U1198,2026-05-19 23:40:00,payment_success
EV-500489,U1052,2026-05-19 23:41:00,product_view
EV-503678,U1331,2026-05-19 23:41:00,checkout_start
EV-502988,U1270,2026-05-19 23:42:00,app_open
EV-503679,U1331,2026-05-19 23:42:00,payment_success
EV-502989,U1270,2026-05-19 23:44:00,product_view
EV-500490,U1052,2026-05-19 23:46:00,product_view
EV-502773,U1252,2026-05-19 23:48:00,app_open
EV-500491,U1052,2026-05-19 23:49:00,add_to_cart
EV-502990,U1270,2026-05-19 23:49:00,product_view
EV-502774,U1252,2026-05-19 23:50:00,product_view
EV-500492,U1052,2026-05-19 23:51:00,checkout_start
EV-502991,U1270,2026-05-19 23:51:00,product_view
EV-500493,U1052,2026-05-19 23:53:00,payment_success
EV-502992,U1270,2026-05-19 23:53:00,add_to_cart
EV-502775,U1252,2026-05-19 23:54:00,product_view
EV-502993,U1270,2026-05-19 23:56:00,checkout_start
EV-502994,U1270,2026-05-19 23:57:00,payment_success
EV-502776,U1252,2026-05-19 23:58:00,add_to_cart
EV-502777,U1252,2026-05-20 00:02:00,checkout_start
EV-502778,U1252,2026-05-20 00:03:00,payment_success
EV-502243,U1204,2026-05-20 23:24:00,app_open
EV-502244,U1204,2026-05-20 23:26:00,product_view
EV-502245,U1204,2026-05-20 23:29:00,product_view
EV-502246,U1204,2026-05-20 23:31:00,product_view
EV-502247,U1204,2026-05-20 23:35:00,add_to_cart
EV-502248,U1204,2026-05-20 23:39:00,checkout_start
EV-502917,U1264,2026-05-20 23:40:00,app_open
EV-502249,U1204,2026-05-20 23:41:00,payment_success
EV-502918,U1264,2026-05-20 23:45:00,product_view
EV-502919,U1264,2026-05-20 23:47:00,product_view
EV-505039,U1437,2026-05-20 23:48:00,app_open
EV-502920,U1264,2026-05-20 23:49:00,add_to_cart
EV-505040,U1437,2026-05-20 23:51:00,product_view
EV-502921,U1264,2026-05-20 23:53:00,checkout_start
EV-502922,U1264,2026-05-20 23:55:00,payment_success
EV-505041,U1437,2026-05-20 23:55:00,product_view
EV-505042,U1437,2026-05-20 23:59:00,product_view
EV-505043,U1437,2026-05-21 00:03:00,add_to_cart
EV-505044,U1437,2026-05-21 00:06:00,checkout_start
EV-505045,U1437,2026-05-21 00:08:00,payment_success
EV-506816,U1614,2026-05-21 23:21:00,app_open
EV-506817,U1614,2026-05-21 23:23:00,product_view
EV-502779,U1252,2026-05-21 23:24:00,app_open
EV-502780,U1252,2026-05-21 23:28:00,product_view
EV-506818,U1614,2026-05-21 23:28:00,product_view
EV-502781,U1252,2026-05-21 23:30:00,add_to_cart
EV-506819,U1614,2026-05-21 23:30:00,add_to_cart
EV-502782,U1252,2026-05-21 23:32:00,checkout_start
EV-506820,U1614,2026-05-21 23:32:00,checkout_start
EV-502783,U1252,2026-05-21 23:34:00,payment_success
EV-506821,U1614,2026-05-21 23:34:00,payment_success
EV-505539,U1487,2026-05-22 23:31:00,app_open
EV-505540,U1487,2026-05-22 23:34:00,product_view
EV-505541,U1487,2026-05-22 23:36:00,add_to_cart
EV-500813,U1080,2026-05-22 23:39:00,app_open
EV-505542,U1487,2026-05-22 23:40:00,checkout_start
EV-505543,U1487,2026-05-22 23:42:00,payment_success
EV-500814,U1080,2026-05-22 23:43:00,product_view
EV-500815,U1080,2026-05-22 23:47:00,add_to_cart
EV-500816,U1080,2026-05-22 23:51:00,checkout_start
EV-500817,U1080,2026-05-22 23:53:00,payment_success
EV-505046,U1437,2026-05-23 23:20:00,app_open
EV-505047,U1437,2026-05-23 23:22:00,product_view
EV-505048,U1437,2026-05-23 23:26:00,product_view
EV-506683,U1605,2026-05-23 23:28:00,app_open
EV-505049,U1437,2026-05-23 23:29:00,add_to_cart
EV-503431,U1313,2026-05-23 23:31:00,app_open
EV-505050,U1437,2026-05-23 23:32:00,checkout_start
EV-506684,U1605,2026-05-23 23:32:00,product_view
EV-505051,U1437,2026-05-23 23:34:00,payment_success
EV-506685,U1605,2026-05-23 23:35:00,product_view
EV-503432,U1313,2026-05-23 23:36:00,product_view
EV-506686,U1605,2026-05-23 23:37:00,add_to_cart
EV-503433,U1313,2026-05-23 23:39:00,add_to_cart
EV-506687,U1605,2026-05-23 23:41:00,checkout_start
EV-503434,U1313,2026-05-23 23:43:00,checkout_start
EV-503435,U1313,2026-05-23 23:45:00,payment_success
EV-504149,U1366,2026-05-23 23:48:00,app_open
EV-504150,U1366,2026-05-23 23:51:00,product_view
EV-504151,U1366,2026-05-23 23:55:00,product_view
EV-504152,U1366,2026-05-23 23:57:00,add_to_cart
EV-504153,U1366,2026-05-23 23:59:00,checkout_start
EV-504154,U1366,2026-05-24 00:00:00,payment_success
EV-503237,U1286,2026-05-24 23:16:00,app_open
EV-503238,U1286,2026-05-24 23:21:00,product_view
EV-503239,U1286,2026-05-24 23:25:00,product_view
EV-503240,U1286,2026-05-24 23:28:00,product_view
EV-503241,U1286,2026-05-24 23:31:00,add_to_cart
EV-503242,U1286,2026-05-24 23:34:00,checkout_start
EV-503243,U1286,2026-05-24 23:35:00,payment_success
EV-505831,U1530,2026-05-25 23:39:00,app_open
EV-505832,U1530,2026-05-25 23:42:00,product_view
EV-505833,U1530,2026-05-25 23:44:00,add_to_cart
EV-505834,U1530,2026-05-25 23:46:00,checkout_start
EV-505835,U1530,2026-05-25 23:47:00,payment_success
EV-502995,U1270,2026-05-26 23:30:00,app_open
EV-502996,U1270,2026-05-26 23:34:00,product_view
EV-502997,U1270,2026-05-26 23:38:00,product_view
EV-502998,U1270,2026-05-26 23:41:00,add_to_cart
EV-502999,U1270,2026-05-26 23:43:00,checkout_start
EV-503000,U1270,2026-05-26 23:44:00,payment_success
EV-503059,U1273,2026-05-26 23:50:00,app_open
EV-503060,U1273,2026-05-26 23:53:00,product_view
EV-503061,U1273,2026-05-26 23:57:00,product_view
EV-503062,U1273,2026-05-27 00:02:00,product_view
EV-503063,U1273,2026-05-27 00:06:00,add_to_cart
EV-503064,U1273,2026-05-27 00:10:00,checkout_start
EV-503065,U1273,2026-05-27 00:11:00,payment_success
EV-503680,U1331,2026-05-27 23:35:00,app_open
EV-506878,U1619,2026-05-27 23:35:00,app_open
EV-502250,U1204,2026-05-27 23:37:00,app_open
EV-506879,U1619,2026-05-27 23:37:00,product_view
EV-503681,U1331,2026-05-27 23:38:00,product_view
EV-506880,U1619,2026-05-27 23:40:00,product_view
EV-502251,U1204,2026-05-27 23:41:00,product_view
EV-503682,U1331,2026-05-27 23:41:00,product_view
EV-501406,U1127,2026-05-27 23:43:00,app_open
EV-502252,U1204,2026-05-27 23:43:00,product_view
EV-503683,U1331,2026-05-27 23:43:00,product_view
EV-502253,U1204,2026-05-27 23:45:00,product_view
EV-506881,U1619,2026-05-27 23:45:00,product_view
EV-501407,U1127,2026-05-27 23:47:00,product_view
EV-503684,U1331,2026-05-27 23:47:00,add_to_cart
EV-506882,U1619,2026-05-27 23:47:00,add_to_cart
EV-502254,U1204,2026-05-27 23:48:00,add_to_cart
EV-502255,U1204,2026-05-27 23:50:00,checkout_start
EV-503685,U1331,2026-05-27 23:50:00,checkout_start
EV-506883,U1619,2026-05-27 23:50:00,checkout_start
EV-501408,U1127,2026-05-27 23:51:00,product_view
EV-502256,U1204,2026-05-27 23:52:00,payment_success
EV-503686,U1331,2026-05-27 23:52:00,payment_success
EV-506884,U1619,2026-05-27 23:52:00,payment_success
EV-501409,U1127,2026-05-27 23:56:00,product_view
EV-501410,U1127,2026-05-27 23:59:00,add_to_cart
EV-501411,U1127,2026-05-28 00:02:00,checkout_start
EV-501412,U1127,2026-05-28 00:03:00,payment_success
EV-505544,U1487,2026-05-28 23:16:00,app_open
EV-505545,U1487,2026-05-28 23:18:00,product_view
EV-505546,U1487,2026-05-28 23:20:00,add_to_cart
EV-505547,U1487,2026-05-28 23:24:00,checkout_start
EV-505548,U1487,2026-05-28 23:25:00,payment_success
EV-505052,U1437,2026-05-28 23:40:00,app_open
EV-504313,U1376,2026-05-28 23:44:00,app_open
EV-505053,U1437,2026-05-28 23:44:00,product_view
EV-505054,U1437,2026-05-28 23:47:00,product_view
EV-504314,U1376,2026-05-28 23:49:00,product_view
EV-505055,U1437,2026-05-28 23:50:00,add_to_cart
EV-504315,U1376,2026-05-28 23:52:00,product_view
EV-505056,U1437,2026-05-28 23:54:00,checkout_start
EV-504316,U1376,2026-05-28 23:56:00,add_to_cart
EV-505057,U1437,2026-05-28 23:56:00,payment_success
EV-504317,U1376,2026-05-28 23:58:00,checkout_start
EV-504318,U1376,2026-05-29 00:00:00,payment_success
EV-503580,U1324,2026-05-29 23:31:00,app_open
EV-503581,U1324,2026-05-29 23:36:00,product_view
EV-503582,U1324,2026-05-29 23:38:00,add_to_cart
EV-503583,U1324,2026-05-29 23:40:00,checkout_start
EV-503584,U1324,2026-05-29 23:42:00,payment_success
EV-503066,U1273,2026-05-30 23:24:00,app_open
EV-503067,U1273,2026-05-30 23:28:00,product_view
EV-503068,U1273,2026-05-30 23:31:00,product_view
EV-504774,U1415,2026-05-30 23:33:00,app_open
EV-503069,U1273,2026-05-30 23:35:00,product_view
EV-504775,U1415,2026-05-30 23:36:00,product_view
EV-501189,U1105,2026-05-30 23:37:00,app_open
EV-503070,U1273,2026-05-30 23:39:00,add_to_cart
EV-504776,U1415,2026-05-30 23:39:00,product_view
EV-501190,U1105,2026-05-30 23:40:00,product_view
EV-506688,U1605,2026-05-30 23:40:00,app_open
EV-503071,U1273,2026-05-30 23:43:00,checkout_start
EV-504777,U1415,2026-05-30 23:43:00,product_view
EV-506689,U1605,2026-05-30 23:43:00,product_view
EV-501191,U1105,2026-05-30 23:45:00,product_view
EV-503072,U1273,2026-05-30 23:45:00,payment_success
EV-504778,U1415,2026-05-30 23:45:00,add_to_cart
EV-501192,U1105,2026-05-30 23:47:00,add_to_cart
EV-504779,U1415,2026-05-30 23:47:00,checkout_start
EV-506690,U1605,2026-05-30 23:47:00,product_view
EV-501193,U1105,2026-05-30 23:49:00,checkout_start
EV-504780,U1415,2026-05-30 23:49:00,payment_success
EV-501194,U1105,2026-05-30 23:50:00,payment_success
EV-506691,U1605,2026-05-30 23:50:00,add_to_cart
EV-506692,U1605,2026-05-30 23:52:00,checkout_start
EV-506693,U1605,2026-05-30 23:53:00,payment_success
